사고번호,사고일시,요일,시군구,사고내용,사망자수,중상자수,경상자수,부상신고자수,사고유형,법규위반,노면상태,기상상태,도로형태,가해운전자 차종,가해운전자 성별,가해운전자 연령,가해운전자 상해정도,피해운전자 차종,피해운전자 성별,피해운전자 연령,피해운전자 상해정도
2023011800100401,2023년 1월 18일 18시,수요일,전라북도 군산시 나운동,경상사고,0,0,2,0,차대차 - 측면충돌,직진우회전진행방해,건조,맑음,교차로 - 교차로안,승용,남,68세,상해없음,승용,남,73세,경상
2023011800100402,2023년 1월 18일 18시,수요일,전라북도 남원시 왕정동,경상사고,0,0,1,0,차대차 - 측면충돌,차로위반,건조,맑음,단일로 - 기타,자전거,여,61세,경상,승용,남,47세,상해없음
2023011800100469,2023년 1월 18일 20시,수요일,전라북도 군산시 대야면,중상사고,0,1,0,0,차대사람 - 횡단중,안전운전불이행,건조,맑음,교차로 - 교차로부근,승용,여,30세,상해없음,보행자,여,39세,중상
2023011800100493,2023년 1월 18일 21시,수요일,전라북도 전주시 완산구 중화산동2가,중상사고,0,1,1,0,차대차 - 정면충돌,신호위반,건조,맑음,단일로 - 기타,승용,여,59세,기타불명,승용,남,65세,경상
2023011800100530,2023년 1월 18일 23시,수요일,전라북도 정읍시 시기동,경상사고,0,0,2,0,차대차 - 기타,직진우회전진행방해,건조,맑음,교차로 - 교차로안,승용,남,38세,경상,승용,남,61세,경상
2023011900100083,2023년 1월 19일 08시,목요일,전라북도 정읍시 상동,중상사고,0,2,0,0,차대사람 - 횡단중,보행자보호의무위반,건조,맑음,교차로 - 교차로횡단보도내,화물,남,65세,상해없음,보행자,여,11세,중상
2023011900100166,2023년 1월 19일 11시,목요일,전라북도 군산시 산북동,경상사고,0,0,2,0,차대차 - 측면충돌,신호위반,건조,맑음,교차로 - 교차로안,승용,남,70세,경상,승용,여,63세,경상
2023011900100277,2023년 1월 19일 15시,목요일,전라북도 군산시 조촌동,경상사고,0,0,2,0,차대차 - 측면충돌,안전운전불이행,건조,맑음,교차로 - 교차로안,승용,남,57세,경상,승용,여,64세,경상
2023011900100278,2023년 1월 19일 15시,목요일,전라북도 익산시 금강동,경상사고,0,0,2,0,차대차 - 추돌,안전거리미확보,건조,맑음,단일로 - 기타,승용,남,60세,상해없음,승용,남,26세,경상
2023011900100313,2023년 1월 19일 16시,목요일,전라북도 전주시 덕진구 우아동3가,경상사고,0,0,1,0,차대차 - 측면충돌,신호위반,건조,맑음,교차로 - 교차로안,승용,남,26세,상해없음,승용,남,64세,경상
2023011900100314,2023년 1월 19일 16시,목요일,전라북도 전주시 덕진구 진북동,경상사고,0,0,1,0,차대차 - 측면충돌,안전운전불이행,건조,맑음,교차로 - 교차로안,승용,여,54세,상해없음,승용,여,36세,경상
2023011900100315,2023년 1월 19일 16시,목요일,전라북도 무주군 설천면,경상사고,0,0,1,0,차대차 - 후진중충돌,안전운전불이행,건조,맑음,단일로 - 지하차도(도로)내,승용,남,60세,상해없음,승용,남,24세,경상
2023011900100347,2023년 1월 19일 17시,목요일,전라북도 전주시 덕진구 송천동1가,경상사고,0,0,2,0,차대차 - 측면충돌,신호위반,건조,맑음,단일로 - 기타,승용,여,64세,상해없음,승용,여,44세,경상
2023011900100348,2023년 1월 19일 17시,목요일,전라북도 남원시 하정동,경상사고,0,0,3,0,차대차 - 측면충돌,안전운전불이행,건조,맑음,교차로 - 교차로부근,승용,남,68세,상해없음,승용,남,39세,경상
2023011900100443,2023년 1월 19일 19시,목요일,전라북도 군산시 지곡동,경상사고,0,0,2,0,차대차 - 추돌,안전운전불이행,건조,맑음,교차로 - 교차로부근,승용,남,40세,경상,승용,남,46세,경상
2023011900100553,2023년 1월 19일 23시,목요일,전라북도 익산시 낭산면,경상사고,0,0,1,0,차대차 - 측면충돌,신호위반,건조,맑음,교차로 - 교차로안,승용,남,57세,상해없음,승용,남,27세,경상
2023012000100021,2023년 1월 20일 01시,금요일,전라북도 전주시 덕진구 진북동,경상사고,0,0,1,0,차대차 - 정면충돌,중앙선침범,건조,맑음,교차로 - 교차로안,승용,남,32세,상해없음,승용,여,23세,경상
2023012000100091,2023년 1월 20일 08시,금요일,전라북도 전주시 덕진구 송천동1가,중상사고,0,1,0,0,차대사람 - 횡단중,안전운전불이행,건조,맑음,단일로 - 지하차도(도로)내,승용,남,29세,상해없음,보행자,여,15세,중상
2023012000100092,2023년 1월 20일 08시,금요일,전라북도 남원시 금지면,경상사고,0,0,1,0,차대차 - 측면충돌,중앙선침범,서리/결빙,맑음,단일로 - 기타,승용,남,36세,상해없음,승용,남,38세,경상
2023012000100161,2023년 1월 20일 10시,금요일,전라북도 군산시 미룡동,중상사고,0,1,0,0,차대차 - 기타,안전운전불이행,건조,맑음,주차장 - 주차장,승용,여,39세,상해없음,자전거,여,70세,중상
2023012000100197,2023년 1월 20일 11시,금요일,전라북도 전주시 완산구 삼천동1가,경상사고,0,0,1,0,차대차 - 측면충돌,안전운전불이행,건조,맑음,교차로 - 교차로부근,승용,남,63세,상해없음,승용,남,31세,경상
2023012000100198,2023년 1월 20일 11시,금요일,전라북도 군산시 조촌동,경상사고,0,0,2,0,차대차 - 측면충돌,직진우회전진행방해,건조,맑음,교차로 - 교차로안,승용,남,60세,상해없음,승용,여,29세,경상
2023012000100242,2023년 1월 20일 12시,금요일,전라북도 익산시 마동,중상사고,0,1,0,0,차대차 - 측면충돌,안전운전불이행,건조,맑음,단일로 - 기타,승합,남,56세,상해없음,자전거,여,69세,중상
2023012000100243,2023년 1월 20일 12시,금요일,전라북도 정읍시 시기동,중상사고,0,1,0,0,차대사람 - 기타,안전운전불이행,건조,맑음,단일로 - 기타,승용,남,85세,상해없음,보행자,여,83세,중상
2023012000100244,2023년 1월 20일 12시,금요일,전라북도 임실군 관촌면,경상사고,0,0,4,0,차대차 - 측면충돌,안전운전불이행,건조,맑음,교차로 - 교차로안,승용,남,77세,상해없음,승용,여,37세,경상
2023012000100318,2023년 1월 20일 14시,금요일,전라북도 전주시 완산구 서노송동,경상사고,0,0,1,0,차대차 - 정면충돌,중앙선침범,건조,맑음,단일로 - 기타,승용,여,65세,상해없음,이륜,남,77세,경상
2023012000100319,2023년 1월 20일 14시,금요일,전라북도 전주시 덕진구 송천동2가,경상사고,0,0,2,0,차대차 - 측면충돌,안전운전불이행,건조,맑음,교차로 - 교차로안,화물,남,18세,상해없음,승용,남,42세,경상
2023012000100320,2023년 1월 20일 14시,금요일,전라북도 전주시 덕진구 남정동,중상사고,0,1,0,0,차대차 - 정면충돌,중앙선침범,건조,맑음,단일로 - 지하차도(도로)내,승용,여,69세,상해없음,승용,남,33세,중상
2023012000100321,2023년 1월 20일 14시,금요일,전라북도 전주시 덕진구 송천동1가,경상사고,0,0,4,0,차대차 - 기타,신호위반,건조,맑음,교차로 - 교차로안,승용,남,65세,상해없음,승용,남,45세,경상
2023012000100322,2023년 1월 20일 14시,금요일,전라북도 순창군 순창읍,경상사고,0,0,1,0,차대사람 - 기타,안전운전불이행,건조,맑음,기타 - 기타,승용,여,47세,상해없음,보행자,여,88세,경상
2023012000100367,2023년 1월 20일 15시,금요일,전라북도 진안군 진안읍,사망사고,1,0,0,0,차량단독 - 공작물충돌,중앙선침범,건조,맑음,단일로 - 기타,화물,남,59세,사망,,,,
2023012000100427,2023년 1월 20일 16시,금요일,전라북도 임실군 덕치면,중상사고,0,1,0,0,차대차 - 정면충돌,중앙선침범,건조,맑음,단일로 - 기타,화물,남,61세,상해없음,승용,남,64세,중상
2023012100100094,2023년 1월 21일 09시,토요일,전라북도 군산시 임피면,경상사고,0,0,1,0,차대사람 - 기타,안전운전불이행,건조,맑음,기타 - 기타,승용,남,36세,상해없음,보행자,남,50세,경상
2023012100100095,2023년 1월 21일 09시,토요일,전라북도 김제시 요촌동,사망사고,1,0,0,0,차대사람 - 횡단중,안전운전불이행,건조,맑음,단일로 - 지하차도(도로)내,승용,여,57세,상해없음,보행자,여,80세,사망
2023012100100116,2023년 1월 21일 10시,토요일,전라북도 익산시 모현동1가,부상신고사고,0,0,0,1,차대사람 - 횡단중,안전운전불이행,건조,맑음,단일로 - 기타,승용,남,56세,상해없음,보행자,남,36세,부상신고
2023012100100117,2023년 1월 21일 10시,토요일,전라북도 익산시 신동,경상사고,0,0,2,0,차대차 - 측면충돌,직진우회전진행방해,건조,맑음,교차로 - 교차로안,승용,남,54세,상해없음,승용,남,51세,경상
2023012100100152,2023년 1월 21일 11시,토요일,전라북도 군산시 서흥남동,중상사고,0,1,0,0,차대차 - 정면충돌,신호위반,건조,맑음,교차로 - 교차로안,승용,남,58세,상해없음,승용,남,51세,중상
2023012100100205,2023년 1월 21일 13시,토요일,전라북도 익산시 어양동,경상사고,0,0,2,0,차대차 - 추돌,안전운전불이행,건조,맑음,단일로 - 기타,승용,남,72세,상해없음,승용,여,41세,경상
2023012100100230,2023년 1월 21일 14시,토요일,전라북도 익산시 모현동1가,경상사고,0,0,1,0,차대사람 - 횡단중,보행자보호의무위반,건조,맑음,교차로 - 교차로횡단보도내,승용,여,64세,상해없음,보행자,여,50세,경상
2023012100100254,2023년 1월 21일 15시,토요일,전라북도 전주시 완산구 중화산동2가,경상사고,0,0,1,0,차대차 - 추돌,안전운전불이행,건조,맑음,단일로 - 교량,특수,남,34세,상해없음,승용,여,41세,경상
2023012100100271,2023년 1월 21일 16시,토요일,전라북도 군산시 영화동,경상사고,0,0,1,0,차대차 - 정면충돌,중앙선침범,건조,맑음,교차로 - 교차로부근,승용,여,26세,상해없음,승용,여,46세,경상
2023012200100008,2023년 1월 22일 00시,일요일,전라북도 전주시 덕진구 용정동,중상사고,0,1,0,0,차대차 - 추돌,안전운전불이행,건조,맑음,단일로 - 기타,승용,여,23세,상해없음,승용,남,42세,중상
2023012200100096,2023년 1월 22일 12시,일요일,전라북도 전주시 덕진구 덕진동1가,경상사고,0,0,4,0,차대차 - 측면충돌,교차로운행방법위반,건조,맑음,교차로 - 교차로안,승용,남,58세,상해없음,승용,남,38세,경상
2023012200100131,2023년 1월 22일 14시,일요일,전라북도 군산시 대명동,경상사고,0,0,1,0,차대차 - 후진중충돌,안전운전불이행,건조,맑음,교차로 - 교차로안,승용,여,15세,상해없음,승용,여,49세,경상
2023012200100155,2023년 1월 22일 15시,일요일,전라북도 군산시 소룡동,경상사고,0,0,1,0,차대차 - 추돌,안전운전불이행,건조,맑음,교차로 - 교차로부근,승용,남,61세,상해없음,이륜,남,44세,경상
2023012200100195,2023년 1월 22일 18시,일요일,전라북도 군산시 수송동,경상사고,0,0,1,0,차대사람 - 기타,안전운전불이행,건조,맑음,단일로 - 지하차도(도로)내,기타불명,기타불명,미분류,기타불명,보행자,여,40세,경상
2023012200100221,2023년 1월 22일 19시,일요일,전라북도 군산시 경암동,중상사고,0,1,0,0,차대차 - 측면충돌,안전운전불이행,건조,맑음,교차로 - 교차로횡단보도내,승용,남,40세,상해없음,자전거,여,71세,중상
2023012200100279,2023년 1월 22일 23시,일요일,전라북도 전주시 덕진구 덕진동1가,중상사고,0,1,0,0,차대사람 - 기타,안전운전불이행,건조,맑음,단일로 - 기타,승용,남,56세,상해없음,보행자,남,27세,중상
2023012300100022,2023년 1월 23일 02시,월요일,전라북도 군산시 수송동,경상사고,0,0,1,0,차대사람 - 횡단중,안전운전불이행,건조,맑음,교차로 - 교차로안,승용,남,22세,상해없음,보행자,남,26세,경상
2023012300100033,2023년 1월 23일 04시,월요일,전라북도 익산시 동산동,경상사고,0,0,1,0,차대차 - 측면충돌,직진우회전진행방해,건조,맑음,단일로 - 기타,승용,남,26세,상해없음,승용,남,56세,경상
2023012300100039,2023년 1월 23일 06시,월요일,전라북도 정읍시 고부면,경상사고,0,0,1,0,차대차 - 정면충돌,중앙선침범,건조,맑음,단일로 - 기타,화물,남,34세,상해없음,화물,남,64세,경상
2023012300100051,2023년 1월 23일 08시,월요일,전라북도 익산시 어양동,경상사고,0,0,1,0,차대사람 - 횡단중,안전운전불이행,건조,맑음,단일로 - 기타,승용,남,25세,상해없음,보행자,여,69세,경상
2023012300100110,2023년 1월 23일 12시,월요일,전라북도 군산시 개정면,경상사고,0,0,4,0,차대차 - 추돌,기타,건조,맑음,단일로 - 기타,승용,남,72세,상해없음,승용,남,26세,경상
2023012300100111,2023년 1월 23일 12시,월요일,전라북도 익산시 주현동,중상사고,0,1,0,0,차대차 - 기타,안전운전불이행,건조,맑음,단일로 - 기타,화물,남,67세,상해없음,이륜,남,41세,중상
2023012300100154,2023년 1월 23일 14시,월요일,전라북도 전주시 덕진구 송천동2가,중상사고,0,1,0,0,차대차 - 측면충돌,안전운전불이행,건조,맑음,단일로 - 기타,승용,남,19세,상해없음,이륜,남,20세,중상
2023012300100200,2023년 1월 23일 16시,월요일,전라북도 군산시 오식도동,중상사고,0,1,3,0,차대차 - 측면충돌,안전운전불이행,건조,맑음,교차로 - 교차로안,이륜,남,61세,중상,승용,남,45세,경상
2023012300100219,2023년 1월 23일 17시,월요일,전라북도 전주시 덕진구 인후동1가,경상사고,0,0,1,0,차대차 - 측면충돌,안전운전불이행,건조,맑음,교차로 - 교차로안,승용,여,23세,상해없음,이륜,남,39세,경상
2023012300100276,2023년 1월 23일 19시,월요일,전라북도 군산시 미장동,경상사고,0,0,1,0,차대차 - 추돌,안전운전불이행,건조,맑음,단일로 - 기타,승용,남,49세,상해없음,승용,남,30세,상해없음
2023012300100348,2023년 1월 23일 23시,월요일,전라북도 전주시 덕진구 덕진동1가,경상사고,0,0,1,0,차대사람 - 차도통행중,안전운전불이행,건조,흐림,단일로 - 기타,승용,남,21세,상해없음,보행자,남,26세,경상
2023012400100007,2023년 1월 24일 00시,화요일,전라북도 김제시 요촌동,경상사고,0,0,1,0,차대사람 - 차도통행중,안전운전불이행,건조,맑음,단일로 - 기타,승용,남,69세,상해없음,보행자,남,53세,경상
2023012400100155,2023년 1월 24일 14시,화요일,전라북도 군산시 미장동,중상사고,0,1,0,0,차대차 - 측면충돌,신호위반,건조,맑음,교차로 - 교차로안,승용,남,54세,상해없음,승용,남,36세,중상
2023012400100156,2023년 1월 24일 14시,화요일,전라북도 고창군 해리면,중상사고,0,1,0,0,차대차 - 측면충돌,교차로운행방법위반,적설,눈,교차로 - 교차로안,승용,남,76세,상해없음,승용,여,58세,중상
2023012400100251,2023년 1월 24일 19시,화요일,전라북도 군산시 구암동,경상사고,0,0,1,0,차대차 - 추돌,안전운전불이행,건조,맑음,교차로 - 교차로부근,승용,남,54세,상해없음,승용,여,40세,경상
2023012500100031,2023년 1월 25일 06시,수요일,전라북도 전주시 완산구 서노송동,중상사고,0,2,1,0,차대차 - 측면충돌,신호위반,건조,맑음,교차로 - 교차로안,이륜,남,27세,중상,승합,남,66세,경상
2023012500100062,2023년 1월 25일 08시,수요일,전라북도 익산시 모현동1가,경상사고,0,0,1,0,차대사람 - 횡단중,신호위반,건조,맑음,교차로 - 교차로안,승용,여,49세,상해없음,보행자,남,73세,경상
2023012500100091,2023년 1월 25일 09시,수요일,전라북도 정읍시 연지동,경상사고,0,0,1,0,차대차 - 추돌,안전거리미확보,서리/결빙,맑음,단일로 - 기타,승용,여,62세,상해없음,승합,남,54세,상해없음
2023012500100143,2023년 1월 25일 11시,수요일,전라북도 군산시 영화동,경상사고,0,0,3,0,차대차 - 측면충돌,안전운전불이행,건조,맑음,교차로 - 교차로안,화물,남,64세,상해없음,승용,남,63세,경상
2023012500100144,2023년 1월 25일 11시,수요일,전라북도 완주군 삼례읍,경상사고,0,0,1,0,차대사람 - 횡단중,보행자보호의무위반,건조,맑음,교차로 - 교차로안,승용,여,62세,상해없음,보행자,여,20세,경상
2023012500100171,2023년 1월 25일 12시,수요일,전라북도 전주시 완산구 효자동3가,경상사고,0,0,1,0,차대차 - 기타,안전거리미확보,건조,맑음,단일로 - 기타,승용,남,33세,기타불명,승용,여,31세,경상
2023012500100172,2023년 1월 25일 12시,수요일,전라북도 부안군 행안면,경상사고,0,0,4,0,차대차 - 측면충돌,안전운전불이행,젖음/습기,맑음,교차로 - 교차로안,승용,여,21세,상해없음,승용,남,49세,경상
2023012500100229,2023년 1월 25일 14시,수요일,전라북도 전주시 덕진구 송천동2가,경상사고,0,0,1,0,차대사람 - 횡단중,보행자보호의무위반,건조,맑음,교차로 - 교차로횡단보도내,승합,남,42세,상해없음,보행자,여,23세,경상
2023012500100230,2023년 1월 25일 14시,수요일,전라북도 익산시 마동,경상사고,0,0,4,0,차대차 - 기타,안전운전불이행,건조,맑음,단일로 - 기타,승용,남,68세,상해없음,승용,남,26세,경상
2023012500100231,2023년 1월 25일 14시,수요일,전라북도 남원시 사매면,중상사고,0,1,0,0,차량단독 - 전도전복 - 전도,안전운전불이행,건조,맑음,기타 - 기타,건설기계,남,50세,중상,,,,
2023012500100266,2023년 1월 25일 15시,수요일,전라북도 전주시 완산구 평화동2가,경상사고,0,0,3,0,차대차 - 추돌,안전거리미확보,건조,맑음,단일로 - 기타,승용,남,30세,상해없음,승용,여,41세,경상
2023012500100300,2023년 1월 25일 16시,수요일,전라북도 익산시 마동,경상사고,0,0,2,0,차대차 - 측면충돌,교차로운행방법위반,건조,맑음,교차로 - 교차로안,승용,남,72세,상해없음,이륜,남,48세,경상
2023012500100301,2023년 1월 25일 16시,수요일,전라북도 부안군 부안읍,경상사고,0,0,1,0,차대차 - 측면충돌,안전운전불이행,건조,맑음,교차로 - 교차로안,화물,남,59세,상해없음,승용,남,19세,경상
2023012500100365,2023년 1월 25일 18시,수요일,전라북도 정읍시 태인면,중상사고,0,1,0,0,차대사람 - 횡단중,안전운전불이행,건조,맑음,기타 - 기타,승용,여,45세,상해없음,보행자,여,84세,중상
2023012500100394,2023년 1월 25일 19시,수요일,전라북도 전주시 덕진구 진북동,경상사고,0,0,2,0,차대차 - 측면충돌,신호위반,건조,맑음,교차로 - 교차로안,승용,남,58세,상해없음,승용,남,35세,경상
2023012500100395,2023년 1월 25일 19시,수요일,전라북도 익산시 어양동,경상사고,0,0,1,0,차대차 - 측면충돌,중앙선침범,건조,맑음,교차로 - 교차로부근,승용,남,62세,상해없음,승용,남,27세,경상
2023012500100396,2023년 1월 25일 19시,수요일,전라북도 김제시 황산면,경상사고,0,0,5,0,차대차 - 추돌,안전운전불이행,건조,맑음,교차로 - 교차로부근,승용,남,28세,상해없음,화물,남,67세,경상
2023012600100048,2023년 1월 26일 07시,목요일,전라북도 정읍시 정우면,경상사고,0,0,1,0,차대차 - 측면충돌,안전거리미확보,건조,맑음,단일로 - 기타,승용,남,56세,상해없음,승용,남,24세,경상
2023012600100049,2023년 1월 26일 07시,목요일,전라북도 전주시 덕진구 장동,중상사고,0,1,0,0,차대차 - 추돌,안전운전불이행,건조,맑음,단일로 - 기타,승용,여,41세,상해없음,화물,남,54세,중상
2023012600100062,2023년 1월 26일 08시,목요일,전라북도 정읍시 고부면,중상사고,0,1,1,0,차대차 - 기타,신호위반,젖음/습기,흐림,교차로 - 교차로안,화물,남,60세,중상,화물,남,55세,경상
2023012600100063,2023년 1월 26일 08시,목요일,전라북도 김제시 백산면,경상사고,0,0,4,0,차대차 - 측면충돌,기타,건조,맑음,단일로 - 기타,승용,남,36세,상해없음,승용,남,57세,경상
2023012600100145,2023년 1월 26일 13시,목요일,전라북도 군산시 나운동,중상사고,0,1,0,0,차대차 - 측면충돌,신호위반,젖음/습기,비,교차로 - 교차로안,승용,남,66세,상해없음,승용,여,61세,중상
2023012600100163,2023년 1월 26일 14시,목요일,전라북도 김제시 신덕동,사망사고,1,1,1,0,차량단독 - 공작물충돌,안전운전불이행,건조,맑음,단일로 - 교량,승합,남,66세,사망,,,,
2023012600100215,2023년 1월 26일 16시,목요일,전라북도 군산시 성산면,중상사고,0,2,0,0,차대차 - 추돌,안전운전불이행,서리/결빙,흐림,단일로 - 지하차도(도로)내,화물,남,56세,상해없음,화물,남,55세,상해없음
2023012600100256,2023년 1월 26일 18시,목요일,전라북도 완주군 소양면,경상사고,0,0,2,0,차대사람 - 기타,안전운전불이행,서리/결빙,눈,단일로 - 교량,승용,여,24세,상해없음,보행자,남,52세,경상
2023012600100332,2023년 1월 26일 22시,목요일,전라북도 군산시 나포면,중상사고,0,1,0,0,차대차 - 기타,안전거리미확보,건조,맑음,단일로 - 기타,화물,남,56세,상해없음,화물,남,39세,중상
2023012600100349,2023년 1월 26일 23시,목요일,전라북도 전주시 덕진구 진북동,경상사고,0,0,2,0,차대차 - 추돌,안전운전불이행,건조,맑음,교차로 - 교차로부근,승용,남,74세,상해없음,승용,남,59세,경상
2023012600100350,2023년 1월 26일 23시,목요일,전라북도 정읍시 입암면,중상사고,0,2,2,0,차대차 - 추돌,안전거리미확보,건조,맑음,단일로 - 기타,승용,남,42세,경상,화물,남,70세,중상
2023012700100083,2023년 1월 27일 08시,금요일,전라북도 순창군 순창읍,경상사고,0,0,1,0,차대차 - 추돌,안전운전불이행,건조,맑음,단일로 - 기타,승용,여,64세,상해없음,화물,남,47세,경상
2023012700100201,2023년 1월 27일 12시,금요일,전라북도 전주시 덕진구 송천동2가,경상사고,0,0,2,0,차대차 - 측면충돌,안전운전불이행,건조,맑음,교차로 - 교차로부근,승용,여,47세,상해없음,승용,여,44세,경상
2023012700100232,2023년 1월 27일 13시,금요일,전라북도 군산시 나운동,경상사고,0,0,2,0,차대차 - 측면충돌,신호위반,건조,맑음,교차로 - 교차로부근,이륜,남,27세,경상,승용,여,51세,경상
2023012700100296,2023년 1월 27일 15시,금요일,전라북도 전주시 완산구 효자동2가,경상사고,0,0,1,0,차대사람 - 기타,안전운전불이행,건조,맑음,단일로 - 기타,승용,남,62세,상해없음,보행자,여,53세,경상
2023012700100297,2023년 1월 27일 15시,금요일,전라북도 완주군 이서면,중상사고,0,1,0,0,차대차 - 기타,기타,건조,맑음,단일로 - 기타,승용,여,32세,중상,승용,여,29세,상해없음
2023012700100374,2023년 1월 27일 17시,금요일,전라북도 전주시 덕진구 고랑동,경상사고,0,0,1,0,차대차 - 측면충돌,신호위반,건조,맑음,단일로 - 교량,승용,남,50세,상해없음,승용,남,22세,경상
2023012700100520,2023년 1월 27일 21시,금요일,전라북도 익산시 평화동,경상사고,0,0,1,0,차대사람 - 횡단중,보행자보호의무위반,건조,맑음,교차로 - 교차로횡단보도내,승용,남,52세,상해없음,보행자,남,69세,경상
2023012700100546,2023년 1월 27일 22시,금요일,전라북도 전주시 덕진구 송천동2가,경상사고,0,0,1,0,차대차 - 추돌,안전운전불이행,건조,맑음,단일로 - 기타,승용,남,41세,기타불명,승용,여,32세,경상
2023012800100058,2023년 1월 28일 06시,토요일,전라북도 전주시 덕진구 진북동,경상사고,0,0,1,0,차대차 - 추돌,안전운전불이행,해빙,맑음,교차로 - 교차로부근,승용,남,50세,상해없음,승용,여,38세,경상
2023012800100059,2023년 1월 28일 06시,토요일,전라북도 임실군 성수면,사망사고,1,0,0,0,차량단독 - 공작물충돌,안전운전불이행,건조,맑음,단일로 - 기타,화물,남,56세,사망,,,,
2023012800100133,2023년 1월 28일 11시,토요일,전라북도 전주시 완산구 경원동3가,경상사고,0,0,1,0,차대차 - 측면충돌,안전운전불이행,건조,맑음,교차로 - 교차로안,승용,남,73세,상해없음,이륜,남,27세,경상
2023012800100134,2023년 1월 28일 11시,토요일,전라북도 전주시 완산구 중화산동2가,경상사고,0,0,1,0,차대차 - 측면충돌,안전운전불이행,건조,맑음,교차로 - 교차로부근,승용,남,52세,상해없음,승용,남,39세,경상
2023012800100135,2023년 1월 28일 11시,토요일,전라북도 전주시 완산구 중화산동2가,경상사고,0,0,3,0,차대차 - 측면충돌,안전운전불이행,건조,맑음,교차로 - 교차로안,승용,남,42세,상해없음,승용,남,23세,경상
2023012800100136,2023년 1월 28일 11시,토요일,전라북도 정읍시 수성동,경상사고,0,0,1,0,차대사람 - 횡단중,보행자보호의무위반,건조,맑음,단일로 - 기타,승용,남,68세,상해없음,보행자,남,86세,경상
2023012800100171,2023년 1월 28일 12시,토요일,전라북도 남원시 식정동,중상사고,0,2,5,0,차량단독 - 기타,안전운전불이행,건조,맑음,단일로 - 기타,승합,남,29세,상해없음,,,,
2023012800100228,2023년 1월 28일 14시,토요일,전라북도 무주군 무주읍,경상사고,0,0,1,0,차대차 - 후진중충돌,안전운전불이행,건조,맑음,주차장 - 주차장,화물,남,54세,상해없음,승용,여,65세,경상
2023012800100254,2023년 1월 28일 15시,토요일,전라북도 전주시 완산구 중화산동2가,경상사고,0,0,1,0,차대차 - 측면충돌,안전운전불이행,건조,맑음,교차로 - 교차로부근,승용,남,70세,상해없음,승용,남,39세,경상
2023012800100281,2023년 1월 28일 16시,토요일,전라북도 전주시 완산구 서신동,경상사고,0,0,1,0,차대차 - 측면충돌,신호위반,건조,맑음,교차로 - 교차로안,승용,남,21세,상해없음,승용,남,48세,경상
2023012800100350,2023년 1월 28일 18시,토요일,전라북도 전주시 덕진구 송천동2가,중상사고,0,1,0,0,차대사람 - 차도통행중,안전운전불이행,건조,맑음,단일로 - 기타,승용,남,48세,상해없음,보행자,여,75세,중상
2023012800100390,2023년 1월 28일 19시,토요일,전라북도 전주시 덕진구 인후동1가,중상사고,0,1,0,0,차대차 - 측면충돌,신호위반,건조,맑음,교차로 - 교차로안,승용,남,60세,상해없음,이륜,남,19세,중상
2023012900100021,2023년 1월 29일 01시,일요일,전라북도 정읍시 시기동,중상사고,0,1,0,0,차량단독 - 공작물충돌,안전운전불이행,적설,눈,기타 - 기타,승용,남,31세,중상,,,,
2023012900100042,2023년 1월 29일 05시,일요일,전라북도 군산시 명산동,경상사고,0,0,2,0,차대차 - 측면충돌,신호위반,적설,눈,교차로 - 교차로안,화물,남,60세,상해없음,승용,남,41세,경상
2023012900100081,2023년 1월 29일 09시,일요일,전라북도 전주시 덕진구 인후동2가,경상사고,0,0,1,0,차대차 - 측면충돌,신호위반,건조,맑음,교차로 - 교차로안,화물,남,73세,상해없음,승용,남,41세,경상
2023012900100134,2023년 1월 29일 12시,일요일,전라북도 전주시 완산구 풍남동2가,경상사고,0,0,1,0,차대사람 - 횡단중,안전운전불이행,건조,맑음,단일로 - 기타,승용,남,51세,상해없음,보행자,남,65세,경상
2023012900100180,2023년 1월 29일 14시,일요일,전라북도 순창군 순창읍,경상사고,0,0,1,0,차대차 - 기타,안전운전불이행,건조,맑음,교차로 - 교차로안,승용,여,49세,상해없음,승용,남,33세,경상
2023012900100346,2023년 1월 29일 22시,일요일,전라북도 전주시 완산구 중화산동2가,경상사고,0,0,2,0,차대차 - 측면충돌,안전운전불이행,건조,맑음,단일로 - 기타,승용,남,28세,상해없음,승용,남,27세,상해없음
2023013000100006,2023년 1월 30일 01시,월요일,전라북도 전주시 완산구 서신동,중상사고,0,1,2,0,차대차 - 측면충돌,신호위반,건조,맑음,교차로 - 교차로안,승용,남,54세,상해없음,승용,남,64세,중상
2023013000100089,2023년 1월 30일 08시,월요일,전라북도 익산시 춘포면,중상사고,0,1,0,0,차대차 - 측면충돌,신호위반,건조,맑음,교차로 - 교차로안,승용,남,45세,상해없음,승용,여,26세,중상
2023013000100090,2023년 1월 30일 08시,월요일,전라북도 정읍시 상동,경상사고,0,0,2,0,차대차 - 추돌,안전운전불이행,건조,맑음,교차로 - 교차로부근,승용,남,66세,상해없음,승용,여,29세,경상
2023013000100132,2023년 1월 30일 09시,월요일,전라북도 정읍시 시기동,중상사고,0,1,0,0,차대차 - 측면충돌,직진우회전진행방해,건조,맑음,교차로 - 교차로안,승용,남,76세,상해없음,승용,남,73세,중상
2023013000100215,2023년 1월 30일 12시,월요일,전라북도 전주시 덕진구 송천동1가,경상사고,0,0,2,0,차대차 - 추돌,안전운전불이행,건조,맑음,단일로 - 기타,승용,남,68세,상해없음,승용,남,54세,경상