사고번호,사고일시,요일,시군구,사고내용,사망자수,중상자수,경상자수,부상신고자수,사고유형,법규위반,노면상태,기상상태,도로형태,가해운전자 차종,가해운전자 성별,가해운전자 연령,가해운전자 상해정도,피해운전자 차종,피해운전자 성별,피해운전자 연령,피해운전자 상해정도
2023013000100216,2023년 1월 30일 12시,월요일,전라북도 전주시 덕진구 덕진동2가,경상사고,0,0,1,0,차대차 - 측면충돌,기타,건조,맑음,교차로 - 교차로안,이륜,남,21세,상해없음,승용,여,31세,경상
2023013000100217,2023년 1월 30일 12시,월요일,전라북도 완주군 삼례읍,경상사고,0,0,1,0,차대차 - 기타,안전운전불이행,건조,맑음,단일로 - 기타,승용,남,39세,상해없음,승용,남,51세,경상
2023013000100326,2023년 1월 30일 15시,월요일,전라북도 군산시 대명동,경상사고,0,0,1,0,차대차 - 기타,중앙선침범,건조,맑음,단일로 - 지하차도(도로)내,승용,남,31세,상해없음,이륜,남,24세,경상
2023013000100327,2023년 1월 30일 15시,월요일,전라북도 군산시 나운동,경상사고,0,0,1,0,차대차 - 측면충돌,안전운전불이행,건조,맑음,교차로 - 교차로안,승용,남,75세,상해없음,자전거,남,67세,경상
2023013000100365,2023년 1월 30일 16시,월요일,전라북도 군산시 신영동,경상사고,0,0,1,0,차대사람 - 횡단중,안전운전불이행,건조,맑음,교차로 - 교차로횡단보도내,화물,남,51세,상해없음,보행자,여,62세,경상
2023013000100366,2023년 1월 30일 16시,월요일,전라북도 남원시 월락동,경상사고,0,0,2,0,차대차 - 측면충돌,안전운전불이행,건조,맑음,교차로 - 교차로부근,승용,남,67세,상해없음,자전거,남,64세,경상
2023013000100395,2023년 1월 30일 17시,월요일,전라북도 진안군 진안읍,중상사고,0,1,2,0,차대차 - 정면충돌,중앙선침범,건조,맑음,단일로 - 교량,승합,남,83세,상해없음,화물,남,53세,경상
2023013000100472,2023년 1월 30일 19시,월요일,전라북도 전주시 완산구 서신동,경상사고,0,0,2,0,차대차 - 정면충돌,신호위반,건조,맑음,교차로 - 교차로안,승용,여,61세,상해없음,승용,여,34세,경상
2023013000100498,2023년 1월 30일 20시,월요일,전라북도 익산시 부송동,중상사고,0,1,0,0,차대차 - 측면충돌,신호위반,건조,맑음,교차로 - 교차로안,승용,여,62세,상해없음,이륜,남,42세,중상
2023013000100552,2023년 1월 30일 23시,월요일,전라북도 군산시 수송동,경상사고,0,0,1,0,차량단독 - 기타,안전운전불이행,건조,맑음,교차로 - 교차로안,승용,남,63세,상해없음,,,,
2023013100100098,2023년 1월 31일 08시,화요일,전라북도 전주시 완산구 삼천동1가,경상사고,0,0,1,0,차대차 - 기타,안전운전불이행,건조,맑음,교차로 - 교차로안,승용,남,78세,상해없음,승용,여,38세,경상
2023013100100099,2023년 1월 31일 08시,화요일,전라북도 전주시 완산구 효자동3가,경상사고,0,0,1,0,차대차 - 추돌,안전거리미확보,건조,맑음,단일로 - 기타,승합,남,70세,상해없음,승용,남,46세,경상
2023013100100100,2023년 1월 31일 08시,화요일,전라북도 군산시 수송동,경상사고,0,0,1,0,차대차 - 측면충돌,안전운전불이행,건조,맑음,단일로 - 기타,승용,남,58세,상해없음,화물,남,49세,경상
2023013100100180,2023년 1월 31일 11시,화요일,전라북도 전주시 완산구 효자동2가,경상사고,0,0,1,0,차대차 - 추돌,안전거리미확보,건조,맑음,단일로 - 기타,승용,남,22세,상해없음,승용,남,66세,경상
2023013100100234,2023년 1월 31일 13시,화요일,전라북도 전주시 완산구 효자동2가,경상사고,0,0,1,0,차대차 - 측면충돌,신호위반,건조,맑음,교차로 - 교차로안,승용,남,68세,상해없음,승합,남,40세,경상
2023013100100276,2023년 1월 31일 14시,화요일,전라북도 전주시 완산구 효자동3가,경상사고,0,0,1,0,차대차 - 측면충돌,신호위반,건조,맑음,교차로 - 교차로안,승용,여,61세,상해없음,이륜,남,25세,경상
2023013100100277,2023년 1월 31일 14시,화요일,전라북도 전주시 덕진구 우아동3가,경상사고,0,0,1,0,차대차 - 측면충돌,안전운전불이행,건조,맑음,단일로 - 기타,승용,여,62세,상해없음,승용,남,47세,상해없음
2023013100100278,2023년 1월 31일 14시,화요일,전라북도 정읍시 수성동,중상사고,0,1,0,0,차대사람 - 횡단중,보행자보호의무위반,건조,맑음,단일로 - 기타,승용,여,50세,상해없음,보행자,여,78세,중상
2023013100100303,2023년 1월 31일 15시,화요일,전라북도 전주시 완산구 효자동1가,경상사고,0,0,1,0,차대사람 - 기타,안전운전불이행,건조,맑음,교차로 - 교차로안,승용,남,61세,상해없음,보행자,남,28세,경상
2023013100100384,2023년 1월 31일 17시,화요일,전라북도 정읍시 태인면,중상사고,0,1,0,0,차량단독 - 기타,기타,건조,맑음,단일로 - 기타,이륜,남,49세,상해없음,,,,
2023013100100429,2023년 1월 31일 18시,화요일,전라북도 전주시 덕진구 인후동1가,경상사고,0,0,1,0,차대사람 - 횡단중,신호위반,건조,맑음,교차로 - 교차로횡단보도내,승용,남,81세,상해없음,보행자,남,64세,경상
2023013100100510,2023년 1월 31일 20시,화요일,전라북도 전주시 완산구 중인동,중상사고,0,1,0,0,차대사람 - 차도통행중,안전운전불이행,건조,맑음,기타 - 기타,승용,남,58세,상해없음,보행자,남,69세,중상
2023013100100529,2023년 1월 31일 21시,화요일,전라북도 전주시 덕진구 전미동1가,경상사고,0,0,1,0,차대차 - 추돌,안전운전불이행,건조,맑음,교차로 - 교차로부근,승용,남,48세,상해없음,승용,남,38세,경상
2023013100100549,2023년 1월 31일 22시,화요일,전라북도 완주군 봉동읍,경상사고,0,0,1,0,차대차 - 측면충돌,안전운전불이행,건조,맑음,교차로 - 교차로안,승용,남,34세,상해없음,승용,남,58세,경상
2023020100100005,2023년 2월 1일 00시,수요일,전라북도 전주시 완산구 중인동,중상사고,0,2,1,0,차대차 - 측면충돌,중앙선침범,건조,맑음,기타 - 기타,승용,남,45세,경상,승용,남,48세,중상
2023020100100030,2023년 2월 1일 04시,수요일,전라북도 익산시 남중동,중상사고,0,1,0,0,차대사람 - 횡단중,안전운전불이행,젖음/습기,흐림,단일로 - 기타,이륜,남,61세,상해없음,보행자,남,55세,중상
2023020100100051,2023년 2월 1일 06시,수요일,전라북도 군산시 산북동,중상사고,0,1,0,0,차대차 - 측면충돌,안전운전불이행,건조,맑음,교차로 - 교차로부근,자전거,남,72세,중상,승용,남,62세,상해없음
2023020100100084,2023년 2월 1일 08시,수요일,전라북도 전주시 덕진구 팔복동1가,중상사고,0,1,0,0,차대사람 - 횡단중,안전운전불이행,건조,맑음,교차로 - 교차로안,화물,남,26세,상해없음,보행자,남,74세,중상
2023020100100085,2023년 2월 1일 08시,수요일,전라북도 군산시 경장동,중상사고,0,1,0,0,차대사람 - 기타,안전운전불이행,건조,맑음,교차로 - 교차로안,화물,남,68세,상해없음,보행자,남,79세,중상
2023020100100173,2023년 2월 1일 11시,수요일,전라북도 전주시 완산구 삼천동1가,중상사고,0,1,0,0,차대차 - 정면충돌,신호위반,건조,맑음,교차로 - 교차로안,승용,남,66세,상해없음,승용,여,62세,중상
2023020100100174,2023년 2월 1일 11시,수요일,전라북도 익산시 왕궁면,경상사고,0,0,1,0,차대차 - 측면충돌,중앙선침범,건조,맑음,교차로 - 교차로부근,승용,여,56세,상해없음,이륜,남,59세,경상
2023020100100280,2023년 2월 1일 15시,수요일,전라북도 전주시 덕진구 여의동,경상사고,0,0,1,0,차대차 - 측면충돌,안전운전불이행,건조,맑음,교차로 - 교차로부근,화물,남,26세,상해없음,승용,여,58세,경상
2023020100100346,2023년 2월 1일 17시,수요일,전라북도 익산시 신흥동,경상사고,0,0,1,0,차대차 - 기타,중앙선침범,건조,맑음,단일로 - 기타,화물,남,58세,상해없음,화물,남,60세,경상
2023020100100347,2023년 2월 1일 17시,수요일,전라북도 남원시 금지면,경상사고,0,0,1,0,차대사람 - 기타,안전운전불이행,건조,맑음,교차로 - 교차로안,승용,남,69세,상해없음,보행자,여,86세,경상
2023020100100468,2023년 2월 1일 20시,수요일,전라북도 익산시 영등동,중상사고,0,1,0,0,차대사람 - 기타,안전운전불이행,건조,맑음,단일로 - 기타,승용,남,60세,상해없음,보행자,여,54세,중상
2023020100100469,2023년 2월 1일 20시,수요일,전라북도 남원시 사매면,경상사고,0,0,2,0,차대차 - 측면충돌,교차로운행방법위반,건조,맑음,교차로 - 교차로안,승용,남,51세,기타불명,승용,여,32세,경상
2023020100100491,2023년 2월 1일 21시,수요일,전북특별자치도 익산시 영등동,경상사고,0,0,1,0,차대차 - 추돌,안전운전불이행,건조,맑음,교차로 - 교차로안,승용,남,44세,상해없음,승용,남,34세,경상
2023020200100035,2023년 2월 2일 05시,목요일,전라북도 전주시 완산구 삼천동3가,경상사고,0,0,1,0,차대차 - 측면충돌,차로위반,건조,맑음,단일로 - 기타,승용,남,47세,상해없음,승용,남,31세,경상
2023020200100036,2023년 2월 2일 05시,목요일,전라북도 군산시 미장동,경상사고,0,0,1,0,차대차 - 측면충돌,신호위반,건조,맑음,교차로 - 교차로안,자전거,여,71세,경상,화물,남,57세,상해없음
2023020200100071,2023년 2월 2일 07시,목요일,전라북도 전주시 완산구 효자동1가,경상사고,0,0,1,0,차대차 - 후진중충돌,안전운전불이행,건조,맑음,단일로 - 기타,승용,남,70세,상해없음,승용,남,56세,경상
2023020200100097,2023년 2월 2일 08시,목요일,전라북도 전주시 완산구 효자동2가,중상사고,0,1,1,0,차대차 - 측면충돌,안전거리미확보,건조,맑음,단일로 - 기타,승용,여,43세,중상,승용,남,25세,경상
2023020200100143,2023년 2월 2일 10시,목요일,전라북도 전주시 완산구 중화산동2가,중상사고,0,1,2,0,차대차 - 기타,안전운전불이행,건조,맑음,단일로 - 기타,승용,여,58세,기타불명,화물,남,33세,기타불명
2023020200100144,2023년 2월 2일 10시,목요일,전라북도 부안군 부안읍,경상사고,0,0,1,0,차대사람 - 횡단중,보행자보호의무위반,건조,맑음,교차로 - 교차로횡단보도내,승용,남,21세,상해없음,보행자,여,59세,경상
2023020200100168,2023년 2월 2일 11시,목요일,전라북도 익산시 금마면,중상사고,0,1,0,0,차대차 - 측면충돌,직진우회전진행방해,건조,맑음,교차로 - 교차로안,원동기,남,85세,중상,화물,남,54세,상해없음
2023020200100195,2023년 2월 2일 12시,목요일,전라북도 전주시 완산구 효자동1가,중상사고,0,1,0,0,차대차 - 기타,안전운전불이행,건조,맑음,교차로 - 교차로안,승용,남,57세,상해없음,이륜,남,26세,중상
2023020200100274,2023년 2월 2일 15시,목요일,전라북도 전주시 완산구 효자동3가,경상사고,0,0,1,0,차대차 - 기타,신호위반,건조,맑음,교차로 - 교차로부근,화물,남,65세,상해없음,승용,남,52세,경상
2023020200100449,2023년 2월 2일 21시,목요일,전라북도 전주시 완산구 삼천동1가,중상사고,0,1,0,0,차대사람 - 횡단중,보행자보호의무위반,건조,맑음,교차로 - 교차로횡단보도내,승용,여,44세,상해없음,보행자,여,53세,중상
2023020300100048,2023년 2월 3일 06시,금요일,전라북도 익산시 인화동1가,중상사고,0,2,0,0,차대차 - 추돌,안전운전불이행,건조,맑음,단일로 - 기타,승합,남,57세,상해없음,기타불명,남,75세,중상
2023020300100113,2023년 2월 3일 09시,금요일,전라북도 군산시 오식도동,중상사고,0,1,0,0,차대차 - 측면충돌,직진우회전진행방해,건조,맑음,교차로 - 교차로안,승용,여,45세,상해없음,화물,남,62세,중상
2023020300100160,2023년 2월 3일 11시,금요일,전라북도 전주시 완산구 삼천동1가,경상사고,0,0,1,0,차대차 - 추돌,안전운전불이행,건조,맑음,단일로 - 기타,승용,여,37세,상해없음,승용,남,55세,경상
2023020300100161,2023년 2월 3일 11시,금요일,전라북도 전주시 덕진구 산정동,경상사고,0,0,2,0,차대차 - 추돌,안전운전불이행,건조,맑음,단일로 - 기타,승용,남,34세,상해없음,승용,여,59세,경상
2023020300100209,2023년 2월 3일 13시,금요일,전라북도 군산시 나운동,경상사고,0,0,1,0,차대차 - 측면충돌,안전운전불이행,건조,맑음,미분류 - 미분류,기타불명,기타불명,미분류,기타불명,자전거,여,54세,경상
2023020300100283,2023년 2월 3일 15시,금요일,전라북도 전주시 덕진구 인후동1가,중상사고,0,1,0,0,차대사람 - 기타,안전운전불이행,건조,맑음,기타 - 기타,화물,남,34세,상해없음,보행자,여,82세,중상
2023020300100284,2023년 2월 3일 15시,금요일,전라북도 남원시 도통동,경상사고,0,0,1,0,차대사람 - 횡단중,신호위반,건조,맑음,교차로 - 교차로횡단보도내,이륜,남,73세,상해없음,보행자,여,13세,경상
2023020300100351,2023년 2월 3일 17시,금요일,전라북도 전주시 덕진구 인후동2가,경상사고,0,0,1,0,차대사람 - 기타,안전운전불이행,건조,맑음,교차로 - 교차로안,화물,남,62세,상해없음,보행자,여,70세,경상
2023020300100352,2023년 2월 3일 17시,금요일,전라북도 남원시 도통동,중상사고,0,1,0,0,차대차 - 측면충돌,안전거리미확보,건조,맑음,단일로 - 기타,승용,남,33세,상해없음,이륜,남,46세,중상
2023020300100353,2023년 2월 3일 17시,금요일,전라북도 진안군 진안읍,경상사고,0,0,1,0,차대차 - 측면충돌,안전운전불이행,건조,맑음,교차로 - 교차로안,승용,남,54세,상해없음,승용,남,35세,경상
2023020300100402,2023년 2월 3일 18시,금요일,전라북도 전주시 덕진구 송천동1가,중상사고,0,1,0,0,차대사람 - 횡단중,안전운전불이행,건조,맑음,단일로 - 기타,승용,여,29세,상해없음,보행자,남,56세,중상
2023020300100403,2023년 2월 3일 18시,금요일,전라북도 순창군 적성면,경상사고,0,0,1,1,차대차 - 측면충돌,신호위반,건조,맑음,교차로 - 교차로안,승용,남,52세,부상신고,승용,남,47세,경상
2023020400100020,2023년 2월 4일 00시,토요일,전라북도 전주시 완산구 서신동,중상사고,0,1,3,0,차대차 - 정면충돌,중앙선침범,건조,맑음,교차로 - 교차로부근,승용,남,69세,중상,승용,남,58세,경상
2023020400100037,2023년 2월 4일 01시,토요일,전라북도 전주시 덕진구 덕진동2가,경상사고,0,0,2,0,차대차 - 추돌,신호위반,건조,맑음,교차로 - 교차로안,승용,남,75세,상해없음,승용,남,56세,상해없음
2023020400100090,2023년 2월 4일 08시,토요일,전라북도 무주군 설천면,중상사고,0,1,3,0,차대차 - 정면충돌,중앙선침범,젖음/습기,맑음,단일로 - 지하차도(도로)내,화물,남,38세,상해없음,승용,남,29세,중상
2023020400100158,2023년 2월 4일 11시,토요일,전라북도 전주시 완산구 평화동2가,중상사고,0,1,0,0,차대사람 - 차도통행중,안전운전불이행,건조,맑음,교차로 - 교차로안,화물,남,65세,상해없음,보행자,여,65세,중상
2023020400100196,2023년 2월 4일 12시,토요일,전라북도 군산시 소룡동,경상사고,0,0,3,0,차대차 - 추돌,안전운전불이행,건조,맑음,교차로 - 교차로안,승용,남,29세,상해없음,승용,남,21세,경상
2023020400100224,2023년 2월 4일 13시,토요일,전라북도 김제시 검산동,경상사고,0,0,2,0,차대차 - 추돌,안전운전불이행,건조,맑음,단일로 - 기타,승용,남,60세,상해없음,승용,남,55세,경상
2023020400100256,2023년 2월 4일 14시,토요일,전라북도 익산시 영등동,경상사고,0,0,1,0,차대사람 - 기타,안전운전불이행,건조,맑음,단일로 - 기타,승용,남,55세,상해없음,보행자,남,72세,경상
2023020400100359,2023년 2월 4일 17시,토요일,전라북도 군산시 사정동,경상사고,0,0,3,0,차대차 - 측면충돌,중앙선침범,건조,맑음,교차로 - 교차로부근,승용,남,42세,경상,승용,남,56세,경상
2023020400100360,2023년 2월 4일 17시,토요일,전라북도 남원시 동충동,중상사고,0,1,0,0,차대사람 - 횡단중,안전운전불이행,건조,맑음,교차로 - 교차로부근,승용,여,62세,상해없음,보행자,여,74세,중상
2023020400100412,2023년 2월 4일 19시,토요일,전라북도 전주시 완산구 중화산동2가,경상사고,0,0,1,0,차대차 - 측면충돌,신호위반,건조,맑음,단일로 - 기타,승용,여,61세,상해없음,승용,남,42세,경상
2023020400100445,2023년 2월 4일 20시,토요일,전라북도 군산시 조촌동,경상사고,0,0,1,0,차대차 - 측면충돌,불법유턴,건조,맑음,교차로 - 교차로안,승용,여,42세,상해없음,이륜,남,40세,경상
2023020400100492,2023년 2월 4일 22시,토요일,전라북도 전주시 완산구 효자동1가,중상사고,0,1,0,0,차대사람 - 횡단중,안전운전불이행,건조,맑음,단일로 - 기타,승용,남,53세,상해없음,보행자,남,42세,중상
2023020400100493,2023년 2월 4일 22시,토요일,전라북도 전주시 덕진구 금암동,경상사고,0,0,1,0,차대차 - 측면충돌,안전운전불이행,건조,맑음,단일로 - 기타,승용,남,33세,상해없음,승합,남,54세,경상
2023020500100108,2023년 2월 5일 11시,일요일,전라북도 군산시 중앙로2가,경상사고,0,0,1,0,차대차 - 측면충돌,안전운전불이행,건조,맑음,교차로 - 교차로부근,승용,여,78세,상해없음,자전거,남,72세,경상
2023020500100109,2023년 2월 5일 11시,일요일,전라북도 완주군 봉동읍,경상사고,0,0,4,0,차대차 - 측면충돌,안전운전불이행,건조,맑음,교차로 - 교차로부근,승용,남,66세,상해없음,승용,남,59세,경상
2023020500100134,2023년 2월 5일 12시,일요일,전라북도 전주시 덕진구 송천동1가,중상사고,0,1,0,0,차대차 - 측면충돌,신호위반,건조,맑음,교차로 - 교차로안,승용,여,42세,상해없음,이륜,여,30세,중상
2023020500100135,2023년 2월 5일 12시,일요일,전라북도 군산시 오식도동,경상사고,0,0,2,0,차대차 - 측면충돌,기타,건조,맑음,교차로 - 교차로안,승용,남,53세,경상,승용,남,29세,경상
2023020500100159,2023년 2월 5일 13시,일요일,전라북도 전주시 완산구 중화산동2가,경상사고,0,0,2,0,차대차 - 후진중충돌,안전운전불이행,건조,맑음,기타 - 기타,승용,여,53세,상해없음,승용,여,44세,경상
2023020500100160,2023년 2월 5일 13시,일요일,전라북도 익산시 춘포면,경상사고,0,0,2,0,차대차 - 측면충돌,신호위반,건조,맑음,교차로 - 교차로안,승용,남,58세,상해없음,승용,남,24세,경상
2023020500100206,2023년 2월 5일 15시,일요일,전라북도 군산시 나운동,경상사고,0,0,1,0,차대사람 - 횡단중,신호위반,건조,맑음,교차로 - 교차로안,승용,남,33세,상해없음,보행자,여,49세,경상
2023020500100256,2023년 2월 5일 17시,일요일,전라북도 전주시 덕진구 금암동,경상사고,0,0,2,0,차대차 - 측면충돌,신호위반,건조,맑음,교차로 - 교차로안,승용,남,77세,상해없음,승용,남,51세,경상
2023020500100311,2023년 2월 5일 19시,일요일,전라북도 전주시 완산구 효자동3가,경상사고,0,0,3,0,차대차 - 기타,안전운전불이행,건조,맑음,단일로 - 기타,승합,남,45세,경상,승용,남,47세,경상
2023020500100333,2023년 2월 5일 20시,일요일,전라북도 남원시 왕정동,경상사고,0,0,1,0,차대차 - 정면충돌,안전운전불이행,건조,맑음,교차로 - 교차로안,승용,남,67세,상해없음,이륜,남,28세,경상
2023020500100352,2023년 2월 5일 21시,일요일,전라북도 익산시 중앙동1가,경상사고,0,0,2,0,차대차 - 측면충돌,안전거리미확보,건조,맑음,단일로 - 기타,승용,남,60세,상해없음,승용,남,41세,경상
2023020500100353,2023년 2월 5일 21시,일요일,전라북도 무주군 안성면,경상사고,0,0,1,0,차대차 - 추돌,안전거리미확보,건조,맑음,단일로 - 지하차도(도로)내,화물,남,61세,상해없음,농기계,남,60세,경상
2023020600100001,2023년 2월 6일 00시,월요일,전라북도 전주시 덕진구 팔복동3가,중상사고,0,1,0,0,차대차 - 추돌,안전운전불이행,건조,맑음,교차로 - 교차로안,승용,여,36세,상해없음,승용,여,48세,중상
2023020600100013,2023년 2월 6일 02시,월요일,전라북도 부안군 부안읍,경상사고,0,0,2,1,차대차 - 측면충돌,신호위반,건조,맑음,교차로 - 교차로안,승용,남,20세,부상신고,승용,남,56세,경상
2023020600100071,2023년 2월 6일 07시,월요일,전라북도 익산시 신동,경상사고,0,0,2,0,차대차 - 측면충돌,직진우회전진행방해,건조,맑음,교차로 - 교차로안,승용,여,54세,상해없음,승용,남,55세,경상
2023020600100106,2023년 2월 6일 08시,월요일,전라북도 군산시 오식도동,경상사고,0,0,1,0,차대사람 - 횡단중,보행자보호의무위반,건조,흐림,교차로 - 교차로횡단보도내,승용,남,42세,상해없음,보행자,남,29세,경상
2023020600100107,2023년 2월 6일 08시,월요일,전라북도 고창군 고창읍,중상사고,0,1,0,0,차대차 - 측면충돌,안전운전불이행,건조,맑음,교차로 - 교차로안,승용,여,63세,상해없음,승용,남,34세,중상
2023020600100108,2023년 2월 6일 08시,월요일,전라북도 전주시 덕진구 중동,경상사고,0,0,1,0,차대차 - 측면충돌,신호위반,건조,맑음,교차로 - 교차로안,승용,남,48세,상해없음,승용,여,42세,경상
2023020600100176,2023년 2월 6일 10시,월요일,전라북도 익산시 목천동,경상사고,0,0,1,0,차대사람 - 길가장자리구역통행중,신호위반,건조,맑음,단일로 - 기타,승용,남,68세,상해없음,보행자,남,40세,경상
2023020600100293,2023년 2월 6일 15시,월요일,전라북도 장수군 천천면,사망사고,1,0,0,0,차량단독 - 기타,안전운전불이행,건조,맑음,단일로 - 기타,농기계,남,83세,사망,,,,
2023020600100444,2023년 2월 6일 20시,월요일,전라북도 전주시 완산구 효자동2가,중상사고,0,1,0,0,차대차 - 측면충돌,안전운전불이행,건조,맑음,교차로 - 교차로부근,승용,남,22세,상해없음,개인형이동수단(PM),남,63세,중상
2023020600100458,2023년 2월 6일 21시,월요일,전라북도 전주시 완산구 효자동2가,경상사고,0,0,1,0,차량단독 - 공작물충돌,안전운전불이행,건조,맑음,기타 - 기타,승용,남,23세,상해없음,,,,
2023020600100459,2023년 2월 6일 21시,월요일,전라북도 익산시 영등동,경상사고,0,0,3,0,차대차 - 측면충돌,안전운전불이행,건조,맑음,교차로 - 교차로안,승용,남,41세,상해없음,승용,여,50세,경상
2023020600100460,2023년 2월 6일 21시,월요일,전라북도 익산시 영등동,경상사고,0,0,1,0,차대사람 - 횡단중,안전운전불이행,건조,맑음,교차로 - 교차로안,승용,여,30세,상해없음,보행자,남,58세,경상
2023020600100485,2023년 2월 6일 23시,월요일,전라북도 전주시 완산구 평화동2가,경상사고,0,0,1,0,차대차 - 측면충돌,안전운전불이행,건조,맑음,교차로 - 교차로안,승용,남,29세,상해없음,개인형이동수단(PM),남,47세,경상
2023020700100020,2023년 2월 7일 03시,화요일,전라북도 군산시 구암동,경상사고,0,0,1,0,차대차 - 측면충돌,신호위반,건조,맑음,교차로 - 교차로안,승용,남,25세,상해없음,승용,남,36세,경상
2023020700100067,2023년 2월 7일 07시,화요일,전라북도 완주군 이서면,중상사고,0,1,0,0,차대차 - 측면충돌,신호위반,건조,맑음,교차로 - 교차로안,승용,여,56세,상해없음,승용,여,30세,중상
2023020700100100,2023년 2월 7일 08시,화요일,전라북도 익산시 금마면,경상사고,0,0,1,0,차대차 - 측면충돌,신호위반,건조,맑음,교차로 - 교차로안,화물,남,67세,상해없음,특수,남,60세,경상
2023020700100101,2023년 2월 7일 08시,화요일,전라북도 김제시 백구면,중상사고,0,1,0,0,차대사람 - 길가장자리구역통행중,불법유턴,건조,맑음,교차로 - 교차로부근,승합,남,48세,상해없음,보행자,여,85세,중상
2023020700100136,2023년 2월 7일 09시,화요일,전라북도 순창군 순창읍,중상사고,0,1,0,0,차대차 - 측면충돌,직진우회전진행방해,건조,맑음,교차로 - 교차로안,원동기,남,81세,중상,승용,남,63세,상해없음
2023020700100194,2023년 2월 7일 11시,화요일,전라북도 군산시 수송동,경상사고,0,0,3,0,차대차 - 측면충돌,안전운전불이행,건조,맑음,교차로 - 교차로안,승용,남,72세,상해없음,승용,남,51세,경상
2023020700100223,2023년 2월 7일 12시,화요일,전라북도 군산시 조촌동,경상사고,0,0,1,0,차대사람 - 횡단중,보행자보호의무위반,건조,맑음,교차로 - 교차로횡단보도내,승용,남,58세,상해없음,보행자,남,8세,경상
2023020700100300,2023년 2월 7일 15시,화요일,전라북도 전주시 덕진구 인후동1가,중상사고,0,1,0,0,차대차 - 측면충돌,안전운전불이행,건조,맑음,교차로 - 교차로부근,승용,남,57세,상해없음,자전거,남,67세,중상
2023020700100301,2023년 2월 7일 15시,화요일,전라북도 전주시 덕진구 전미동1가,중상사고,0,1,0,0,차대차 - 측면충돌,교차로운행방법위반,건조,맑음,교차로 - 교차로안,승용,여,28세,상해없음,이륜,남,60세,중상
2023020700100360,2023년 2월 7일 17시,화요일,전라북도 익산시 함라면,중상사고,0,1,0,0,차대차 - 측면충돌,신호위반,건조,맑음,교차로 - 교차로안,화물,남,31세,상해없음,화물,남,54세,중상
2023020700100402,2023년 2월 7일 18시,화요일,전라북도 군산시 경암동,경상사고,0,0,2,0,차대차 - 측면충돌,안전운전불이행,건조,맑음,교차로 - 교차로안,승용,남,62세,상해없음,화물,남,58세,경상
2023020700100403,2023년 2월 7일 18시,화요일,전라북도 군산시 경암동,중상사고,0,1,0,0,차대차 - 측면충돌,신호위반,건조,맑음,교차로 - 교차로안,승용,여,44세,상해없음,승용,여,63세,중상
2023020700100404,2023년 2월 7일 18시,화요일,전라북도 순창군 동계면,중상사고,0,1,0,0,차대사람 - 차도통행중,안전운전불이행,건조,맑음,단일로 - 기타,승용,남,77세,상해없음,보행자,여,72세,중상
2023020700100442,2023년 2월 7일 19시,화요일,전라북도 군산시 비응도동,경상사고,0,0,1,0,차대차 - 측면충돌,신호위반,건조,맑음,교차로 - 교차로안,승용,여,45세,상해없음,승용,남,46세,경상
2023020700100443,2023년 2월 7일 19시,화요일,전라북도 군산시 오식도동,경상사고,0,0,1,0,차대차 - 추돌,안전운전불이행,건조,맑음,단일로 - 지하차도(도로)내,승용,여,29세,상해없음,화물,남,54세,경상
2023020700100472,2023년 2월 7일 20시,화요일,전라북도 익산시 영등동,경상사고,0,0,1,0,차대차 - 측면충돌,안전거리미확보,건조,맑음,단일로 - 기타,승용,남,23세,상해없음,승용,여,46세,경상
2023020700100473,2023년 2월 7일 20시,화요일,전라북도 정읍시 농소동,경상사고,0,0,1,0,차대차 - 측면충돌,안전거리미확보,건조,맑음,단일로 - 지하차도(도로)내,승용,남,58세,상해없음,승용,남,56세,경상
2023020700100497,2023년 2월 7일 21시,화요일,전라북도 전주시 완산구 상림동,경상사고,0,0,1,0,차대차 - 추돌,안전운전불이행,건조,맑음,교차로 - 교차로부근,승용,남,37세,상해없음,승용,여,60세,경상
2023020700100524,2023년 2월 7일 22시,화요일,전라북도 전주시 완산구 중화산동2가,경상사고,0,0,1,0,차대차 - 정면충돌,신호위반,건조,맑음,교차로 - 교차로횡단보도내,승용,남,77세,상해없음,이륜,남,39세,경상
2023020800100081,2023년 2월 8일 07시,수요일,전라북도 전주시 완산구 서서학동,사망사고,1,0,0,0,차대사람 - 횡단중,보행자보호의무위반,건조,맑음,단일로 - 기타,건설기계,남,69세,상해없음,보행자,여,70세,사망
2023020800100278,2023년 2월 8일 14시,수요일,전라북도 전주시 완산구 중화산동2가,중상사고,0,1,1,0,차대차 - 측면충돌,안전운전불이행,건조,맑음,교차로 - 교차로안,승용,남,77세,상해없음,승용,여,53세,경상
2023020800100279,2023년 2월 8일 14시,수요일,전라북도 전주시 덕진구 송천동1가,중상사고,0,1,0,0,차대사람 - 길가장자리구역통행중,안전운전불이행,건조,맑음,단일로 - 기타,승용,여,51세,상해없음,보행자,여,70세,중상
2023020800100341,2023년 2월 8일 16시,수요일,전라북도 군산시 대야면,경상사고,0,0,3,1,차대차 - 측면충돌,안전운전불이행,건조,맑음,단일로 - 기타,화물,남,56세,상해없음,승용,남,61세,경상
2023020800100342,2023년 2월 8일 16시,수요일,전라북도 익산시 신동,경상사고,0,0,1,0,차대사람 - 횡단중,신호위반,건조,맑음,교차로 - 교차로안,개인형이동수단(PM),남,72세,상해없음,보행자,여,56세,경상
2023020800100410,2023년 2월 8일 18시,수요일,전라북도 정읍시 상평동,중상사고,0,1,0,0,차대차 - 기타,신호위반,건조,맑음,교차로 - 교차로안,자전거,여,77세,중상,승용,남,45세,상해없음