사고번호,사고일시,요일,시군구,사고내용,사망자수,중상자수,경상자수,부상신고자수,사고유형,법규위반,노면상태,기상상태,도로형태,가해운전자 차종,가해운전자 성별,가해운전자 연령,가해운전자 상해정도,피해운전자 차종,피해운전자 성별,피해운전자 연령,피해운전자 상해정도
2023020800100453,2023년 2월 8일 19시,수요일,전라북도 익산시 영등동,경상사고,0,0,10,0,차대차 - 측면충돌,중앙선침범,건조,맑음,단일로 - 기타,승용,남,42세,상해없음,승합,남,53세,경상
2023020800100454,2023년 2월 8일 19시,수요일,전라북도 남원시 수지면,경상사고,0,0,1,0,차대사람 - 기타,안전운전불이행,건조,맑음,단일로 - 기타,화물,남,66세,기타불명,보행자,여,52세,경상
2023020800100500,2023년 2월 8일 21시,수요일,전라북도 전주시 덕진구 진북동,중상사고,0,1,0,0,차대사람 - 기타,안전운전불이행,건조,맑음,기타 - 기타,승용,남,57세,상해없음,보행자,남,74세,중상
2023020900100008,2023년 2월 9일 00시,목요일,전라북도 전주시 덕진구 우아동2가,경상사고,0,0,1,0,차대차 - 측면충돌,중앙선침범,건조,맑음,교차로 - 교차로횡단보도내,승용,여,38세,상해없음,승용,남,52세,경상
2023020900100079,2023년 2월 9일 08시,목요일,전라북도 전주시 덕진구 고랑동,중상사고,0,1,0,0,차대사람 - 길가장자리구역통행중,안전운전불이행,건조,맑음,단일로 - 기타,승용,여,44세,상해없음,보행자,여,51세,중상
2023020900100080,2023년 2월 9일 08시,목요일,전라북도 고창군 흥덕면,중상사고,0,1,0,0,차대사람 - 차도통행중,안전운전불이행,건조,맑음,단일로 - 기타,이륜,남,85세,상해없음,보행자,여,79세,중상
2023020900100125,2023년 2월 9일 10시,목요일,전라북도 익산시 중앙동2가,중상사고,0,1,0,0,차대차 - 측면충돌,신호위반,건조,맑음,교차로 - 교차로안,건설기계,남,65세,상해없음,개인형이동수단(PM),남,81세,중상
2023020900100150,2023년 2월 9일 11시,목요일,전라북도 익산시 황등면,중상사고,0,1,0,0,차대사람 - 횡단중,안전운전불이행,건조,맑음,단일로 - 기타,승용,여,52세,상해없음,보행자,여,70세,중상
2023020900100182,2023년 2월 9일 12시,목요일,전라북도 무주군 무주읍,중상사고,0,1,0,0,차대차 - 측면충돌,기타,건조,맑음,교차로 - 교차로안,이륜,여,55세,중상,농기계,남,79세,상해없음
2023020900100241,2023년 2월 9일 14시,목요일,전라북도 전주시 덕진구 금암동,경상사고,0,0,2,0,차대차 - 추돌,안전운전불이행,건조,맑음,단일로 - 기타,승용,남,64세,상해없음,승용,남,53세,경상
2023020900100261,2023년 2월 9일 15시,목요일,전라북도 군산시 옥산면,경상사고,0,0,2,0,차대차 - 측면충돌,신호위반,건조,맑음,교차로 - 교차로안,승용,여,66세,경상,승용,여,57세,경상
2023020900100348,2023년 2월 9일 18시,목요일,전라북도 전주시 완산구 평화동1가,경상사고,0,0,2,0,차대차 - 측면충돌,안전운전불이행,건조,맑음,교차로 - 교차로안,승용,여,45세,상해없음,승용,남,63세,경상
2023020900100349,2023년 2월 9일 18시,목요일,전라북도 익산시 오산면,경상사고,0,0,4,0,차대차 - 추돌,안전운전불이행,건조,맑음,교차로 - 교차로부근,승용,남,62세,상해없음,승용,남,64세,경상
2023020900100392,2023년 2월 9일 19시,목요일,전라북도 익산시 어양동,경상사고,0,0,1,0,차대차 - 기타,신호위반,건조,맑음,교차로 - 교차로안,화물,남,61세,상해없음,승용,여,25세,경상
2023020900100393,2023년 2월 9일 19시,목요일,전라북도 김제시 죽산면,경상사고,0,0,1,0,차대차 - 추돌,안전운전불이행,건조,맑음,교차로 - 교차로부근,승용,남,57세,상해없음,승용,여,61세,경상
2023020900100445,2023년 2월 9일 21시,목요일,전라북도 전주시 완산구 중화산동2가,경상사고,0,0,3,0,차대차 - 측면충돌,교차로운행방법위반,건조,맑음,교차로 - 교차로안,승용,남,53세,상해없음,승용,여,64세,경상
2023020900100474,2023년 2월 9일 22시,목요일,전라북도 전주시 덕진구 인후동1가,중상사고,0,3,0,0,차대사람 - 횡단중,신호위반,젖음/습기,비,교차로 - 교차로안,승용,남,70세,상해없음,보행자,여,46세,중상
2023020900100495,2023년 2월 9일 23시,목요일,전라북도 전주시 완산구 중화산동2가,경상사고,0,0,1,0,차대차 - 측면충돌,안전운전불이행,건조,맑음,단일로 - 기타,승용,남,50세,상해없음,승용,남,63세,경상
2023020900100496,2023년 2월 9일 23시,목요일,전라북도 익산시 창인동1가,경상사고,0,0,1,0,차대사람 - 기타,안전운전불이행,젖음/습기,비,단일로 - 기타,승용,남,63세,상해없음,보행자,남,33세,경상
2023021000100047,2023년 2월 10일 05시,금요일,전라북도 전주시 덕진구 덕진동1가,중상사고,0,1,1,0,차대차 - 측면충돌,불법유턴,건조,맑음,단일로 - 기타,자전거,남,75세,중상,승용,여,36세,경상
2023021000100048,2023년 2월 10일 05시,금요일,전라북도 김제시 금구면,중상사고,0,1,0,0,차대사람 - 횡단중,신호위반,젖음/습기,비,교차로 - 교차로부근,승용,남,50세,상해없음,보행자,여,79세,중상
2023021000100087,2023년 2월 10일 07시,금요일,전라북도 전주시 덕진구 호성동1가,중상사고,0,2,0,0,차대차 - 추돌,기타,젖음/습기,비,단일로 - 기타,승용,남,67세,상해없음,승용,남,33세,중상
2023021000100088,2023년 2월 10일 07시,금요일,전라북도 익산시 부송동,경상사고,0,0,1,0,차대차 - 기타,신호위반,건조,맑음,교차로 - 교차로횡단보도내,승용,남,54세,상해없음,자전거,남,32세,경상
2023021000100139,2023년 2월 10일 09시,금요일,전라북도 군산시 나운동,중상사고,0,1,1,0,차대차 - 측면충돌,신호위반,건조,맑음,교차로 - 교차로안,승용,남,74세,상해없음,승용,여,54세,경상
2023021000100168,2023년 2월 10일 10시,금요일,전라북도 전주시 덕진구 중동,경상사고,0,0,1,0,차대차 - 추돌,안전운전불이행,건조,맑음,기타 - 기타,승용,여,42세,상해없음,화물,남,38세,경상
2023021000100169,2023년 2월 10일 10시,금요일,전라북도 군산시 개정면,경상사고,0,0,1,0,차대차 - 측면충돌,직진우회전진행방해,건조,맑음,교차로 - 교차로안,승용,남,69세,상해없음,승용,여,72세,경상
2023021000100214,2023년 2월 10일 12시,금요일,전라북도 전주시 완산구 효자동1가,중상사고,0,1,0,0,차대차 - 기타,기타,젖음/습기,맑음,교차로 - 교차로부근,승용,여,44세,상해없음,이륜,남,43세,중상
2023021000100215,2023년 2월 10일 12시,금요일,전라북도 남원시 천거동,경상사고,0,0,2,0,차대차 - 측면충돌,안전운전불이행,건조,맑음,교차로 - 교차로부근,승용,남,24세,상해없음,승합,남,53세,상해없음
2023021000100255,2023년 2월 10일 14시,금요일,전라북도 군산시 미장동,경상사고,0,0,1,0,차대차 - 측면충돌,직진우회전진행방해,건조,맑음,교차로 - 교차로안,승용,여,41세,상해없음,승용,여,37세,경상
2023021000100256,2023년 2월 10일 14시,금요일,전라북도 군산시 옥산면,경상사고,0,0,1,0,차대차 - 측면충돌,안전거리미확보,건조,맑음,단일로 - 기타,화물,남,60세,상해없음,승용,남,30세,경상
2023021000100349,2023년 2월 10일 17시,금요일,전라북도 부안군 부안읍,중상사고,0,1,0,0,차대차 - 측면충돌,중앙선침범,건조,흐림,단일로 - 기타,승합,남,54세,상해없음,이륜,남,62세,중상
2023021000100389,2023년 2월 10일 18시,금요일,전라북도 정읍시 상동,경상사고,0,0,1,0,차대차 - 측면충돌,안전거리미확보,건조,흐림,교차로 - 교차로안,이륜,남,76세,경상,승용,여,42세,상해없음
2023021000100477,2023년 2월 10일 20시,금요일,전라북도 정읍시 상동,경상사고,0,0,1,0,차대차 - 측면충돌,중앙선침범,건조,맑음,교차로 - 교차로안,승용,여,54세,상해없음,승용,남,34세,경상
2023021000100506,2023년 2월 10일 21시,금요일,전라북도 장수군 장계면,사망사고,1,0,0,0,차량단독 - 공작물충돌,안전운전불이행,건조,흐림,교차로 - 교차로부근,이륜,남,59세,사망,,,,
2023021000100527,2023년 2월 10일 22시,금요일,전라북도 익산시 신동,경상사고,0,0,3,0,차대차 - 측면충돌,직진우회전진행방해,건조,맑음,교차로 - 교차로안,승용,여,51세,상해없음,승용,남,55세,경상
2023021100100012,2023년 2월 11일 00시,토요일,전라북도 익산시 어양동,경상사고,0,0,1,0,차대차 - 추돌,안전운전불이행,건조,맑음,교차로 - 교차로안,승용,남,54세,상해없음,승용,남,29세,경상
2023021100100132,2023년 2월 11일 10시,토요일,전라북도 전주시 덕진구 송천동2가,경상사고,0,0,1,0,차대차 - 측면충돌,안전거리미확보,건조,맑음,교차로 - 교차로안,승용,남,56세,상해없음,승용,여,52세,경상
2023021100100293,2023년 2월 11일 16시,토요일,전라북도 군산시 옥도면,경상사고,0,0,2,0,차대차 - 정면충돌,안전운전불이행,건조,맑음,단일로 - 지하차도(도로)내,승용,여,45세,상해없음,승용,남,34세,경상
2023021100100294,2023년 2월 11일 16시,토요일,전라북도 김제시 검산동,경상사고,0,0,1,0,차대차 - 측면충돌,안전운전불이행,건조,맑음,주차장 - 주차장,화물,남,53세,기타불명,이륜,남,68세,경상
2023021100100316,2023년 2월 11일 17시,토요일,전라북도 군산시 평화동,경상사고,0,0,2,0,차대차 - 측면충돌,직진우회전진행방해,건조,맑음,교차로 - 교차로안,승용,여,73세,경상,화물,남,60세,경상
2023021100100317,2023년 2월 11일 17시,토요일,전라북도 남원시 도통동,중상사고,0,1,0,0,차대차 - 측면충돌,신호위반,건조,맑음,교차로 - 교차로안,화물,남,58세,상해없음,이륜,남,38세,중상
2023021100100343,2023년 2월 11일 18시,토요일,전라북도 군산시 조촌동,경상사고,0,0,2,0,차대차 - 측면충돌,직진우회전진행방해,건조,맑음,교차로 - 교차로안,승용,여,48세,경상,승용,남,57세,경상
2023021100100445,2023년 2월 11일 22시,토요일,전라북도 군산시 소룡동,중상사고,0,1,1,0,차대차 - 추돌,안전운전불이행,건조,맑음,교차로 - 교차로부근,승용,남,59세,중상,승용,남,56세,경상
2023021100100466,2023년 2월 11일 23시,토요일,전라북도 전주시 완산구 효자동3가,경상사고,0,0,1,0,차대차 - 측면충돌,차로위반,건조,맑음,교차로 - 교차로안,승용,남,21세,상해없음,승용,남,26세,경상
2023021200100172,2023년 2월 12일 14시,일요일,전라북도 전주시 완산구 효자동2가,중상사고,0,1,3,0,차대차 - 기타,신호위반,건조,맑음,교차로 - 교차로안,승용,남,52세,경상,승용,남,62세,중상
2023021200100257,2023년 2월 12일 18시,일요일,전라북도 전주시 덕진구 인후동1가,경상사고,0,0,1,0,차대차 - 추돌,안전거리미확보,건조,맑음,단일로 - 기타,승용,남,48세,상해없음,화물,남,62세,경상
2023021200100258,2023년 2월 12일 18시,일요일,전라북도 정읍시 수성동,경상사고,0,0,1,0,차대차 - 추돌,안전운전불이행,건조,맑음,단일로 - 기타,승용,남,58세,상해없음,승용,남,59세,경상
2023021200100303,2023년 2월 12일 20시,일요일,전라북도 무주군 설천면,경상사고,0,0,1,0,차대차 - 측면충돌,안전운전불이행,건조,맑음,단일로 - 지하차도(도로)내,승용,남,27세,상해없음,승합,남,63세,경상
2023021200100345,2023년 2월 12일 22시,일요일,전라북도 전주시 덕진구 우아동3가,사망사고,1,0,0,0,차대차 - 측면충돌,안전운전불이행,건조,맑음,단일로 - 기타,승합,남,64세,상해없음,이륜,남,69세,사망
2023021300100004,2023년 2월 13일 00시,월요일,전라북도 전주시 완산구 중인동,사망사고,1,0,0,0,차량단독 - 전도전복 - 전복,안전운전불이행,건조,맑음,교차로 - 교차로안,승용,남,43세,사망,,,,
2023021300100116,2023년 2월 13일 09시,월요일,전라북도 전주시 완산구 서신동,경상사고,0,0,1,0,차대사람 - 횡단중,기타,건조,맑음,단일로 - 기타,승용,여,55세,기타불명,보행자,여,67세,경상
2023021300100210,2023년 2월 13일 13시,월요일,전라북도 군산시 산북동,경상사고,0,0,2,0,차대차 - 측면충돌,직진우회전진행방해,건조,맑음,교차로 - 교차로안,승용,남,79세,상해없음,화물,남,48세,경상
2023021300100211,2023년 2월 13일 13시,월요일,전라북도 익산시 모현동1가,경상사고,0,0,1,0,차대차 - 측면충돌,안전운전불이행,건조,맑음,교차로 - 교차로부근,승용,남,88세,상해없음,승합,남,58세,경상
2023021300100236,2023년 2월 13일 14시,월요일,전라북도 전주시 완산구 효자동1가,중상사고,0,1,1,0,차대차 - 추돌,안전운전불이행,건조,맑음,교차로 - 교차로부근,승합,남,57세,상해없음,승용,여,57세,중상
2023021300100263,2023년 2월 13일 15시,월요일,전라북도 전주시 덕진구 인후동1가,경상사고,0,0,1,0,차대차 - 측면충돌,교차로운행방법위반,건조,맑음,교차로 - 교차로안,승용,남,73세,상해없음,화물,남,57세,경상
2023021300100264,2023년 2월 13일 15시,월요일,전라북도 익산시 모현동1가,중상사고,0,1,2,0,차대차 - 측면충돌,직진우회전진행방해,건조,맑음,교차로 - 교차로안,승용,남,25세,상해없음,승용,남,81세,중상
2023021300100265,2023년 2월 13일 15시,월요일,전라북도 고창군 고수면,경상사고,0,0,1,0,차대차 - 측면충돌,교차로운행방법위반,건조,맑음,교차로 - 교차로안,승용,남,49세,상해없음,승용,여,64세,경상
2023021300100300,2023년 2월 13일 16시,월요일,전라북도 전주시 완산구 효자동3가,경상사고,0,0,1,0,차대사람 - 횡단중,안전운전불이행,건조,맑음,단일로 - 기타,승용,여,31세,상해없음,보행자,남,9세,경상
2023021300100337,2023년 2월 13일 17시,월요일,전라북도 정읍시 수성동,경상사고,0,0,1,0,차대사람 - 차도통행중,안전운전불이행,건조,맑음,단일로 - 기타,승용,여,43세,상해없음,보행자,여,28세,경상
2023021300100338,2023년 2월 13일 17시,월요일,전라북도 부안군 줄포면,경상사고,0,0,1,0,차량단독 - 전도전복 - 전도,안전운전불이행,건조,맑음,단일로 - 기타,사륜오토바이(ATV),여,60세,경상,,,,
2023021300100434,2023년 2월 13일 19시,월요일,전라북도 순창군 순창읍,중상사고,0,1,0,0,차대사람 - 횡단중,기타,건조,맑음,단일로 - 교량,승용,남,30세,상해없음,보행자,남,72세,중상
2023021300100435,2023년 2월 13일 19시,월요일,전라북도 장수군 천천면,경상사고,0,0,1,0,차대사람 - 기타,기타,건조,맑음,기타 - 기타,승용,남,62세,상해없음,보행자,남,65세,경상
2023021300100464,2023년 2월 13일 20시,월요일,전라북도 전주시 덕진구 장동,중상사고,0,1,0,0,차대사람 - 횡단중,안전운전불이행,건조,흐림,교차로 - 교차로안,승용,남,41세,상해없음,보행자,남,58세,중상
2023021400100007,2023년 2월 14일 00시,화요일,전라북도 순창군 순창읍,사망사고,1,0,0,0,차대사람 - 차도통행중,안전운전불이행,건조,맑음,단일로 - 기타,화물,남,40세,상해없음,보행자,남,47세,사망
2023021400100053,2023년 2월 14일 07시,화요일,전라북도 완주군 삼례읍,경상사고,0,0,1,0,차대사람 - 횡단중,안전운전불이행,건조,맑음,교차로 - 교차로안,승용,남,75세,상해없음,보행자,여,85세,경상
2023021400100098,2023년 2월 14일 09시,화요일,전라북도 김제시 흥사동,중상사고,0,1,1,0,차대차 - 정면충돌,직진우회전진행방해,건조,맑음,교차로 - 교차로안,화물,남,53세,상해없음,승합,남,67세,경상
2023021400100113,2023년 2월 14일 10시,화요일,전라북도 정읍시 시기동,경상사고,0,0,1,0,차대차 - 측면충돌,직진우회전진행방해,건조,맑음,교차로 - 교차로부근,승용,여,43세,상해없음,자전거,남,68세,경상
2023021400100230,2023년 2월 14일 15시,화요일,전라북도 정읍시 수성동,경상사고,0,0,2,0,차대차 - 측면충돌,직진우회전진행방해,건조,맑음,교차로 - 교차로안,승용,여,36세,상해없음,승용,남,35세,경상
2023021400100302,2023년 2월 14일 17시,화요일,전라북도 전주시 완산구 평화동2가,중상사고,0,1,0,0,차대사람 - 횡단중,안전운전불이행,건조,맑음,교차로 - 교차로부근,승합,여,31세,상해없음,보행자,남,10세,중상
2023021400100331,2023년 2월 14일 18시,화요일,전라북도 전주시 완산구 중노송동,경상사고,0,0,1,0,차대차 - 추돌,안전운전불이행,건조,맑음,단일로 - 기타,승용,여,62세,상해없음,승용,여,60세,경상
2023021400100332,2023년 2월 14일 18시,화요일,전라북도 군산시 소룡동,경상사고,0,0,1,0,차대차 - 추돌,안전운전불이행,건조,흐림,교차로 - 교차로부근,특수,남,63세,상해없음,화물,남,60세,경상
2023021400100333,2023년 2월 14일 18시,화요일,전라북도 군산시 오식도동,경상사고,0,0,1,0,차대차 - 기타,안전운전불이행,건조,맑음,교차로 - 교차로안,승용,여,34세,상해없음,승용,남,29세,경상
2023021400100401,2023년 2월 14일 20시,화요일,전라북도 군산시 오식도동,경상사고,0,0,1,0,차대차 - 기타,안전운전불이행,건조,맑음,단일로 - 기타,화물,남,51세,상해없음,승용,남,31세,경상
2023021500100041,2023년 2월 15일 06시,수요일,전라북도 익산시 오산면,중상사고,0,1,0,0,차대차 - 추돌,기타,건조,맑음,교차로 - 교차로부근,화물,남,53세,상해없음,이륜,남,56세,중상
2023021500100042,2023년 2월 15일 06시,수요일,전라북도 임실군 성수면,경상사고,0,0,1,0,차대차 - 측면충돌,불법유턴,건조,맑음,단일로 - 지하차도(도로)내,화물,남,61세,상해없음,화물,남,49세,경상
2023021500100197,2023년 2월 15일 13시,수요일,전라북도 군산시 삼학동,경상사고,0,0,1,0,차대차 - 측면충돌,기타,건조,맑음,단일로 - 지하차도(도로)내,승용,남,54세,상해없음,자전거,남,19세,경상
2023021500100198,2023년 2월 15일 13시,수요일,전라북도 익산시 오산면,경상사고,0,0,1,0,차대차 - 측면충돌,직진우회전진행방해,건조,맑음,교차로 - 교차로안,승용,남,39세,상해없음,화물,남,65세,경상
2023021500100246,2023년 2월 15일 15시,수요일,전라북도 전주시 덕진구 우아동2가,경상사고,0,0,1,0,차대사람 - 기타,기타,건조,맑음,단일로 - 기타,승합,남,56세,상해없음,보행자,여,75세,경상
2023021500100247,2023년 2월 15일 15시,수요일,전라북도 군산시 조촌동,경상사고,0,0,1,0,차대차 - 기타,안전운전불이행,건조,맑음,단일로 - 지하차도(도로)내,화물,남,68세,상해없음,이륜,남,17세,경상
2023021500100268,2023년 2월 15일 16시,수요일,전라북도 익산시 남중동,경상사고,0,0,1,0,차대사람 - 기타,안전운전불이행,건조,맑음,교차로 - 교차로안,승합,남,63세,상해없음,보행자,남,9세,경상
2023021500100365,2023년 2월 15일 19시,수요일,전라북도 전주시 덕진구 인후동1가,경상사고,0,0,1,0,차대차 - 측면충돌,중앙선침범,건조,맑음,단일로 - 기타,승용,남,53세,상해없음,이륜,남,43세,경상
2023021500100366,2023년 2월 15일 19시,수요일,전라북도 김제시 백구면,중상사고,0,1,1,0,차대차 - 정면충돌,안전운전불이행,건조,맑음,교차로 - 교차로안,승합,남,63세,상해없음,승용,남,72세,중상
2023021500100405,2023년 2월 15일 20시,수요일,전라북도 남원시 사매면,중상사고,0,1,1,0,차대차 - 추돌,안전운전불이행,건조,맑음,단일로 - 지하차도(도로)내,화물,남,43세,중상,농기계,남,65세,경상
2023021500100423,2023년 2월 15일 21시,수요일,전라북도 전주시 완산구 중노송동,경상사고,0,0,1,0,차대차 - 측면충돌,안전운전불이행,건조,맑음,단일로 - 기타,승용,남,57세,상해없음,승용,남,25세,경상
2023021600100072,2023년 2월 16일 07시,목요일,전라북도 군산시 산북동,경상사고,0,0,1,0,차대차 - 측면충돌,안전운전불이행,건조,맑음,단일로 - 지하차도(도로)내,자전거,남,57세,경상,승용,남,58세,상해없음
2023021600100073,2023년 2월 16일 07시,목요일,전라북도 남원시 식정동,중상사고,0,1,0,0,차대차 - 측면충돌,신호위반,건조,흐림,교차로 - 교차로안,승합,남,67세,상해없음,건설기계,남,55세,상해없음
2023021600100094,2023년 2월 16일 08시,목요일,전라북도 전주시 덕진구 호성동2가,경상사고,0,0,1,0,차대차 - 추돌,안전운전불이행,건조,맑음,교차로 - 교차로부근,승용,남,43세,상해없음,승용,여,31세,경상
2023021600100126,2023년 2월 16일 09시,목요일,전라북도 전주시 완산구 태평동,경상사고,0,0,1,0,차대차 - 측면충돌,안전운전불이행,건조,맑음,교차로 - 교차로안,승용,남,70세,상해없음,자전거,남,74세,경상
2023021600100153,2023년 2월 16일 10시,목요일,전라북도 전주시 덕진구 중동,경상사고,0,0,1,0,차대차 - 측면충돌,안전운전불이행,건조,맑음,교차로 - 교차로안,이륜,남,48세,상해없음,승용,남,69세,경상
2023021600100154,2023년 2월 16일 10시,목요일,전라북도 정읍시 상동,중상사고,0,1,0,0,차대사람 - 횡단중,안전운전불이행,건조,맑음,기타 - 기타,승용,남,65세,상해없음,보행자,여,60세,중상
2023021600100180,2023년 2월 16일 11시,목요일,전라북도 전주시 완산구 효자동2가,경상사고,0,0,1,0,차대차 - 측면충돌,안전운전불이행,건조,맑음,교차로 - 교차로부근,승용,남,29세,상해없음,승용,남,49세,경상
2023021600100209,2023년 2월 16일 13시,목요일,전라북도 전주시 덕진구 여의동2가,경상사고,0,0,1,0,차대차 - 추돌,기타,건조,맑음,교차로 - 교차로안,화물,남,63세,상해없음,이륜,남,38세,경상
2023021600100251,2023년 2월 16일 15시,목요일,전라북도 순창군 구림면,중상사고,0,1,0,0,차대사람 - 기타,안전운전불이행,건조,맑음,기타 - 기타,승용,여,64세,상해없음,보행자,여,84세,중상
2023021600100296,2023년 2월 16일 17시,목요일,전라북도 정읍시 신태인읍,경상사고,0,0,3,0,차대차 - 기타,신호위반,건조,맑음,교차로 - 교차로안,화물,남,47세,상해없음,화물,남,52세,경상
2023021600100338,2023년 2월 16일 18시,목요일,전라북도 전주시 덕진구 팔복동1가,중상사고,0,1,0,0,차대사람 - 차도통행중,중앙선침범,건조,맑음,교차로 - 교차로부근,화물,남,59세,상해없음,보행자,여,79세,중상
2023021600100366,2023년 2월 16일 19시,목요일,전라북도 무주군 무주읍,중상사고,0,1,1,0,차대차 - 측면충돌,신호위반,건조,맑음,교차로 - 교차로안,승용,남,60세,상해없음,승용,남,64세,중상
2023021700100005,2023년 2월 17일 00시,금요일,전라북도 전주시 덕진구 덕진동2가,경상사고,0,0,2,0,차대차 - 추돌,안전운전불이행,건조,맑음,교차로 - 교차로부근,승용,남,30세,상해없음,승용,남,56세,경상
2023021700100039,2023년 2월 17일 05시,금요일,전라북도 전주시 완산구 태평동,경상사고,0,0,1,0,차대사람 - 횡단중,신호위반,건조,맑음,교차로 - 교차로횡단보도내,승용,남,49세,상해없음,보행자,여,63세,경상
2023021700100062,2023년 2월 17일 07시,금요일,전라북도 익산시 성당면,경상사고,0,0,1,0,차대차 - 측면충돌,신호위반,건조,맑음,교차로 - 교차로안,화물,남,40세,상해없음,화물,남,65세,경상
2023021700100087,2023년 2월 17일 08시,금요일,전라북도 군산시 성산면,경상사고,0,0,1,0,차대차 - 추돌,안전운전불이행,건조,흐림,단일로 - 기타,화물,남,38세,상해없음,승용,여,35세,경상
2023021700100109,2023년 2월 17일 09시,금요일,전라북도 군산시 서흥남동,경상사고,0,0,1,0,차대차 - 측면충돌,신호위반,건조,흐림,교차로 - 교차로안,승용,남,45세,상해없음,승용,남,35세,경상
2023021700100129,2023년 2월 17일 10시,금요일,전라북도 전주시 완산구 중화산동2가,경상사고,0,0,1,0,차대사람 - 횡단중,보행자보호의무위반,건조,맑음,단일로 - 기타,승용,여,43세,상해없음,보행자,남,7세,경상
2023021700100162,2023년 2월 17일 11시,금요일,전라북도 익산시 어양동,경상사고,0,0,1,0,차대사람 - 보도통행중,기타,건조,맑음,단일로 - 기타,이륜,남,47세,상해없음,보행자,남,63세,경상
2023021700100253,2023년 2월 17일 15시,금요일,전라북도 정읍시 입암면,중상사고,0,1,0,0,차대사람 - 기타,안전운전불이행,건조,맑음,단일로 - 기타,화물,남,69세,상해없음,보행자,여,82세,중상
2023021700100254,2023년 2월 17일 15시,금요일,전라북도 완주군 상관면,경상사고,0,0,1,0,차대차 - 측면충돌,안전운전불이행,건조,맑음,단일로 - 교량,특수,남,44세,상해없음,승용,남,42세,경상
2023021700100467,2023년 2월 17일 21시,금요일,전라북도 군산시 경암동,경상사고,0,0,1,0,차대차 - 측면충돌,신호위반,건조,맑음,교차로 - 교차로안,승용,남,62세,상해없음,이륜,남,54세,경상
2023021800100044,2023년 2월 18일 04시,토요일,전라북도 고창군 고창읍,사망사고,1,0,0,0,차량단독 - 공작물충돌,기타,건조,맑음,교차로 - 교차로안,승용,남,59세,상해없음,,,,
2023021800100074,2023년 2월 18일 07시,토요일,전라북도 전주시 완산구 효자동1가,중상사고,0,1,0,0,차대차 - 기타,신호위반,건조,맑음,교차로 - 교차로안,승합,남,72세,기타불명,승용,남,58세,중상
2023021800100119,2023년 2월 18일 10시,토요일,전라북도 익산시 평화동,중상사고,0,1,0,0,차대차 - 측면충돌,안전운전불이행,건조,맑음,교차로 - 교차로안,화물,남,43세,상해없음,이륜,여,70세,중상
2023021800100136,2023년 2월 18일 11시,토요일,전라북도 전주시 덕진구 만성동,중상사고,0,1,0,0,차대차 - 측면충돌,교차로운행방법위반,건조,맑음,교차로 - 교차로안,승용,남,40세,상해없음,승용,남,36세,중상
2023021800100180,2023년 2월 18일 13시,토요일,전라북도 전주시 완산구 중앙동1가,경상사고,0,0,1,0,차대차 - 기타,신호위반,건조,맑음,교차로 - 교차로횡단보도내,승용,남,38세,상해없음,자전거,남,83세,경상
2023021800100224,2023년 2월 18일 15시,토요일,전라북도 전주시 덕진구 금암동,경상사고,0,0,2,0,차대차 - 측면충돌,중앙선침범,건조,맑음,교차로 - 교차로부근,승용,남,49세,상해없음,승용,남,20세,경상
2023021800100301,2023년 2월 18일 18시,토요일,전라북도 군산시 미룡동,경상사고,0,0,1,0,차대사람 - 횡단중,보행자보호의무위반,건조,맑음,교차로 - 교차로횡단보도내,승용,남,66세,상해없음,보행자,남,23세,경상
2023021800100355,2023년 2월 18일 20시,토요일,전라북도 정읍시 시기동,경상사고,0,0,1,1,차대차 - 측면충돌,신호위반,건조,맑음,교차로 - 교차로안,승용,여,68세,상해없음,승용,남,26세,경상
2023021800100381,2023년 2월 18일 21시,토요일,전라북도 완주군 용진읍,사망사고,1,0,0,0,차대사람 - 횡단중,보행자보호의무위반,젖음/습기,비,교차로 - 교차로횡단보도내,승용,남,43세,상해없음,보행자,남,59세,사망
2023021800100412,2023년 2월 18일 23시,토요일,전라북도 전주시 완산구 서신동,경상사고,0,0,1,0,차대차 - 측면충돌,차로위반,젖음/습기,비,교차로 - 교차로부근,승용,남,27세,상해없음,승용,여,20세,경상
2023021900100007,2023년 2월 19일 00시,일요일,전라북도 익산시 부송동,경상사고,0,0,1,0,차대사람 - 횡단중,보행자보호의무위반,건조,맑음,교차로 - 교차로횡단보도내,개인형이동수단(PM),남,45세,상해없음,보행자,남,64세,경상
2023021900100047,2023년 2월 19일 05시,일요일,전라북도 군산시 중앙로3가,경상사고,0,0,1,0,차대사람 - 차도통행중,안전운전불이행,건조,맑음,단일로 - 기타,승용,남,63세,기타불명,보행자,남,71세,경상
2023021900100066,2023년 2월 19일 08시,일요일,전라북도 전주시 덕진구 금상동,경상사고,0,0,4,0,차대차 - 추돌,안전운전불이행,건조,흐림,단일로 - 기타,승용,남,25세,상해없음,승합,남,67세,상해없음
2023021900100230,2023년 2월 19일 16시,일요일,전라북도 전주시 덕진구 금암동,경상사고,0,0,1,0,차대차 - 추돌,안전운전불이행,건조,맑음,단일로 - 기타,화물,남,55세,상해없음,승용,여,54세,경상
2023021900100284,2023년 2월 19일 18시,일요일,전라북도 군산시 수송동,중상사고,0,1,0,0,차대차 - 기타,중앙선침범,건조,맑음,단일로 - 지하차도(도로)내,원동기,남,28세,상해없음,승용,남,54세,중상