사고번호,사고일시,요일,시군구,사고내용,사망자수,중상자수,경상자수,부상신고자수,사고유형,법규위반,노면상태,기상상태,도로형태,가해운전자 차종,가해운전자 성별,가해운전자 연령,가해운전자 상해정도,피해운전자 차종,피해운전자 성별,피해운전자 연령,피해운전자 상해정도
2023021900100333,2023년 2월 19일 20시,일요일,전라북도 군산시 조촌동,경상사고,0,0,1,0,차대차 - 추돌,안전운전불이행,건조,맑음,교차로 - 교차로부근,승용,남,72세,상해없음,승용,남,61세,경상
2023022000100015,2023년 2월 20일 02시,월요일,전라북도 군산시 나운동,경상사고,0,0,1,0,차대사람 - 차도통행중,안전운전불이행,건조,맑음,단일로 - 기타,승용,남,41세,기타불명,보행자,여,39세,경상
2023022000100194,2023년 2월 20일 11시,월요일,전라북도 남원시 향교동,경상사고,0,0,1,0,차대차 - 추돌,안전운전불이행,건조,맑음,교차로 - 교차로횡단보도내,승용,남,66세,상해없음,승용,남,71세,경상
2023022000100195,2023년 2월 20일 11시,월요일,전라북도 고창군 상하면,사망사고,1,0,0,0,차량단독 - 전도전복 - 전도,안전운전불이행,건조,맑음,교차로 - 교차로안,농기계,남,88세,사망,,,,
2023022000100271,2023년 2월 20일 13시,월요일,전라북도 순창군 순창읍,부상신고사고,0,0,0,1,차대차 - 측면충돌,안전운전불이행,건조,맑음,교차로 - 교차로부근,승용,남,82세,부상신고,화물,남,67세,상해없음
2023022000100296,2023년 2월 20일 14시,월요일,전라북도 순창군 금과면,중상사고,0,1,0,0,차대사람 - 횡단중,안전운전불이행,건조,맑음,교차로 - 교차로안,승용,남,77세,상해없음,보행자,여,86세,중상
2023022000100319,2023년 2월 20일 15시,월요일,전라북도 군산시 미장동,경상사고,0,0,1,0,차대차 - 측면충돌,중앙선침범,건조,맑음,단일로 - 기타,승용,남,59세,상해없음,이륜,남,30세,경상
2023022000100320,2023년 2월 20일 15시,월요일,전라북도 고창군 성내면,사망사고,1,0,1,0,차대사람 - 기타,안전운전불이행,건조,맑음,단일로 - 기타,화물,남,71세,경상,보행자,여,74세,사망
2023022000100359,2023년 2월 20일 16시,월요일,전라북도 전주시 덕진구 고랑동,중상사고,0,2,0,0,차대차 - 정면충돌,안전운전불이행,건조,맑음,단일로 - 기타,승용,남,21세,상해없음,화물,남,64세,상해없음
2023022000100390,2023년 2월 20일 17시,월요일,전라북도 전주시 완산구 효자동1가,중상사고,0,1,1,0,차대사람 - 기타,신호위반,건조,맑음,교차로 - 교차로횡단보도내,승합,남,55세,상해없음,보행자,여,20세,중상
2023022000100516,2023년 2월 20일 21시,월요일,전라북도 군산시 수송동,중상사고,0,1,1,0,차대차 - 정면충돌,중앙선침범,건조,맑음,단일로 - 기타,자전거,남,14세,중상,승용,여,41세,경상
2023022000100533,2023년 2월 20일 22시,월요일,전라북도 전주시 완산구 효자동3가,경상사고,0,0,1,0,차대사람 - 횡단중,안전운전불이행,건조,맑음,단일로 - 기타,승용,남,54세,상해없음,보행자,남,40세,경상
2023022100100004,2023년 2월 21일 00시,화요일,전라북도 전주시 덕진구 인후동1가,경상사고,0,0,1,0,차대차 - 측면충돌,안전운전불이행,건조,맑음,단일로 - 기타,승용,여,71세,상해없음,화물,남,49세,경상
2023022100100067,2023년 2월 21일 07시,화요일,전라북도 전주시 완산구 서서학동,중상사고,0,1,0,0,차대차 - 정면충돌,안전운전불이행,건조,맑음,교차로 - 교차로부근,승용,남,78세,상해없음,자전거,남,67세,중상
2023022100100068,2023년 2월 21일 07시,화요일,전라북도 남원시 주생면,경상사고,0,0,2,0,차대차 - 추돌,안전운전불이행,건조,맑음,단일로 - 기타,화물,남,63세,상해없음,승용,남,18세,경상
2023022100100117,2023년 2월 21일 09시,화요일,전라북도 전주시 덕진구 송천동2가,경상사고,0,0,1,0,차대차 - 측면충돌,안전운전불이행,건조,맑음,단일로 - 기타,이륜,남,50세,상해없음,승용,여,58세,경상
2023022100100137,2023년 2월 21일 10시,화요일,전라북도 순창군 순창읍,부상신고사고,0,0,0,1,차량단독 - 전도전복 - 전도,안전운전불이행,건조,맑음,교차로 - 교차로부근,화물,남,50세,부상신고,,,,
2023022100100209,2023년 2월 21일 12시,화요일,전라북도 전주시 완산구 서신동,경상사고,0,0,1,0,차대차 - 추돌,안전거리미확보,건조,맑음,교차로 - 교차로부근,승용,남,33세,상해없음,승용,남,36세,경상
2023022100100237,2023년 2월 21일 13시,화요일,전라북도 전주시 완산구 전동,경상사고,0,0,1,0,차대사람 - 횡단중,안전운전불이행,건조,맑음,교차로 - 교차로부근,승용,여,56세,상해없음,보행자,여,73세,경상
2023022100100238,2023년 2월 21일 13시,화요일,전라북도 군산시 수송동,경상사고,0,0,1,0,차대차 - 측면충돌,신호위반,건조,맑음,교차로 - 교차로안,승용,남,64세,상해없음,승용,여,65세,경상
2023022100100272,2023년 2월 21일 14시,화요일,전라북도 전주시 완산구 서신동,경상사고,0,0,1,0,차대차 - 측면충돌,신호위반,건조,맑음,교차로 - 교차로부근,승용,남,65세,상해없음,이륜,남,44세,경상
2023022100100273,2023년 2월 21일 14시,화요일,전라북도 김제시 만경읍,경상사고,0,0,3,0,차대차 - 측면충돌,신호위반,건조,맑음,교차로 - 교차로안,화물,남,80세,상해없음,승용,여,41세,경상
2023022100100274,2023년 2월 21일 14시,화요일,전라북도 고창군 고창읍,중상사고,0,1,2,0,차대차 - 측면충돌,차로위반,건조,맑음,교차로 - 교차로부근,승용,남,29세,상해없음,승용,남,23세,경상
2023022100100302,2023년 2월 21일 15시,화요일,전라북도 남원시 금동,경상사고,0,0,1,0,차대사람 - 횡단중,안전운전불이행,건조,맑음,단일로 - 기타,승용,여,62세,상해없음,보행자,여,17세,경상
2023022100100364,2023년 2월 21일 17시,화요일,전라북도 전주시 완산구 중화산동1가,경상사고,0,0,1,0,차대차 - 측면충돌,안전운전불이행,건조,맑음,교차로 - 교차로횡단보도내,승용,여,30세,상해없음,개인형이동수단(PM),여,21세,경상
2023022100100365,2023년 2월 21일 17시,화요일,전라북도 정읍시 시기동,중상사고,0,1,0,0,차대차 - 측면충돌,신호위반,건조,맑음,교차로 - 교차로안,승용,여,53세,상해없음,승용,남,48세,중상
2023022100100442,2023년 2월 21일 19시,화요일,전라북도 완주군 용진읍,경상사고,0,0,1,0,차대차 - 측면충돌,안전운전불이행,건조,맑음,교차로 - 교차로안,승용,여,29세,상해없음,화물,남,66세,경상
2023022100100484,2023년 2월 21일 21시,화요일,전라북도 군산시 비응도동,경상사고,0,0,1,0,차대차 - 측면충돌,신호위반,건조,맑음,교차로 - 교차로안,화물,남,64세,상해없음,승용,남,59세,경상
2023022200100026,2023년 2월 22일 04시,수요일,전라북도 익산시 신동,경상사고,0,0,1,0,차대사람 - 차도통행중,안전운전불이행,건조,맑음,단일로 - 기타,승용,남,18세,상해없음,보행자,남,29세,경상
2023022200100034,2023년 2월 22일 05시,수요일,전라북도 전주시 덕진구 금암동,중상사고,0,1,0,0,차대차 - 측면충돌,안전운전불이행,건조,맑음,교차로 - 교차로부근,화물,남,58세,상해없음,이륜,남,52세,중상
2023022200100083,2023년 2월 22일 08시,수요일,전라북도 정읍시 상동,중상사고,0,1,0,0,차대사람 - 횡단중,보행자보호의무위반,건조,맑음,교차로 - 교차로횡단보도내,화물,남,76세,상해없음,보행자,여,76세,중상
2023022200100110,2023년 2월 22일 09시,수요일,전라북도 완주군 봉동읍,중상사고,0,1,0,0,차대사람 - 보도통행중,기타,건조,맑음,기타 - 기타,승용,여,44세,기타불명,보행자,여,61세,중상
2023022200100142,2023년 2월 22일 10시,수요일,전라북도 전주시 완산구 서신동,경상사고,0,0,1,0,차대차 - 추돌,안전운전불이행,건조,맑음,교차로 - 교차로안,승용,남,32세,상해없음,승용,여,26세,경상
2023022200100143,2023년 2월 22일 10시,수요일,전라북도 익산시 동산동,경상사고,0,0,1,0,차대차 - 측면충돌,안전운전불이행,건조,맑음,단일로 - 기타,승용,여,66세,상해없음,자전거,남,80세,경상
2023022200100144,2023년 2월 22일 10시,수요일,전라북도 익산시 갈산동,경상사고,0,0,1,0,차대차 - 측면충돌,불법유턴,건조,맑음,단일로 - 기타,자전거,남,65세,경상,승용,남,37세,상해없음
2023022200100145,2023년 2월 22일 10시,수요일,전라북도 완주군 이서면,중상사고,0,2,3,0,차대사람 - 기타,안전운전불이행,건조,맑음,주차장 - 주차장,승용,남,70세,상해없음,보행자,남,45세,중상
2023022200100175,2023년 2월 22일 11시,수요일,전라북도 전주시 완산구 평화동1가,중상사고,0,1,0,0,차대사람 - 횡단중,안전운전불이행,건조,맑음,단일로 - 기타,승용,남,63세,상해없음,보행자,여,72세,중상
2023022200100176,2023년 2월 22일 11시,수요일,전라북도 군산시 수송동,중상사고,0,1,0,0,차대차 - 기타,교차로운행방법위반,건조,맑음,교차로 - 교차로안,승용,남,47세,상해없음,원동기,여,57세,중상
2023022200100177,2023년 2월 22일 11시,수요일,전라북도 완주군 이서면,사망사고,1,0,2,0,차대차 - 기타,교차로운행방법위반,건조,맑음,교차로 - 교차로안,승용,남,59세,사망,승용,남,34세,경상
2023022200100212,2023년 2월 22일 12시,수요일,전라북도 정읍시 시기동,중상사고,0,1,1,0,차대차 - 기타,안전운전불이행,건조,맑음,단일로 - 기타,승용,여,47세,상해없음,자전거,여,46세,중상
2023022200100234,2023년 2월 22일 13시,수요일,전라북도 전주시 완산구 효자동2가,경상사고,0,0,2,0,차대차 - 측면충돌,안전운전불이행,건조,맑음,교차로 - 교차로안,승용,남,26세,상해없음,승용,여,26세,경상
2023022200100354,2023년 2월 22일 17시,수요일,전라북도 전주시 완산구 평화동1가,중상사고,0,1,0,0,차대차 - 정면충돌,안전운전불이행,건조,맑음,교차로 - 교차로안,승용,여,26세,상해없음,이륜,남,58세,중상
2023022200100355,2023년 2월 22일 17시,수요일,전라북도 군산시 죽성동,경상사고,0,0,3,0,차대차 - 기타,교차로운행방법위반,건조,맑음,교차로 - 교차로안,승용,여,67세,경상,승용,남,66세,경상
2023022200100510,2023년 2월 22일 23시,수요일,전라북도 전주시 완산구 중화산동2가,경상사고,0,0,1,0,차대사람 - 횡단중,안전운전불이행,젖음/습기,눈,단일로 - 기타,이륜,남,53세,상해없음,보행자,남,38세,경상
2023022200100511,2023년 2월 22일 23시,수요일,전라북도 전주시 덕진구 송천동1가,경상사고,0,0,3,0,차대차 - 측면충돌,안전운전불이행,건조,맑음,미분류 - 미분류,승용,남,41세,상해없음,승용,남,50세,상해없음
2023022200100512,2023년 2월 22일 23시,수요일,전라북도 군산시 조촌동,경상사고,0,0,1,0,차대사람 - 횡단중,보행자보호의무위반,건조,맑음,교차로 - 교차로횡단보도내,승용,남,22세,상해없음,보행자,남,26세,경상
2023022300100030,2023년 2월 23일 04시,목요일,전라북도 전주시 완산구 효자동3가,경상사고,0,0,2,0,차대차 - 측면충돌,안전운전불이행,젖음/습기,비,교차로 - 교차로안,승용,남,18세,상해없음,승용,남,21세,상해없음
2023022300100063,2023년 2월 23일 07시,목요일,전라북도 전주시 덕진구 덕진동1가,중상사고,0,1,0,0,차대차 - 측면충돌,불법유턴,젖음/습기,흐림,교차로 - 교차로부근,승용,남,28세,상해없음,원동기,남,61세,중상
2023022300100064,2023년 2월 23일 07시,목요일,전라북도 군산시 내흥동,경상사고,0,0,2,0,차대차 - 기타,중앙선침범,건조,맑음,교차로 - 교차로안,승용,남,61세,경상,화물,남,52세,경상
2023022300100089,2023년 2월 23일 08시,목요일,전라북도 군산시 조촌동,경상사고,0,0,1,0,차대차 - 측면충돌,신호위반,건조,맑음,교차로 - 교차로안,승용,여,50세,상해없음,승용,남,58세,경상
2023022300100090,2023년 2월 23일 08시,목요일,전라북도 정읍시 덕천면,중상사고,0,1,0,0,차대차 - 정면충돌,중앙선침범,젖음/습기,안개,단일로 - 기타,승용,여,61세,상해없음,승용,남,47세,중상
2023022300100123,2023년 2월 23일 09시,목요일,전라북도 진안군 진안읍,경상사고,0,0,1,0,차대차 - 정면충돌,중앙선침범,건조,맑음,단일로 - 기타,승용,남,65세,상해없음,승용,여,61세,경상
2023022300100147,2023년 2월 23일 10시,목요일,전라북도 군산시 산북동,경상사고,0,0,4,0,차대차 - 측면충돌,신호위반,건조,맑음,교차로 - 교차로부근,승용,여,46세,경상,승용,여,34세,경상
2023022300100148,2023년 2월 23일 10시,목요일,전라북도 남원시 신정동,경상사고,0,0,1,0,차대차 - 측면충돌,직진우회전진행방해,건조,맑음,교차로 - 교차로안,화물,남,71세,상해없음,화물,남,75세,경상
2023022300100149,2023년 2월 23일 10시,목요일,전라북도 완주군 삼례읍,경상사고,0,0,2,0,차대차 - 추돌,안전운전불이행,건조,맑음,단일로 - 기타,화물,남,62세,상해없음,승용,남,74세,경상
2023022300100216,2023년 2월 23일 13시,목요일,전라북도 군산시 수송동,경상사고,0,0,2,0,차대차 - 추돌,안전운전불이행,건조,맑음,단일로 - 지하차도(도로)내,승용,여,64세,상해없음,승용,여,41세,경상
2023022300100252,2023년 2월 23일 14시,목요일,전라북도 부안군 부안읍,경상사고,0,0,1,0,차대사람 - 횡단중,안전운전불이행,건조,맑음,단일로 - 기타,승용,남,76세,상해없음,보행자,여,58세,경상
2023022300100253,2023년 2월 23일 14시,목요일,전라북도 임실군 덕치면,중상사고,0,1,0,0,차대차 - 정면충돌,교차로운행방법위반,건조,맑음,교차로 - 교차로안,승용,남,50세,상해없음,승용,여,58세,중상
2023022300100310,2023년 2월 23일 16시,목요일,전라북도 전주시 덕진구 호성동1가,경상사고,0,0,1,0,차대차 - 측면충돌,안전운전불이행,건조,맑음,단일로 - 기타,승용,남,63세,상해없음,화물,남,45세,상해없음
2023022300100311,2023년 2월 23일 16시,목요일,전라북도 군산시 대야면,중상사고,0,1,0,0,차대차 - 기타,안전운전불이행,건조,맑음,단일로 - 지하차도(도로)내,기타불명,기타불명,미분류,기타불명,개인형이동수단(PM),여,61세,중상
2023022300100373,2023년 2월 23일 18시,목요일,전라북도 전주시 덕진구 금암동,경상사고,0,0,1,0,차대차 - 추돌,안전운전불이행,건조,맑음,교차로 - 교차로안,승용,남,45세,상해없음,승용,남,68세,경상
2023022300100412,2023년 2월 23일 19시,목요일,전라북도 군산시 소룡동,경상사고,0,0,2,0,차대차 - 측면충돌,안전운전불이행,건조,맑음,단일로 - 지하차도(도로)내,승용,남,51세,상해없음,승용,남,27세,경상
2023022300100413,2023년 2월 23일 19시,목요일,전라북도 익산시 동산동,경상사고,0,0,1,0,차대사람 - 횡단중,보행자보호의무위반,건조,맑음,교차로 - 교차로횡단보도내,승용,남,42세,상해없음,보행자,남,75세,경상
2023022300100472,2023년 2월 23일 22시,목요일,전라북도 전주시 완산구 중화산동1가,경상사고,0,0,2,0,차대차 - 측면충돌,안전거리미확보,건조,맑음,단일로 - 기타,승용,남,61세,상해없음,승용,남,21세,경상
2023022300100473,2023년 2월 23일 22시,목요일,전라북도 군산시 지곡동,경상사고,0,0,1,0,차대차 - 측면충돌,안전운전불이행,건조,맑음,교차로 - 교차로횡단보도내,승용,남,29세,상해없음,자전거,남,14세,경상
2023022400100049,2023년 2월 24일 06시,금요일,전라북도 전주시 완산구 효자동2가,중상사고,0,1,1,0,차대차 - 정면충돌,신호위반,건조,맑음,교차로 - 교차로안,승용,남,70세,상해없음,승용,남,49세,경상
2023022400100126,2023년 2월 24일 09시,금요일,전라북도 전주시 완산구 효자동3가,경상사고,0,0,1,0,차대차 - 측면충돌,직진우회전진행방해,건조,맑음,교차로 - 교차로안,승용,남,24세,상해없음,승용,남,39세,경상
2023022400100127,2023년 2월 24일 09시,금요일,전라북도 전주시 완산구 서신동,경상사고,0,0,1,0,차대사람 - 횡단중,보행자보호의무위반,건조,맑음,교차로 - 교차로횡단보도내,승용,남,33세,상해없음,보행자,여,73세,경상
2023022400100159,2023년 2월 24일 10시,금요일,전라북도 남원시 산동면,중상사고,0,1,0,0,차대차 - 측면충돌,안전운전불이행,건조,맑음,교차로 - 교차로안,승용,여,53세,상해없음,승용,남,29세,중상
2023022400100192,2023년 2월 24일 11시,금요일,전라북도 익산시 창인동1가,경상사고,0,0,1,0,차대차 - 기타,신호위반,건조,맑음,교차로 - 교차로안,승용,남,62세,상해없음,승용,여,61세,경상
2023022400100193,2023년 2월 24일 11시,금요일,전라북도 완주군 이서면,중상사고,0,1,0,0,차대차 - 측면충돌,안전거리미확보,건조,맑음,단일로 - 기타,승용,남,79세,상해없음,이륜,여,25세,중상
2023022400100254,2023년 2월 24일 13시,금요일,전라북도 군산시 옥산면,경상사고,0,0,1,0,차대차 - 기타,기타,건조,맑음,단일로 - 기타,화물,남,71세,상해없음,승용,남,29세,경상
2023022400100273,2023년 2월 24일 14시,금요일,전라북도 전주시 완산구 상림동,경상사고,0,0,2,0,차대차 - 추돌,안전거리미확보,건조,맑음,단일로 - 기타,승용,남,66세,상해없음,승용,여,41세,경상
2023022400100274,2023년 2월 24일 14시,금요일,전라북도 전주시 덕진구 산정동,중상사고,0,1,3,0,차대차 - 정면충돌,중앙선침범,건조,맑음,단일로 - 기타,승용,남,80세,상해없음,승용,여,31세,중상
2023022400100275,2023년 2월 24일 14시,금요일,전라북도 정읍시 금붕동,중상사고,0,1,1,0,차대차 - 측면충돌,신호위반,건조,맑음,교차로 - 교차로안,승용,남,66세,상해없음,승용,남,73세,경상
2023022400100307,2023년 2월 24일 15시,금요일,전라북도 전주시 완산구 효자동3가,중상사고,0,1,0,0,차대사람 - 차도통행중,안전운전불이행,건조,맑음,단일로 - 기타,화물,남,39세,상해없음,보행자,여,64세,중상
2023022400100308,2023년 2월 24일 15시,금요일,전라북도 정읍시 상동,경상사고,0,0,1,0,차대차 - 측면충돌,신호위반,건조,맑음,교차로 - 교차로안,승용,여,38세,상해없음,승합,남,39세,경상
2023022400100342,2023년 2월 24일 16시,금요일,전라북도 군산시 미원동,경상사고,0,0,1,0,차대사람 - 길가장자리구역통행중,안전운전불이행,건조,맑음,교차로 - 교차로안,화물,남,48세,상해없음,보행자,남,62세,경상
2023022400100343,2023년 2월 24일 16시,금요일,전라북도 군산시 조촌동,경상사고,0,0,1,0,차대사람 - 길가장자리구역통행중,안전운전불이행,건조,맑음,단일로 - 기타,승용,여,49세,상해없음,보행자,남,14세,경상
2023022400100386,2023년 2월 24일 17시,금요일,전라북도 전주시 완산구 태평동,경상사고,0,0,4,0,차대차 - 추돌,안전운전불이행,건조,맑음,단일로 - 기타,승용,남,64세,상해없음,승용,남,34세,경상
2023022400100524,2023년 2월 24일 21시,금요일,전라북도 전주시 완산구 경원동3가,경상사고,0,0,1,0,차대차 - 기타,차로위반,건조,맑음,교차로 - 교차로부근,승용,남,25세,상해없음,승합,남,54세,상해없음
2023022400100525,2023년 2월 24일 21시,금요일,전라북도 전주시 덕진구 덕진동1가,경상사고,0,0,1,0,차대차 - 추돌,안전운전불이행,건조,맑음,기타 - 기타,승용,남,40세,상해없음,승용,남,64세,경상
2023022400100572,2023년 2월 24일 23시,금요일,전라북도 군산시 신영동,경상사고,0,0,1,0,차대차 - 측면충돌,안전운전불이행,건조,맑음,교차로 - 교차로부근,화물,남,50세,상해없음,승용,남,44세,경상
2023022500100008,2023년 2월 25일 00시,토요일,전라북도 고창군 고수면,경상사고,0,0,1,0,차대차 - 추돌,안전거리미확보,건조,맑음,단일로 - 터널,승용,남,33세,상해없음,승용,남,38세,경상
2023022500100035,2023년 2월 25일 03시,토요일,전라북도 익산시 신동,경상사고,0,0,1,0,차대사람 - 기타,안전운전불이행,건조,맑음,단일로 - 기타,이륜,남,17세,상해없음,보행자,남,26세,경상
2023022500100042,2023년 2월 25일 04시,토요일,전라북도 전주시 완산구 중화산동2가,중상사고,0,1,0,0,차대사람 - 횡단중,신호위반,건조,맑음,교차로 - 교차로안,승용,남,64세,상해없음,보행자,여,81세,중상
2023022500100074,2023년 2월 25일 07시,토요일,전라북도 군산시 미원동,중상사고,0,1,0,0,차대사람 - 길가장자리구역통행중,안전운전불이행,건조,맑음,단일로 - 기타,승용,남,47세,상해없음,보행자,남,62세,중상
2023022500100091,2023년 2월 25일 08시,토요일,전라북도 전주시 완산구 상림동,중상사고,0,1,4,0,차대차 - 추돌,안전운전불이행,건조,맑음,기타 - 기타,승용,여,33세,중상,승용,여,40세,경상
2023022500100112,2023년 2월 25일 09시,토요일,전라북도 전주시 덕진구 장동,경상사고,0,0,1,0,차대사람 - 보도통행중,기타,건조,맑음,단일로 - 기타,승용,남,44세,상해없음,보행자,여,53세,경상
2023022500100113,2023년 2월 25일 09시,토요일,전라북도 부안군 동진면,사망사고,1,0,0,0,차량단독 - 기타,안전운전불이행,건조,맑음,단일로 - 기타,농기계,남,84세,사망,,,,
2023022500100140,2023년 2월 25일 10시,토요일,전라북도 전주시 덕진구 우아동3가,경상사고,0,0,1,0,차대사람 - 기타,안전운전불이행,건조,맑음,단일로 - 기타,자전거,남,80세,상해없음,보행자,여,67세,경상
2023022500100141,2023년 2월 25일 10시,토요일,전라북도 정읍시 연지동,중상사고,0,1,0,0,차대사람 - 횡단중,신호위반,건조,맑음,교차로 - 교차로부근,화물,남,73세,상해없음,보행자,남,67세,중상
2023022500100179,2023년 2월 25일 11시,토요일,전라북도 정읍시 구룡동,경상사고,0,0,1,0,차대차 - 측면충돌,교차로운행방법위반,건조,맑음,교차로 - 교차로안,승용,여,33세,상해없음,화물,남,69세,경상
2023022500100292,2023년 2월 25일 14시,토요일,전라북도 전주시 완산구 효자동1가,경상사고,0,0,1,0,차대차 - 측면충돌,직진우회전진행방해,건조,맑음,교차로 - 교차로안,승용,남,63세,상해없음,승용,여,25세,경상
2023022500100293,2023년 2월 25일 14시,토요일,전라북도 전주시 덕진구 송천동2가,경상사고,0,0,1,0,차대차 - 추돌,안전운전불이행,건조,맑음,교차로 - 교차로부근,승용,남,21세,상해없음,승용,남,36세,경상
2023022500100294,2023년 2월 25일 14시,토요일,전라북도 군산시 대야면,경상사고,0,0,3,0,차대차 - 측면충돌,신호위반,건조,맑음,교차로 - 교차로안,승용,남,73세,상해없음,승용,남,50세,경상
2023022500100295,2023년 2월 25일 14시,토요일,전라북도 군산시 경암동,경상사고,0,0,1,0,차대차 - 추돌,안전운전불이행,건조,맑음,단일로 - 기타,승용,남,30세,상해없음,승용,남,83세,경상
2023022500100333,2023년 2월 25일 15시,토요일,전라북도 군산시 조촌동,경상사고,0,0,4,1,차대차 - 측면충돌,교차로운행방법위반,건조,맑음,교차로 - 교차로안,승용,여,52세,부상신고,승용,남,69세,경상
2023022500100462,2023년 2월 25일 19시,토요일,전라북도 전주시 덕진구 인후동1가,경상사고,0,0,1,0,차대사람 - 횡단중,보행자보호의무위반,건조,맑음,교차로 - 교차로횡단보도내,승용,여,45세,상해없음,보행자,남,53세,경상
2023022500100463,2023년 2월 25일 19시,토요일,전라북도 군산시 지곡동,경상사고,0,0,1,0,차대차 - 측면충돌,신호위반,건조,맑음,교차로 - 교차로부근,승용,남,54세,상해없음,이륜,남,51세,경상
2023022500100489,2023년 2월 25일 20시,토요일,전라북도 군산시 지곡동,경상사고,0,0,1,0,차대차 - 후진중충돌,안전운전불이행,건조,맑음,단일로 - 기타,승용,남,30세,상해없음,이륜,남,24세,경상
2023022600100014,2023년 2월 26일 01시,일요일,전라북도 고창군 신림면,경상사고,0,0,1,0,차대차 - 측면충돌,안전운전불이행,건조,맑음,단일로 - 기타,승용,남,49세,상해없음,자전거,남,52세,경상
2023022600100135,2023년 2월 26일 12시,일요일,전라북도 전주시 완산구 삼천동1가,경상사고,0,0,2,0,차대차 - 측면충돌,신호위반,건조,맑음,교차로 - 교차로부근,승용,여,72세,상해없음,승용,남,36세,경상
2023022600100136,2023년 2월 26일 12시,일요일,전라북도 전주시 완산구 서신동,경상사고,0,0,3,0,차대차 - 후진중충돌,안전운전불이행,건조,맑음,단일로 - 기타,승용,남,57세,상해없음,승용,남,49세,경상
2023022600100137,2023년 2월 26일 12시,일요일,전라북도 전주시 덕진구 금암동,경상사고,0,0,2,0,차대차 - 추돌,안전운전불이행,건조,맑음,기타 - 기타,이륜,남,43세,상해없음,승용,남,29세,경상
2023022600100172,2023년 2월 26일 13시,일요일,전라북도 익산시 춘포면,경상사고,0,0,1,0,차대차 - 기타,안전거리미확보,건조,맑음,기타 - 기타,승용,남,32세,상해없음,승용,남,71세,경상
2023022600100173,2023년 2월 26일 13시,일요일,전라북도 김제시 서암동,중상사고,0,1,0,0,차대차 - 측면충돌,안전운전불이행,건조,맑음,단일로 - 지하차도(도로)내,승용,여,67세,상해없음,이륜,남,32세,중상
2023022600100223,2023년 2월 26일 15시,일요일,전라북도 전주시 완산구 서신동,경상사고,0,0,2,0,차대차 - 측면충돌,안전운전불이행,건조,맑음,단일로 - 기타,승용,여,54세,상해없음,승합,남,49세,상해없음
2023022600100272,2023년 2월 26일 17시,일요일,전라북도 전주시 완산구 효자동3가,중상사고,0,1,0,0,차대차 - 기타,안전운전불이행,건조,맑음,교차로 - 교차로부근,승용,남,55세,상해없음,자전거,남,23세,중상
2023022600100273,2023년 2월 26일 17시,일요일,전라북도 익산시 부송동,중상사고,0,1,1,0,차대차 - 측면충돌,안전운전불이행,건조,맑음,단일로 - 기타,승용,남,80세,중상,승용,남,24세,경상
2023022600100274,2023년 2월 26일 17시,일요일,전라북도 남원시 이백면,경상사고,0,0,1,0,차대차 - 추돌,안전운전불이행,건조,맑음,교차로 - 교차로부근,승용,여,63세,상해없음,승용,여,60세,경상
2023022600100355,2023년 2월 26일 20시,일요일,전라북도 전주시 덕진구 송천동2가,경상사고,0,0,2,0,차대차 - 측면충돌,신호위반,건조,맑음,교차로 - 교차로안,이륜,남,23세,상해없음,승용,여,61세,경상
2023022600100356,2023년 2월 26일 20시,일요일,전라북도 남원시 쌍교동,경상사고,0,0,1,0,차대차 - 측면충돌,차로위반,건조,맑음,단일로 - 기타,승용,여,30세,상해없음,원동기,남,32세,경상
2023022700100035,2023년 2월 27일 06시,월요일,전라북도 전주시 완산구 효자동3가,경상사고,0,0,1,0,차대차 - 후진중충돌,안전운전불이행,건조,맑음,교차로 - 교차로부근,승용,여,59세,상해없음,승용,남,31세,경상
2023022700100036,2023년 2월 27일 06시,월요일,전라북도 군산시 옥구읍,경상사고,0,0,1,0,차대사람 - 기타,안전운전불이행,건조,흐림,단일로 - 기타,화물,남,50세,상해없음,보행자,남,70세,경상
2023022700100116,2023년 2월 27일 09시,월요일,전라북도 군산시 월명동,경상사고,0,0,1,0,차대차 - 추돌,안전운전불이행,건조,맑음,교차로 - 교차로부근,승용,여,54세,상해없음,승용,여,51세,경상
2023022700100146,2023년 2월 27일 10시,월요일,전라북도 익산시 영등동,경상사고,0,0,1,0,차대차 - 추돌,안전거리미확보,건조,맑음,단일로 - 기타,승용,남,40세,상해없음,승용,남,38세,경상
2023022700100170,2023년 2월 27일 11시,월요일,전라북도 완주군 용진읍,경상사고,0,0,1,0,차대사람 - 기타,안전운전불이행,건조,맑음,단일로 - 기타,승합,남,62세,상해없음,보행자,여,83세,경상
2023022700100201,2023년 2월 27일 12시,월요일,전라북도 군산시 문화동,경상사고,0,0,1,0,차대사람 - 횡단중,안전운전불이행,건조,맑음,교차로 - 교차로횡단보도내,승용,남,52세,상해없음,보행자,남,57세,경상
2023022700100239,2023년 2월 27일 13시,월요일,전라북도 익산시 남중동,경상사고,0,0,1,0,차대사람 - 차도통행중,안전운전불이행,건조,맑음,단일로 - 기타,승용,남,80세,상해없음,보행자,남,59세,경상
2023022700100274,2023년 2월 27일 14시,월요일,전라북도 군산시 경장동,중상사고,0,1,0,0,차대사람 - 횡단중,보행자보호의무위반,건조,맑음,교차로 - 교차로횡단보도내,승합,남,60세,상해없음,보행자,여,9세,중상
2023022700100340,2023년 2월 27일 16시,월요일,전라북도 익산시 남중동,경상사고,0,0,3,0,차대차 - 기타,신호위반,건조,맑음,교차로 - 교차로안,승용,남,34세,상해없음,승용,남,75세,경상