사고번호,사고일시,요일,시군구,사고내용,사망자수,중상자수,경상자수,부상신고자수,사고유형,법규위반,노면상태,기상상태,도로형태,가해운전자 차종,가해운전자 성별,가해운전자 연령,가해운전자 상해정도,피해운전자 차종,피해운전자 성별,피해운전자 연령,피해운전자 상해정도
2023022700100341,2023년 2월 27일 16시,월요일,전라북도 고창군 공음면,경상사고,0,0,1,0,차대차 - 측면충돌,교차로운행방법위반,건조,맑음,교차로 - 교차로안,승용,여,58세,상해없음,승용,남,25세,경상
2023022700100342,2023년 2월 27일 16시,월요일,전라북도 부안군 부안읍,경상사고,0,0,1,0,차대차 - 측면충돌,안전운전불이행,건조,맑음,교차로 - 교차로안,승용,남,64세,상해없음,승용,남,26세,경상
2023022700100418,2023년 2월 27일 18시,월요일,전라북도 순창군 순창읍,경상사고,0,0,1,0,차대차 - 측면충돌,안전운전불이행,건조,맑음,교차로 - 교차로횡단보도내,자전거,남,11세,경상,승용,남,62세,상해없음
2023022700100490,2023년 2월 27일 20시,월요일,전라북도 전주시 덕진구 여의동2가,중상사고,0,1,0,0,차대사람 - 횡단중,신호위반,건조,맑음,단일로 - 기타,이륜,남,17세,상해없음,보행자,남,34세,중상
2023022700100491,2023년 2월 27일 20시,월요일,전라북도 임실군 임실읍,중상사고,0,5,0,0,차량단독 - 공작물충돌,안전운전불이행,건조,맑음,단일로 - 기타,승용,남,59세,중상,,,,
2023022700100518,2023년 2월 27일 22시,월요일,전라북도 익산시 영등동,중상사고,0,1,0,0,차대사람 - 횡단중,신호위반,건조,맑음,교차로 - 교차로안,승용,남,60세,상해없음,보행자,여,60세,중상
2023022800100081,2023년 2월 28일 08시,화요일,전라북도 군산시 옥구읍,경상사고,0,0,5,0,차대차 - 추돌,안전운전불이행,건조,맑음,단일로 - 기타,승합,남,19세,경상,승용,여,65세,경상
2023022800100106,2023년 2월 28일 09시,화요일,전라북도 김제시 흥사동,경상사고,0,0,1,0,차대차 - 측면충돌,불법유턴,건조,맑음,교차로 - 교차로부근,화물,남,65세,상해없음,화물,남,68세,경상
2023022800100270,2023년 2월 28일 14시,화요일,전라북도 군산시 미장동,중상사고,0,3,1,0,차대차 - 측면충돌,신호위반,건조,맑음,교차로 - 교차로안,승용,여,65세,중상,승용,여,47세,중상
2023022800100271,2023년 2월 28일 14시,화요일,전라북도 군산시 선양동,부상신고사고,0,0,0,1,차대차 - 추돌,안전운전불이행,건조,맑음,교차로 - 교차로부근,승용,여,59세,부상신고,승용,남,53세,상해없음
2023022800100309,2023년 2월 28일 15시,화요일,전라북도 전주시 완산구 중화산동2가,중상사고,0,1,1,0,차대차 - 정면충돌,신호위반,건조,맑음,교차로 - 교차로부근,승용,남,59세,경상,이륜,남,40세,중상
2023022800100382,2023년 2월 28일 17시,화요일,전라북도 전주시 완산구 효자동1가,경상사고,0,0,1,0,차대차 - 기타,신호위반,건조,맑음,교차로 - 교차로안,승용,남,44세,상해없음,이륜,남,27세,경상
2023022800100383,2023년 2월 28일 17시,화요일,전라북도 군산시 조촌동,중상사고,0,1,0,0,차량단독 - 기타,안전운전불이행,건조,맑음,교차로 - 교차로부근,승합,남,40세,상해없음,,,,
2023022800100425,2023년 2월 28일 18시,화요일,전라북도 전주시 완산구 효자동3가,경상사고,0,0,2,0,차대사람 - 횡단중,보행자보호의무위반,건조,맑음,교차로 - 교차로횡단보도내,승용,남,28세,상해없음,보행자,여,20세,경상
2023022800100491,2023년 2월 28일 20시,화요일,전라북도 군산시 오식도동,중상사고,0,1,2,0,차대차 - 측면충돌,안전운전불이행,건조,맑음,교차로 - 교차로안,승용,남,31세,중상,승용,남,66세,경상
2023022800100515,2023년 2월 28일 21시,화요일,전라북도 전주시 덕진구 금암동,경상사고,0,0,2,0,차대차 - 정면충돌,신호위반,건조,맑음,교차로 - 교차로안,승용,여,27세,상해없음,승용,남,56세,경상
2023022800100537,2023년 2월 28일 22시,화요일,전라북도 부안군 행안면,중상사고,0,1,0,0,차대차 - 측면충돌,직진우회전진행방해,건조,맑음,교차로 - 교차로안,승용,남,66세,상해없음,이륜,남,43세,중상
2023030100100034,2023년 3월 1일 03시,수요일,전라북도 전주시 덕진구 진북동,사망사고,1,0,0,0,차대사람 - 횡단중,보행자보호의무위반,건조,맑음,교차로 - 교차로횡단보도내,승용,남,73세,상해없음,보행자,여,76세,사망
2023030100100095,2023년 3월 1일 10시,수요일,전라북도 전주시 완산구 용복동,경상사고,0,0,4,0,차대차 - 측면충돌,안전운전불이행,건조,맑음,단일로 - 기타,승용,남,65세,상해없음,승용,남,65세,경상
2023030100100096,2023년 3월 1일 10시,수요일,전라북도 전주시 덕진구 진북동,경상사고,0,0,1,0,차대차 - 측면충돌,신호위반,건조,맑음,교차로 - 교차로안,승용,남,82세,상해없음,승합,남,52세,경상
2023030100100159,2023년 3월 1일 13시,수요일,전라북도 전주시 완산구 서노송동,중상사고,0,1,0,0,차대사람 - 기타,안전운전불이행,건조,맑음,단일로 - 기타,승용,남,66세,상해없음,보행자,남,55세,중상
2023030100100186,2023년 3월 1일 14시,수요일,전라북도 전주시 덕진구 덕진동1가,경상사고,0,0,1,0,차대차 - 측면충돌,안전운전불이행,건조,맑음,단일로 - 지하차도(도로)내,승용,남,66세,상해없음,승용,남,53세,경상
2023030100100208,2023년 3월 1일 15시,수요일,전라북도 익산시 용안면,경상사고,0,0,1,0,차대차 - 측면충돌,신호위반,건조,맑음,교차로 - 교차로안,화물,남,45세,상해없음,화물,여,44세,경상
2023030100100209,2023년 3월 1일 15시,수요일,전라북도 익산시 동산동,중상사고,0,1,0,0,차대차 - 측면충돌,안전운전불이행,건조,맑음,교차로 - 교차로부근,승용,남,72세,상해없음,자전거,남,56세,중상
2023030100100306,2023년 3월 1일 19시,수요일,전라북도 익산시 마동,경상사고,0,0,2,0,차대차 - 측면충돌,신호위반,건조,맑음,교차로 - 교차로안,승용,여,54세,상해없음,승용,남,32세,경상
2023030100100326,2023년 3월 1일 20시,수요일,전라북도 전주시 덕진구 송천동2가,중상사고,0,1,2,0,차대차 - 정면충돌,중앙선침범,건조,맑음,교차로 - 교차로부근,승용,남,25세,상해없음,승용,남,58세,중상
2023030100100350,2023년 3월 1일 21시,수요일,전라북도 전주시 완산구 효자동2가,중상사고,0,1,2,0,차대차 - 추돌,안전거리미확보,건조,맑음,교차로 - 교차로부근,승용,남,73세,상해없음,이륜,남,30세,중상
2023030200100026,2023년 3월 2일 05시,목요일,전라북도 전주시 덕진구 용정동,경상사고,0,0,1,0,차대차 - 추돌,안전운전불이행,건조,맑음,단일로 - 기타,승용,남,26세,상해없음,화물,남,64세,경상
2023030200100027,2023년 3월 2일 05시,목요일,전라북도 군산시 나운동,중상사고,0,1,0,0,차대사람 - 차도통행중,안전운전불이행,건조,맑음,교차로 - 교차로부근,화물,남,55세,상해없음,보행자,남,27세,중상
2023030200100039,2023년 3월 2일 06시,목요일,전라북도 군산시 나운동,경상사고,0,0,1,0,차대사람 - 차도통행중,안전운전불이행,건조,맑음,단일로 - 기타,승용,남,53세,상해없음,보행자,남,73세,경상
2023030200100098,2023년 3월 2일 08시,목요일,전라북도 전주시 덕진구 덕진동1가,중상사고,0,1,0,0,차대사람 - 횡단중,신호위반,건조,맑음,교차로 - 교차로안,승용,남,48세,상해없음,보행자,여,46세,중상
2023030200100099,2023년 3월 2일 08시,목요일,전라북도 전주시 덕진구 송천동2가,경상사고,0,0,1,0,차대차 - 측면충돌,안전운전불이행,건조,맑음,단일로 - 기타,승용,여,60세,상해없음,승용,남,43세,경상
2023030200100177,2023년 3월 2일 10시,목요일,전라북도 군산시 나운동,경상사고,0,0,2,0,차대차 - 기타,교차로운행방법위반,건조,맑음,교차로 - 교차로안,승용,남,71세,경상,승용,남,20세,경상
2023030200100206,2023년 3월 2일 11시,목요일,전라북도 군산시 장재동,경상사고,0,0,1,0,차대차 - 기타,교차로운행방법위반,건조,맑음,교차로 - 교차로부근,승용,여,75세,상해없음,승용,여,50세,경상
2023030200100244,2023년 3월 2일 12시,목요일,전라북도 군산시 조촌동,경상사고,0,0,1,0,차대차 - 기타,교차로운행방법위반,건조,맑음,교차로 - 교차로안,화물,남,62세,상해없음,승용,남,42세,경상
2023030200100368,2023년 3월 2일 16시,목요일,전라북도 군산시 소룡동,경상사고,0,0,1,0,차대차 - 기타,안전운전불이행,건조,맑음,교차로 - 교차로부근,화물,남,59세,상해없음,특수,남,44세,경상
2023030200100369,2023년 3월 2일 16시,목요일,전라북도 군산시 소룡동,경상사고,0,0,3,0,차대차 - 추돌,안전운전불이행,건조,맑음,단일로 - 기타,화물,남,27세,상해없음,승용,남,30세,경상
2023030200100370,2023년 3월 2일 16시,목요일,전라북도 군산시 미원동,경상사고,0,0,2,0,차대차 - 추돌,안전운전불이행,건조,맑음,교차로 - 교차로부근,승용,여,24세,상해없음,승용,남,54세,경상
2023030200100371,2023년 3월 2일 16시,목요일,전라북도 남원시 도통동,경상사고,0,0,1,0,차대사람 - 차도통행중,안전운전불이행,건조,맑음,단일로 - 지하차도(도로)내,승용,여,56세,상해없음,보행자,남,54세,경상
2023030200100372,2023년 3월 2일 16시,목요일,전라북도 부안군 진서면,중상사고,0,1,0,0,차대차 - 측면충돌,안전운전불이행,건조,맑음,단일로 - 기타,승용,남,67세,상해없음,승용,남,73세,중상
2023030200100409,2023년 3월 2일 17시,목요일,전라북도 고창군 고창읍,중상사고,0,1,0,0,차대차 - 추돌,안전운전불이행,건조,맑음,단일로 - 고가도로위,화물,남,42세,상해없음,승용,여,59세,중상
2023030200100446,2023년 3월 2일 18시,목요일,전라북도 군산시 금동,부상신고사고,0,0,0,1,차대차 - 기타,기타,건조,맑음,단일로 - 교량,화물,남,61세,상해없음,승용,여,32세,상해없음
2023030200100475,2023년 3월 2일 19시,목요일,전라북도 전주시 완산구 중화산동2가,경상사고,0,0,1,0,차대차 - 추돌,안전운전불이행,건조,맑음,단일로 - 기타,화물,남,62세,상해없음,승용,남,47세,경상
2023030200100476,2023년 3월 2일 19시,목요일,전라북도 전주시 완산구 효자동3가,경상사고,0,0,1,0,차대차 - 측면충돌,안전운전불이행,건조,맑음,단일로 - 기타,승용,여,29세,상해없음,승용,여,28세,경상
2023030200100477,2023년 3월 2일 19시,목요일,전라북도 고창군 심원면,사망사고,1,0,0,0,차대차 - 추돌,기타,건조,맑음,단일로 - 기타,화물,남,49세,상해없음,이륜,남,77세,사망
2023030200100504,2023년 3월 2일 20시,목요일,전라북도 전주시 완산구 효자동3가,중상사고,0,1,0,0,차대차 - 측면충돌,신호위반,건조,맑음,교차로 - 교차로안,승용,남,63세,상해없음,이륜,남,30세,중상
2023030200100505,2023년 3월 2일 20시,목요일,전라북도 정읍시 수성동,경상사고,0,0,5,0,차대차 - 정면충돌,중앙선침범,건조,맑음,단일로 - 기타,승용,남,74세,상해없음,승용,남,56세,경상
2023030200100547,2023년 3월 2일 23시,목요일,전라북도 정읍시 수성동,경상사고,0,0,2,0,차대사람 - 기타,안전운전불이행,건조,맑음,주차장 - 주차장,승용,남,41세,상해없음,보행자,여,16세,경상
2023030300100003,2023년 3월 3일 00시,금요일,전라북도 전주시 완산구 고사동,경상사고,0,0,1,0,차대사람 - 기타,안전운전불이행,건조,맑음,교차로 - 교차로안,승용,여,21세,상해없음,보행자,여,23세,경상
2023030300100015,2023년 3월 3일 01시,금요일,전라북도 전주시 완산구 서신동,경상사고,0,0,1,0,차대차 - 추돌,안전운전불이행,건조,맑음,교차로 - 교차로안,화물,남,49세,상해없음,승용,남,28세,경상
2023030300100070,2023년 3월 3일 07시,금요일,전라북도 익산시 함라면,중상사고,0,1,0,0,차대차 - 측면충돌,신호위반,건조,맑음,교차로 - 교차로안,화물,남,36세,상해없음,승용,남,35세,중상
2023030300100102,2023년 3월 3일 08시,금요일,전라북도 전주시 덕진구 인후동1가,경상사고,0,0,2,0,차대차 - 추돌,안전운전불이행,건조,맑음,단일로 - 기타,승합,남,38세,상해없음,승용,여,52세,경상
2023030300100103,2023년 3월 3일 08시,금요일,전라북도 전주시 덕진구 산정동,경상사고,0,0,2,0,차대차 - 추돌,안전운전불이행,건조,맑음,교차로 - 교차로안,승합,남,59세,상해없음,승용,남,69세,경상
2023030300100104,2023년 3월 3일 08시,금요일,전라북도 진안군 마령면,경상사고,0,0,1,0,차대차 - 기타,기타,건조,맑음,교차로 - 교차로안,화물,남,59세,상해없음,화물,남,55세,경상
2023030300100141,2023년 3월 3일 09시,금요일,전라북도 익산시 영등동,경상사고,0,0,1,0,차대차 - 측면충돌,기타,건조,맑음,교차로 - 교차로안,승용,남,72세,상해없음,자전거,남,62세,경상
2023030300100142,2023년 3월 3일 09시,금요일,전라북도 익산시 주현동,경상사고,0,0,1,0,차대차 - 후진중충돌,안전운전불이행,건조,맑음,단일로 - 기타,승용,남,34세,상해없음,승용,여,66세,경상
2023030300100327,2023년 3월 3일 15시,금요일,전라북도 익산시 임상동,경상사고,0,0,1,0,차대차 - 측면충돌,직진우회전진행방해,건조,맑음,교차로 - 교차로안,건설기계,남,55세,상해없음,승용,남,56세,경상
2023030300100328,2023년 3월 3일 15시,금요일,전라북도 완주군 봉동읍,경상사고,0,0,3,0,차대차 - 추돌,안전운전불이행,건조,맑음,교차로 - 교차로부근,승용,남,41세,상해없음,화물,남,40세,경상
2023030300100361,2023년 3월 3일 16시,금요일,전라북도 전주시 덕진구 송천동2가,경상사고,0,0,1,0,차대차 - 측면충돌,교차로운행방법위반,건조,맑음,교차로 - 교차로안,승용,여,72세,상해없음,승용,남,35세,경상
2023030300100362,2023년 3월 3일 16시,금요일,전라북도 익산시 신동,경상사고,0,0,1,0,차대차 - 측면충돌,안전운전불이행,건조,맑음,단일로 - 기타,승용,남,78세,상해없음,이륜,남,57세,경상
2023030300100363,2023년 3월 3일 16시,금요일,전라북도 고창군 심원면,사망사고,1,0,0,0,차량단독 - 도로외이탈 - 추락,안전운전불이행,건조,맑음,단일로 - 기타,농기계,남,76세,사망,,,,
2023030300100394,2023년 3월 3일 17시,금요일,전라북도 익산시 남중동,경상사고,0,0,1,0,차대사람 - 횡단중,안전운전불이행,건조,맑음,교차로 - 교차로안,승용,남,51세,상해없음,보행자,남,81세,경상
2023030300100450,2023년 3월 3일 18시,금요일,전라북도 전주시 완산구 서신동,중상사고,0,1,0,0,차대사람 - 횡단중,안전운전불이행,건조,맑음,교차로 - 교차로횡단보도내,승용,남,64세,상해없음,보행자,남,65세,중상
2023030300100491,2023년 3월 3일 19시,금요일,전라북도 군산시 나운동,중상사고,0,1,0,0,차대사람 - 횡단중,안전운전불이행,건조,맑음,교차로 - 교차로부근,승용,남,36세,상해없음,보행자,남,83세,중상
2023030300100492,2023년 3월 3일 19시,금요일,전라북도 익산시 모현동1가,경상사고,0,0,2,0,차대차 - 정면충돌,신호위반,건조,맑음,교차로 - 교차로안,승용,여,40세,상해없음,승용,남,60세,경상
2023030300100516,2023년 3월 3일 20시,금요일,전라북도 익산시 부송동,경상사고,0,0,1,0,차대차 - 측면충돌,불법유턴,건조,맑음,단일로 - 기타,승용,남,60세,상해없음,승용,여,54세,경상
2023030300100584,2023년 3월 3일 23시,금요일,전라북도 전주시 완산구 중화산동1가,경상사고,0,0,1,0,차대차 - 추돌,안전운전불이행,건조,맑음,단일로 - 기타,승용,남,30세,기타불명,이륜,남,43세,경상
2023030400100027,2023년 3월 4일 01시,토요일,전라북도 전주시 완산구 효자동2가,중상사고,0,1,1,0,차대차 - 정면충돌,직진우회전진행방해,건조,맑음,교차로 - 교차로안,승용,남,25세,상해없음,승용,남,67세,중상
2023030400100038,2023년 3월 4일 02시,토요일,전라북도 전주시 완산구 효자동3가,경상사고,0,0,1,0,차대차 - 추돌,안전운전불이행,건조,맑음,교차로 - 교차로부근,승용,남,22세,상해없음,승용,남,22세,경상
2023030400100076,2023년 3월 4일 07시,토요일,전라북도 군산시 오식도동,중상사고,0,1,0,0,차대차 - 측면충돌,신호위반,건조,맑음,교차로 - 교차로안,승용,남,39세,상해없음,승용,남,61세,중상
2023030400100124,2023년 3월 4일 10시,토요일,전라북도 전주시 덕진구 진북동,경상사고,0,0,1,0,차대사람 - 차도통행중,안전운전불이행,건조,맑음,교차로 - 교차로안,승용,남,69세,상해없음,보행자,여,29세,경상
2023030400100125,2023년 3월 4일 10시,토요일,전라북도 전주시 덕진구 인후동1가,경상사고,0,0,1,0,차대차 - 추돌,안전운전불이행,건조,맑음,교차로 - 교차로부근,승용,남,69세,상해없음,승용,남,24세,경상
2023030400100126,2023년 3월 4일 10시,토요일,전라북도 김제시 상동동,중상사고,0,1,0,0,차대차 - 측면충돌,안전운전불이행,건조,맑음,단일로 - 기타,승용,여,40세,상해없음,개인형이동수단(PM),남,41세,중상
2023030400100127,2023년 3월 4일 10시,토요일,전라북도 김제시 신풍동,중상사고,0,1,0,0,차대사람 - 횡단중,보행자보호의무위반,건조,맑음,단일로 - 기타,승용,남,53세,상해없음,보행자,남,85세,중상
2023030400100159,2023년 3월 4일 11시,토요일,전라북도 군산시 선양동,경상사고,0,0,1,0,차대차 - 측면충돌,안전운전불이행,건조,맑음,단일로 - 기타,자전거,남,86세,경상,승용,남,52세,상해없음
2023030400100187,2023년 3월 4일 12시,토요일,전라북도 전주시 덕진구 금암동,경상사고,0,0,1,0,차대차 - 측면충돌,신호위반,건조,맑음,교차로 - 교차로안,승용,남,70세,상해없음,승용,남,64세,경상
2023030400100188,2023년 3월 4일 12시,토요일,전라북도 정읍시 신태인읍,경상사고,0,0,3,0,차대차 - 정면충돌,신호위반,건조,맑음,교차로 - 교차로부근,승용,남,73세,상해없음,승용,여,65세,경상
2023030400100189,2023년 3월 4일 12시,토요일,전라북도 장수군 장계면,중상사고,0,1,0,0,차대차 - 측면충돌,교차로운행방법위반,건조,맑음,교차로 - 교차로안,농기계,남,87세,상해없음,승용,여,50세,상해없음
2023030400100224,2023년 3월 4일 13시,토요일,전라북도 전주시 완산구 서신동,경상사고,0,0,2,0,차대차 - 측면충돌,차로위반,건조,맑음,단일로 - 기타,승용,남,66세,상해없음,승용,남,45세,경상
2023030400100225,2023년 3월 4일 13시,토요일,전라북도 김제시 검산동,경상사고,0,0,1,0,차대차 - 측면충돌,중앙선침범,건조,맑음,단일로 - 기타,승용,여,35세,상해없음,승용,남,47세,경상
2023030400100226,2023년 3월 4일 13시,토요일,전라북도 부안군 부안읍,경상사고,0,0,2,0,차대차 - 측면충돌,기타,건조,맑음,단일로 - 지하차도(도로)내,화물,남,72세,경상,화물,남,60세,경상
2023030400100254,2023년 3월 4일 14시,토요일,전라북도 정읍시 장명동,경상사고,0,0,3,0,차대차 - 추돌,안전운전불이행,건조,맑음,교차로 - 교차로부근,승용,남,26세,상해없음,승용,남,46세,경상
2023030400100320,2023년 3월 4일 16시,토요일,전라북도 고창군 고창읍,경상사고,0,0,1,0,차대차 - 측면충돌,안전운전불이행,건조,맑음,단일로 - 기타,승용,여,40세,상해없음,승용,여,38세,상해없음
2023030400100350,2023년 3월 4일 17시,토요일,전라북도 군산시 수송동,경상사고,0,0,1,0,차대차 - 측면충돌,안전운전불이행,건조,맑음,단일로 - 기타,승용,여,49세,상해없음,승용,남,64세,상해없음
2023030400100404,2023년 3월 4일 19시,토요일,전라북도 정읍시 신태인읍,중상사고,0,1,0,0,차대차 - 기타,안전거리미확보,건조,맑음,단일로 - 기타,화물,남,74세,상해없음,승용,남,29세,중상
2023030400100435,2023년 3월 4일 20시,토요일,전라북도 익산시 신동,경상사고,0,0,1,0,차대사람 - 기타,안전운전불이행,건조,맑음,단일로 - 기타,승용,남,27세,상해없음,보행자,남,57세,경상
2023030400100482,2023년 3월 4일 22시,토요일,전라북도 군산시 수송동,경상사고,0,0,1,0,차대차 - 측면충돌,안전운전불이행,건조,맑음,단일로 - 기타,승용,남,25세,상해없음,이륜,남,18세,경상
2023030400100483,2023년 3월 4일 22시,토요일,전라북도 고창군 고창읍,중상사고,0,1,1,0,차대사람 - 차도통행중,안전운전불이행,건조,맑음,단일로 - 기타,개인형이동수단(PM),남,20세,상해없음,보행자,여,18세,경상
2023030500100047,2023년 3월 5일 04시,일요일,전라북도 군산시 소룡동,경상사고,0,0,2,0,차대차 - 측면충돌,안전거리미확보,건조,맑음,단일로 - 기타,승용,남,32세,상해없음,승용,남,20세,경상
2023030500100082,2023년 3월 5일 08시,일요일,전라북도 전주시 완산구 평화동1가,경상사고,0,0,3,0,차대차 - 기타,교차로운행방법위반,건조,맑음,교차로 - 교차로안,화물,남,75세,경상,승용,남,70세,경상
2023030500100083,2023년 3월 5일 08시,일요일,전라북도 정읍시 수성동,중상사고,0,1,0,0,차대사람 - 기타,안전운전불이행,건조,맑음,단일로 - 기타,승용,남,27세,상해없음,보행자,남,50세,중상
2023030500100135,2023년 3월 5일 11시,일요일,전라북도 익산시 낭산면,중상사고,0,1,0,0,차대차 - 측면충돌,중앙선침범,건조,맑음,단일로 - 기타,승용,남,27세,상해없음,자전거,남,52세,중상
2023030500100159,2023년 3월 5일 12시,일요일,전라북도 전주시 완산구 효자동2가,경상사고,0,0,4,0,차대차 - 기타,교차로운행방법위반,건조,맑음,교차로 - 교차로안,승용,남,67세,경상,승용,남,64세,경상
2023030500100160,2023년 3월 5일 12시,일요일,전라북도 익산시 남중동,중상사고,0,1,0,0,차대사람 - 횡단중,안전운전불이행,건조,맑음,단일로 - 기타,승용,남,59세,상해없음,보행자,남,68세,중상
2023030500100161,2023년 3월 5일 12시,일요일,전라북도 익산시 춘포면,경상사고,0,0,1,0,차대사람 - 길가장자리구역통행중,안전운전불이행,건조,맑음,단일로 - 기타,자전거,남,53세,상해없음,보행자,여,59세,경상
2023030500100194,2023년 3월 5일 13시,일요일,전라북도 임실군 관촌면,중상사고,0,1,2,0,차대차 - 측면충돌,안전운전불이행,건조,맑음,교차로 - 교차로부근,승용,남,49세,경상,승용,여,48세,중상
2023030500100227,2023년 3월 5일 14시,일요일,전라북도 전주시 덕진구 전미동1가,경상사고,0,0,2,0,차대차 - 측면충돌,안전거리미확보,건조,맑음,단일로 - 기타,승용,남,61세,상해없음,승용,남,27세,경상
2023030500100254,2023년 3월 5일 15시,일요일,전라북도 고창군 고창읍,경상사고,0,0,1,0,차대차 - 추돌,안전운전불이행,건조,맑음,교차로 - 교차로부근,승용,남,46세,상해없음,승용,여,61세,경상
2023030500100301,2023년 3월 5일 17시,일요일,전라북도 남원시 아영면,중상사고,0,1,0,0,차량단독 - 전도전복 - 전도,안전운전불이행,건조,맑음,단일로 - 기타,사륜오토바이(ATV),여,68세,중상,,,,
2023030500100331,2023년 3월 5일 18시,일요일,전라북도 전주시 완산구 삼천동1가,경상사고,0,0,1,0,차대차 - 측면충돌,안전운전불이행,건조,맑음,단일로 - 기타,승용,남,62세,상해없음,승용,남,52세,경상
2023030500100332,2023년 3월 5일 18시,일요일,전라북도 군산시 경암동,경상사고,0,0,1,0,차대차 - 측면충돌,안전운전불이행,건조,맑음,단일로 - 기타,승용,남,33세,상해없음,이륜,남,25세,경상
2023030500100400,2023년 3월 5일 22시,일요일,전라북도 전주시 완산구 중화산동1가,중상사고,0,1,0,0,차대사람 - 기타,기타,건조,맑음,단일로 - 기타,승용,남,66세,상해없음,보행자,남,22세,중상
2023030500100401,2023년 3월 5일 22시,일요일,전라북도 군산시 미룡동,부상신고사고,0,0,0,1,차대사람 - 횡단중,안전운전불이행,건조,맑음,단일로 - 기타,승용,여,58세,상해없음,보행자,여,18세,부상신고
2023030600100047,2023년 3월 6일 07시,월요일,전라북도 전주시 완산구 서신동,경상사고,0,0,1,0,차대차 - 추돌,안전운전불이행,건조,맑음,단일로 - 기타,승용,여,46세,상해없음,승용,남,41세,경상
2023030600100048,2023년 3월 6일 07시,월요일,전라북도 군산시 나운동,부상신고사고,0,0,0,1,차량단독 - 전도전복 - 전복,안전운전불이행,건조,맑음,단일로 - 기타,화물,남,67세,기타불명,,,,
2023030600100079,2023년 3월 6일 08시,월요일,전라북도 군산시 대야면,중상사고,0,1,18,0,차대차 - 추돌,안전운전불이행,건조,맑음,단일로 - 기타,승용,여,32세,상해없음,승합,남,48세,경상
2023030600100124,2023년 3월 6일 09시,월요일,전라북도 전주시 덕진구 인후동1가,경상사고,0,0,1,0,차대차 - 후진중충돌,안전운전불이행,건조,맑음,기타 - 기타,승용,남,77세,상해없음,승용,남,25세,경상
2023030600100189,2023년 3월 6일 11시,월요일,전라북도 순창군 순창읍,경상사고,0,0,2,0,차대차 - 추돌,안전운전불이행,건조,맑음,교차로 - 교차로부근,승용,여,45세,상해없음,승용,남,31세,경상
2023030600100333,2023년 3월 6일 16시,월요일,전라북도 전주시 덕진구 인후동2가,경상사고,0,0,1,0,차대차 - 측면충돌,안전운전불이행,건조,맑음,기타 - 기타,이륜,여,54세,상해없음,이륜,남,47세,경상
2023030600100334,2023년 3월 6일 16시,월요일,전라북도 익산시 모현동1가,경상사고,0,0,1,0,차대사람 - 횡단중,안전운전불이행,건조,맑음,단일로 - 기타,승용,남,75세,기타불명,보행자,여,16세,경상
2023030600100365,2023년 3월 6일 17시,월요일,전라북도 전주시 완산구 중화산동2가,경상사고,0,0,1,0,차대차 - 측면충돌,기타,건조,맑음,단일로 - 기타,승용,남,56세,상해없음,승용,남,86세,상해없음
2023030600100425,2023년 3월 6일 19시,월요일,전라북도 전주시 완산구 삼천동1가,경상사고,0,0,1,0,차대차 - 정면충돌,안전운전불이행,건조,맑음,교차로 - 교차로안,승용,남,62세,상해없음,자전거,남,72세,경상
2023030600100505,2023년 3월 6일 23시,월요일,전라북도 전주시 덕진구 우아동3가,중상사고,0,1,0,0,차대사람 - 길가장자리구역통행중,안전운전불이행,건조,맑음,교차로 - 교차로안,승용,남,41세,상해없음,보행자,남,64세,중상
2023030700100079,2023년 3월 7일 08시,화요일,전라북도 전주시 덕진구 우아동3가,경상사고,0,0,4,0,차대차 - 측면충돌,안전거리미확보,건조,맑음,단일로 - 기타,승용,남,68세,상해없음,승합,남,61세,경상
2023030700100104,2023년 3월 7일 09시,화요일,전라북도 전주시 덕진구 송천동2가,중상사고,0,1,0,0,차량단독 - 기타,안전운전불이행,건조,맑음,단일로 - 기타,승합,남,54세,상해없음,,,,
2023030700100105,2023년 3월 7일 09시,화요일,전라북도 군산시 중앙로1가,사망사고,1,0,0,0,차대차 - 측면충돌,안전운전불이행,건조,맑음,교차로 - 교차로부근,승합,남,55세,상해없음,자전거,남,81세,사망
2023030700100133,2023년 3월 7일 10시,화요일,전라북도 군산시 오식도동,경상사고,0,0,1,0,차대차 - 추돌,안전운전불이행,건조,맑음,교차로 - 교차로부근,승용,남,43세,상해없음,화물,남,67세,경상
2023030700100158,2023년 3월 7일 11시,화요일,전라북도 전주시 덕진구 우아동3가,중상사고,0,1,0,0,차량단독 - 기타,안전운전불이행,건조,맑음,단일로 - 기타,승합,남,50세,상해없음,,,,
2023030700100159,2023년 3월 7일 11시,화요일,전라북도 남원시 왕정동,경상사고,0,0,2,0,차대차 - 측면충돌,직진우회전진행방해,건조,맑음,교차로 - 교차로안,화물,남,65세,경상,승용,여,55세,경상
2023030700100183,2023년 3월 7일 12시,화요일,전라북도 김제시 금구면,사망사고,1,0,1,0,차대차 - 정면충돌,중앙선침범,건조,맑음,단일로 - 지하차도(도로)내,승용,여,45세,사망,승합,남,55세,경상
2023030700100216,2023년 3월 7일 13시,화요일,전라북도 익산시 금강동,경상사고,0,0,2,0,차대차 - 측면충돌,안전운전불이행,건조,맑음,단일로 - 기타,승용,남,45세,상해없음,승용,남,48세,경상
2023030700100273,2023년 3월 7일 15시,화요일,전라북도 부안군 변산면,경상사고,0,0,1,0,차량단독 - 전도전복 - 전도,안전운전불이행,건조,맑음,단일로 - 기타,이륜,남,42세,경상,,,,