사고번호,사고일시,요일,시군구,사고내용,사망자수,중상자수,경상자수,부상신고자수,사고유형,법규위반,노면상태,기상상태,도로형태,가해운전자 차종,가해운전자 성별,가해운전자 연령,가해운전자 상해정도,피해운전자 차종,피해운전자 성별,피해운전자 연령,피해운전자 상해정도
2023031400100474,2023년 3월 14일 18시,화요일,전라북도 전주시 덕진구 금암동,중상사고,0,1,0,0,차량단독 - 기타,안전운전불이행,건조,맑음,단일로 - 기타,승합,남,54세,상해없음,,,,
2023031400100513,2023년 3월 14일 19시,화요일,전라북도 군산시 나운동,경상사고,0,0,2,0,차대차 - 측면충돌,안전거리미확보,건조,맑음,단일로 - 기타,승용,남,18세,상해없음,승용,남,23세,경상
2023031400100514,2023년 3월 14일 19시,화요일,전라북도 군산시 신관동,경상사고,0,0,1,0,차대사람 - 길가장자리구역통행중,안전운전불이행,건조,흐림,단일로 - 기타,기타불명,기타불명,미분류,기타불명,보행자,남,27세,경상
2023031400100515,2023년 3월 14일 19시,화요일,전라북도 익산시 모현동2가,경상사고,0,0,1,0,차대차 - 측면충돌,기타,건조,맑음,교차로 - 교차로횡단보도내,승용,여,34세,상해없음,자전거,남,7세,경상
2023031400100516,2023년 3월 14일 19시,화요일,전라북도 익산시 주현동,경상사고,0,0,1,0,차대차 - 측면충돌,안전운전불이행,건조,맑음,단일로 - 기타,승용,남,23세,상해없음,승용,남,25세,경상
2023031400100542,2023년 3월 14일 20시,화요일,전라북도 전주시 완산구 서신동,경상사고,0,0,1,0,차대사람 - 기타,안전운전불이행,건조,맑음,기타 - 기타,승용,여,40세,상해없음,보행자,남,67세,경상
2023031400100558,2023년 3월 14일 21시,화요일,전라북도 군산시 산북동,경상사고,0,0,1,0,차대차 - 측면충돌,안전운전불이행,건조,흐림,단일로 - 기타,승합,남,53세,상해없음,승용,여,50세,경상
2023031400100559,2023년 3월 14일 21시,화요일,전라북도 완주군 삼례읍,경상사고,0,0,1,0,차대차 - 추돌,안전운전불이행,건조,맑음,단일로 - 기타,승용,남,24세,상해없음,승용,여,54세,경상
2023031400100595,2023년 3월 14일 23시,화요일,전라북도 전주시 완산구 효자동3가,중상사고,0,1,0,0,차대사람 - 기타,안전운전불이행,건조,맑음,기타 - 기타,승용,여,53세,상해없음,보행자,남,22세,중상
2023031500100014,2023년 3월 15일 01시,수요일,전라북도 전주시 완산구 중화산동2가,경상사고,0,0,2,0,차대차 - 후진중충돌,안전운전불이행,건조,맑음,교차로 - 교차로안,승용,남,27세,기타불명,승용,남,65세,경상
2023031500100046,2023년 3월 15일 06시,수요일,전라북도 임실군 지사면,중상사고,0,1,0,0,차대차 - 추돌,교차로운행방법위반,건조,맑음,교차로 - 교차로안,승용,남,40세,상해없음,원동기,남,66세,중상
2023031500100063,2023년 3월 15일 07시,수요일,전라북도 군산시 조촌동,경상사고,0,0,1,0,차대차 - 추돌,안전운전불이행,건조,맑음,단일로 - 기타,승용,여,50세,상해없음,화물,남,51세,경상
2023031500100098,2023년 3월 15일 08시,수요일,전라북도 전주시 덕진구 진북동,중상사고,0,1,0,0,차대차 - 측면충돌,안전운전불이행,건조,맑음,교차로 - 교차로안,화물,남,63세,상해없음,자전거,남,29세,중상
2023031500100099,2023년 3월 15일 08시,수요일,전라북도 익산시 신동,중상사고,0,1,0,0,차대사람 - 횡단중,보행자보호의무위반,건조,맑음,교차로 - 교차로횡단보도내,승용,남,42세,상해없음,보행자,여,76세,중상
2023031500100243,2023년 3월 15일 13시,수요일,전라북도 전주시 완산구 서노송동,경상사고,0,0,1,0,차대사람 - 기타,안전운전불이행,건조,맑음,단일로 - 기타,승합,남,61세,상해없음,보행자,남,74세,경상
2023031500100293,2023년 3월 15일 15시,수요일,전라북도 김제시 금산면,경상사고,0,0,2,0,차대차 - 정면충돌,중앙선침범,건조,맑음,교차로 - 교차로부근,승용,남,57세,상해없음,화물,남,53세,경상
2023031500100330,2023년 3월 15일 16시,수요일,전라북도 군산시 옥산면,경상사고,0,0,2,0,차대차 - 측면충돌,안전거리미확보,건조,맑음,단일로 - 지하차도(도로)내,특수,남,54세,상해없음,화물,남,73세,경상
2023031500100361,2023년 3월 15일 17시,수요일,전라북도 정읍시 수성동,경상사고,0,0,1,0,차대사람 - 기타,안전운전불이행,건조,맑음,교차로 - 교차로안,승용,남,61세,상해없음,보행자,남,59세,경상
2023031500100362,2023년 3월 15일 17시,수요일,전라북도 남원시 주천면,중상사고,0,1,0,0,차대차 - 측면충돌,교차로운행방법위반,건조,맑음,교차로 - 교차로안,건설기계,남,39세,상해없음,승용,남,52세,중상
2023031500100404,2023년 3월 15일 18시,수요일,전라북도 전주시 완산구 효자동2가,중상사고,0,1,0,0,차대차 - 기타,안전거리미확보,건조,맑음,교차로 - 교차로부근,승용,남,56세,상해없음,이륜,남,61세,중상
2023031500100439,2023년 3월 15일 19시,수요일,전라북도 전주시 완산구 평화동1가,경상사고,0,0,1,0,차대차 - 기타,중앙선침범,건조,맑음,단일로 - 기타,이륜,남,52세,기타불명,승용,여,39세,경상
2023031500100475,2023년 3월 15일 20시,수요일,전라북도 익산시 어양동,경상사고,0,0,1,0,차대차 - 추돌,안전운전불이행,건조,맑음,단일로 - 기타,승용,남,52세,상해없음,승용,남,43세,경상
2023031500100498,2023년 3월 15일 21시,수요일,전라북도 전주시 덕진구 송천동2가,경상사고,0,0,2,0,차대차 - 추돌,안전운전불이행,건조,맑음,기타 - 기타,화물,남,63세,상해없음,승용,여,58세,경상
2023031500100527,2023년 3월 15일 22시,수요일,전라북도 전주시 덕진구 인후동1가,중상사고,0,2,3,0,차대차 - 측면충돌,신호위반,건조,맑음,교차로 - 교차로안,승용,남,53세,상해없음,승용,남,25세,경상
2023031600100040,2023년 3월 16일 06시,목요일,전라북도 전주시 덕진구 산정동,중상사고,0,1,0,0,차대사람 - 횡단중,보행자보호의무위반,건조,맑음,기타 - 기타,승용,남,48세,기타불명,보행자,남,53세,중상
2023031600100062,2023년 3월 16일 07시,목요일,전라북도 전주시 완산구 효자동3가,경상사고,0,0,2,0,차대차 - 추돌,안전운전불이행,건조,맑음,단일로 - 기타,승용,남,34세,경상,승용,남,34세,경상
2023031600100063,2023년 3월 16일 07시,목요일,전라북도 전주시 덕진구 만성동,경상사고,0,0,1,0,차대차 - 측면충돌,안전운전불이행,건조,맑음,단일로 - 기타,승용,여,36세,상해없음,승용,남,50세,경상
2023031600100132,2023년 3월 16일 09시,목요일,전라북도 정읍시 농소동,중상사고,0,1,0,0,차대차 - 측면충돌,직진우회전진행방해,건조,맑음,교차로 - 교차로안,화물,남,78세,상해없음,이륜,남,42세,중상
2023031600100157,2023년 3월 16일 10시,목요일,전라북도 전주시 덕진구 성덕동,중상사고,0,1,0,0,차대차 - 측면충돌,안전운전불이행,건조,맑음,교차로 - 교차로안,화물,남,68세,상해없음,승용,여,22세,중상
2023031600100182,2023년 3월 16일 11시,목요일,전라북도 전주시 완산구 서신동,중상사고,0,1,1,0,차대차 - 기타,신호위반,건조,맑음,교차로 - 교차로부근,승용,여,33세,경상,이륜,남,53세,중상
2023031600100183,2023년 3월 16일 11시,목요일,전라북도 정읍시 입암면,경상사고,0,0,1,0,차대차 - 측면충돌,중앙선침범,건조,맑음,단일로 - 기타,화물,남,21세,상해없음,승용,여,53세,경상
2023031600100233,2023년 3월 16일 13시,목요일,전라북도 익산시 부송동,중상사고,0,1,1,0,차대차 - 측면충돌,안전거리미확보,건조,맑음,교차로 - 교차로안,화물,남,63세,상해없음,이륜,남,29세,경상
2023031600100257,2023년 3월 16일 14시,목요일,전라북도 임실군 신평면,경상사고,0,0,1,0,차대차 - 후진중충돌,불법유턴,건조,맑음,교차로 - 교차로안,승합,남,63세,상해없음,이륜,남,83세,경상
2023031600100327,2023년 3월 16일 16시,목요일,전라북도 전주시 덕진구 성덕동,경상사고,0,0,1,0,차대차 - 측면충돌,신호위반,건조,맑음,단일로 - 기타,승합,남,75세,상해없음,승용,여,34세,경상
2023031600100469,2023년 3월 16일 21시,목요일,전라북도 남원시 이백면,중상사고,0,1,0,0,차대사람 - 차도통행중,안전운전불이행,건조,맑음,단일로 - 기타,승용,남,38세,상해없음,보행자,남,61세,중상
2023031600100510,2023년 3월 16일 23시,목요일,전라북도 완주군 소양면,경상사고,0,0,1,0,차량단독 - 기타,안전운전불이행,건조,맑음,단일로 - 기타,승용,남,61세,상해없음,,,,
2023031700100011,2023년 3월 17일 00시,금요일,전라북도 전주시 완산구 효자동2가,경상사고,0,0,1,0,차대차 - 측면충돌,신호위반,건조,맑음,교차로 - 교차로안,승용,여,42세,상해없음,승용,남,25세,경상
2023031700100029,2023년 3월 17일 03시,금요일,전라북도 군산시 수송동,경상사고,0,0,5,0,차대차 - 측면충돌,교차로운행방법위반,건조,맑음,교차로 - 교차로안,승용,남,41세,상해없음,승용,남,76세,경상
2023031700100038,2023년 3월 17일 05시,금요일,전라북도 전주시 덕진구 여의동2가,경상사고,0,0,1,0,차대차 - 측면충돌,안전운전불이행,건조,맑음,단일로 - 기타,승용,남,14세,상해없음,승용,남,37세,경상
2023031700100096,2023년 3월 17일 08시,금요일,전라북도 전주시 완산구 중화산동2가,경상사고,0,0,1,0,차대차 - 측면충돌,교차로운행방법위반,건조,맑음,교차로 - 교차로안,승용,여,44세,상해없음,승용,남,26세,경상
2023031700100097,2023년 3월 17일 08시,금요일,전라북도 익산시 황등면,경상사고,0,0,1,0,차대차 - 측면충돌,교차로운행방법위반,건조,맑음,교차로 - 교차로안,승용,남,46세,상해없음,승용,남,52세,경상
2023031700100098,2023년 3월 17일 08시,금요일,전라북도 부안군 부안읍,경상사고,0,0,1,0,차대사람 - 횡단중,안전운전불이행,건조,맑음,단일로 - 지하차도(도로)내,승용,여,41세,상해없음,보행자,여,32세,경상
2023031700100099,2023년 3월 17일 08시,금요일,전라북도 순창군 금과면,부상신고사고,0,0,0,1,차대차 - 측면충돌,신호위반,건조,맑음,교차로 - 교차로안,원동기,여,70세,부상신고,화물,남,73세,상해없음
2023031700100100,2023년 3월 17일 08시,금요일,전라북도 완주군 고산면,중상사고,0,1,0,0,차량단독 - 기타,안전운전불이행,건조,맑음,단일로 - 기타,승합,남,56세,상해없음,,,,
2023031700100131,2023년 3월 17일 09시,금요일,전라북도 전주시 완산구 평화동2가,중상사고,0,1,0,0,차대사람 - 횡단중,보행자보호의무위반,건조,맑음,교차로 - 교차로횡단보도내,승용,여,46세,상해없음,보행자,여,71세,중상
2023031700100132,2023년 3월 17일 09시,금요일,전라북도 고창군 상하면,사망사고,1,0,1,0,차대차 - 기타,안전운전불이행,건조,맑음,교차로 - 교차로안,이륜,남,76세,사망,이륜,남,71세,경상
2023031700100213,2023년 3월 17일 12시,금요일,전라북도 전주시 덕진구 금암동,경상사고,0,0,1,0,차대사람 - 보도통행중,안전운전불이행,건조,맑음,단일로 - 지하차도(도로)내,승용,여,59세,상해없음,보행자,남,33세,경상
2023031700100214,2023년 3월 17일 12시,금요일,전라북도 군산시 소룡동,경상사고,0,0,1,0,차대차 - 측면충돌,직진우회전진행방해,건조,맑음,교차로 - 교차로안,승용,여,49세,상해없음,승용,남,51세,경상
2023031700100215,2023년 3월 17일 12시,금요일,전라북도 익산시 오산면,경상사고,0,0,1,0,차대사람 - 기타,안전운전불이행,건조,맑음,주차장 - 주차장,승용,남,67세,상해없음,보행자,남,61세,경상
2023031700100216,2023년 3월 17일 12시,금요일,전라북도 정읍시 시기동,경상사고,0,0,1,0,차대차 - 측면충돌,신호위반,건조,맑음,교차로 - 교차로안,승용,여,73세,상해없음,승용,남,43세,경상
2023031700100283,2023년 3월 17일 14시,금요일,전라북도 전주시 완산구 서신동,경상사고,0,0,1,0,차대사람 - 횡단중,안전운전불이행,건조,맑음,교차로 - 교차로부근,화물,남,42세,상해없음,보행자,여,25세,경상
2023031700100284,2023년 3월 17일 14시,금요일,전라북도 완주군 봉동읍,경상사고,0,0,2,0,차대차 - 추돌,안전거리미확보,건조,맑음,단일로 - 기타,승용,남,81세,상해없음,승용,여,50세,경상
2023031700100340,2023년 3월 17일 16시,금요일,전라북도 정읍시 상동,경상사고,0,0,1,0,차대사람 - 기타,안전운전불이행,건조,맑음,단일로 - 기타,승용,남,75세,상해없음,보행자,여,6세,경상
2023031700100341,2023년 3월 17일 16시,금요일,전라북도 부안군 줄포면,경상사고,0,0,4,0,차대차 - 측면충돌,안전운전불이행,건조,맑음,교차로 - 교차로안,화물,남,61세,경상,승용,남,65세,경상
2023031700100433,2023년 3월 17일 18시,금요일,전라북도 군산시 나운동,경상사고,0,0,1,0,차대사람 - 기타,안전운전불이행,건조,맑음,단일로 - 기타,승용,남,53세,상해없음,보행자,여,25세,경상
2023031700100434,2023년 3월 17일 18시,금요일,전라북도 완주군 이서면,경상사고,0,0,1,0,차대차 - 기타,안전거리미확보,건조,맑음,단일로 - 기타,승용,남,17세,상해없음,승용,남,31세,경상
2023031700100508,2023년 3월 17일 20시,금요일,전라북도 완주군 용진읍,경상사고,0,0,1,0,차대사람 - 보도통행중,보행자보호의무위반,건조,맑음,교차로 - 교차로횡단보도내,승용,남,59세,상해없음,보행자,남,62세,경상
2023031700100537,2023년 3월 17일 21시,금요일,전라북도 전주시 덕진구 만성동,경상사고,0,0,2,0,차대차 - 측면충돌,안전운전불이행,건조,맑음,교차로 - 교차로안,승용,남,52세,상해없음,승용,남,39세,경상
2023031800100068,2023년 3월 18일 09시,토요일,전라북도 남원시 왕정동,경상사고,0,0,1,0,차대차 - 측면충돌,신호위반,건조,맑음,교차로 - 교차로안,개인형이동수단(PM),남,60세,경상,승용,남,55세,상해없음
2023031800100137,2023년 3월 18일 11시,토요일,전라북도 고창군 고창읍,경상사고,0,0,1,0,차대차 - 측면충돌,안전운전불이행,건조,맑음,단일로 - 기타,승용,여,56세,상해없음,승용,남,18세,경상
2023031800100175,2023년 3월 18일 12시,토요일,전라북도 전주시 완산구 효자동2가,경상사고,0,0,1,0,차대차 - 측면충돌,안전거리미확보,건조,맑음,단일로 - 기타,승용,여,67세,상해없음,승용,여,59세,경상
2023031800100223,2023년 3월 18일 13시,토요일,전라북도 정읍시 태인면,중상사고,0,1,0,0,차대차 - 측면충돌,안전운전불이행,건조,맑음,교차로 - 교차로안,승용,여,63세,상해없음,이륜,여,70세,중상
2023031800100224,2023년 3월 18일 13시,토요일,전라북도 남원시 조산동,중상사고,0,1,2,0,차대차 - 측면충돌,안전운전불이행,건조,맑음,교차로 - 교차로안,승용,남,89세,상해없음,승용,남,59세,경상
2023031800100260,2023년 3월 18일 14시,토요일,전라북도 전주시 덕진구 팔복동2가,중상사고,0,1,1,0,차대차 - 추돌,중앙선침범,건조,맑음,교차로 - 교차로안,승용,여,45세,상해없음,승용,남,56세,중상
2023031800100261,2023년 3월 18일 14시,토요일,전라북도 전주시 덕진구 송천동2가,경상사고,0,0,2,0,차대차 - 추돌,안전운전불이행,건조,맑음,단일로 - 기타,승용,남,28세,상해없음,화물,남,28세,경상
2023031800100302,2023년 3월 18일 15시,토요일,전라북도 전주시 덕진구 반월동,중상사고,0,1,3,0,차대차 - 추돌,신호위반,건조,맑음,교차로 - 교차로안,승용,남,37세,경상,승용,남,43세,중상
2023031800100303,2023년 3월 18일 15시,토요일,전라북도 군산시 오식도동,경상사고,0,0,1,0,차대차 - 기타,안전운전불이행,건조,맑음,교차로 - 교차로부근,승용,남,23세,상해없음,승용,여,50세,경상
2023031800100382,2023년 3월 18일 17시,토요일,전라북도 전주시 완산구 평화동2가,중상사고,0,1,1,0,차대차 - 정면충돌,신호위반,건조,맑음,교차로 - 교차로안,승용,남,48세,상해없음,승용,여,56세,경상
2023031800100412,2023년 3월 18일 18시,토요일,전라북도 군산시 수송동,경상사고,0,0,3,0,차대차 - 기타,안전운전불이행,건조,맑음,교차로 - 교차로부근,승용,여,71세,상해없음,승합,남,50세,상해없음
2023031800100479,2023년 3월 18일 20시,토요일,전라북도 전주시 완산구 중화산동2가,경상사고,0,0,1,0,차대차 - 측면충돌,신호위반,건조,맑음,교차로 - 교차로부근,승용,여,48세,상해없음,이륜,남,40세,경상
2023031800100480,2023년 3월 18일 20시,토요일,전라북도 익산시 인화동1가,경상사고,0,0,2,0,차대차 - 추돌,안전운전불이행,건조,맑음,단일로 - 기타,화물,남,59세,상해없음,승용,여,52세,경상
2023031800100503,2023년 3월 18일 21시,토요일,전라북도 전주시 완산구 삼천동1가,경상사고,0,0,2,0,차대차 - 측면충돌,안전운전불이행,건조,맑음,교차로 - 교차로안,승용,여,45세,상해없음,승용,남,51세,경상
2023031800100538,2023년 3월 18일 23시,토요일,전라북도 완주군 이서면,경상사고,0,0,2,0,차대차 - 측면충돌,신호위반,건조,맑음,교차로 - 교차로안,승용,남,46세,상해없음,승용,남,23세,경상
2023031900100078,2023년 3월 19일 10시,일요일,전라북도 전주시 덕진구 진북동,경상사고,0,0,1,0,차대차 - 측면충돌,교차로운행방법위반,건조,맑음,교차로 - 교차로안,승용,남,76세,상해없음,승용,여,49세,경상
2023031900100102,2023년 3월 19일 11시,일요일,전라북도 남원시 하정동,중상사고,0,1,0,0,차대차 - 측면충돌,안전운전불이행,건조,맑음,단일로 - 기타,승용,남,74세,상해없음,자전거,남,83세,중상
2023031900100126,2023년 3월 19일 12시,일요일,전라북도 진안군 부귀면,경상사고,0,0,2,0,차대차 - 추돌,기타,건조,맑음,단일로 - 기타,승용,여,34세,상해없음,승합,남,68세,경상
2023031900100209,2023년 3월 19일 15시,일요일,전라북도 전주시 완산구 효자동3가,경상사고,0,0,2,0,차대차 - 추돌,안전운전불이행,건조,맑음,교차로 - 교차로부근,승용,남,17세,상해없음,승용,남,35세,경상
2023031900100245,2023년 3월 19일 16시,일요일,전라북도 전주시 덕진구 송천동2가,경상사고,0,0,2,0,차대차 - 측면충돌,안전운전불이행,건조,맑음,교차로 - 교차로부근,화물,남,62세,상해없음,승용,남,49세,경상
2023031900100321,2023년 3월 19일 19시,일요일,전라북도 군산시 나운동,부상신고사고,0,0,0,1,차대사람 - 기타,안전운전불이행,건조,맑음,단일로 - 지하차도(도로)내,이륜,남,17세,상해없음,보행자,남,22세,부상신고
2023031900100340,2023년 3월 19일 20시,일요일,전라북도 전주시 완산구 효자동1가,경상사고,0,0,2,0,차대차 - 정면충돌,신호위반,건조,맑음,교차로 - 교차로안,승용,남,21세,상해없음,승용,여,31세,경상
2023032000100022,2023년 3월 20일 04시,월요일,전라북도 남원시 덕과면,중상사고,0,1,0,0,차량단독 - 공작물충돌,안전운전불이행,건조,맑음,단일로 - 지하차도(도로)내,화물,남,57세,중상,,,,
2023032000100103,2023년 3월 20일 08시,월요일,전라북도 전주시 완산구 평화동1가,경상사고,0,0,1,0,차대사람 - 횡단중,보행자보호의무위반,건조,맑음,교차로 - 교차로횡단보도내,승용,남,39세,상해없음,보행자,여,71세,경상
2023032000100202,2023년 3월 20일 11시,월요일,전라북도 익산시 주현동,경상사고,0,0,1,0,차대차 - 추돌,중앙선침범,건조,맑음,단일로 - 기타,승용,남,52세,상해없음,승용,남,33세,경상
2023032000100236,2023년 3월 20일 12시,월요일,전라북도 전주시 완산구 서신동,경상사고,0,0,1,0,차대차 - 측면충돌,안전운전불이행,건조,맑음,교차로 - 교차로안,승용,남,68세,상해없음,이륜,남,38세,경상
2023032000100272,2023년 3월 20일 13시,월요일,전라북도 전주시 완산구 중화산동2가,경상사고,0,0,1,0,차대사람 - 횡단중,보행자보호의무위반,건조,맑음,교차로 - 교차로횡단보도내,승용,여,55세,상해없음,보행자,여,9세,경상
2023032000100306,2023년 3월 20일 14시,월요일,전라북도 전주시 완산구 중화산동2가,중상사고,0,1,0,0,차대차 - 기타,교차로운행방법위반,건조,맑음,교차로 - 교차로안,이륜,남,48세,상해없음,승합,남,61세,상해없음
2023032000100307,2023년 3월 20일 14시,월요일,전라북도 군산시 수송동,경상사고,0,0,1,0,차대사람 - 보도통행중,기타,건조,맑음,단일로 - 기타,화물,남,67세,상해없음,보행자,여,29세,경상
2023032000100372,2023년 3월 20일 16시,월요일,전라북도 군산시 오식도동,경상사고,0,0,1,0,차대차 - 측면충돌,교차로운행방법위반,건조,맑음,교차로 - 교차로안,승용,남,32세,상해없음,화물,남,58세,경상
2023032000100373,2023년 3월 20일 16시,월요일,전라북도 완주군 이서면,중상사고,0,1,0,0,차대사람 - 횡단중,보행자보호의무위반,건조,맑음,교차로 - 교차로횡단보도내,승용,여,48세,상해없음,보행자,여,59세,중상
2023032000100414,2023년 3월 20일 17시,월요일,전라북도 부안군 부안읍,중상사고,0,1,0,0,차대사람 - 횡단중,안전운전불이행,건조,맑음,교차로 - 교차로안,승용,남,23세,상해없음,보행자,남,56세,중상
2023032000100449,2023년 3월 20일 18시,월요일,전라북도 군산시 경암동,중상사고,0,1,0,0,차대차 - 기타,신호위반,건조,맑음,교차로 - 교차로안,승용,남,72세,상해없음,승합,남,71세,상해없음
2023032000100482,2023년 3월 20일 19시,월요일,전라북도 정읍시 농소동,중상사고,0,1,0,0,차대사람 - 횡단중,안전운전불이행,건조,맑음,교차로 - 교차로부근,화물,여,56세,상해없음,보행자,남,65세,중상
2023032000100515,2023년 3월 20일 20시,월요일,전라북도 익산시 인화동1가,중상사고,0,1,0,0,차대사람 - 차도통행중,안전운전불이행,건조,맑음,교차로 - 교차로안,승용,남,65세,상해없음,보행자,남,59세,중상
2023032000100556,2023년 3월 20일 22시,월요일,전라북도 전주시 완산구 효자동2가,경상사고,0,0,1,0,차대차 - 측면충돌,신호위반,건조,맑음,교차로 - 교차로안,승용,여,29세,상해없음,승용,남,51세,경상
2023032000100557,2023년 3월 20일 22시,월요일,전라북도 전주시 덕진구 덕진동2가,경상사고,0,0,2,0,차대차 - 추돌,안전운전불이행,건조,맑음,교차로 - 교차로부근,승용,남,58세,상해없음,승용,여,30세,경상
2023032100100036,2023년 3월 21일 06시,화요일,전라북도 전주시 완산구 효자동2가,경상사고,0,0,1,0,차대차 - 정면충돌,신호위반,건조,맑음,교차로 - 교차로안,승용,여,49세,상해없음,승용,여,57세,경상
2023032100100059,2023년 3월 21일 07시,화요일,전라북도 군산시 오식도동,경상사고,0,0,1,0,차대차 - 측면충돌,직진우회전진행방해,건조,맑음,교차로 - 교차로안,승용,기타불명,미분류,기타불명,승용,남,44세,경상
2023032100100097,2023년 3월 21일 08시,화요일,전라북도 정읍시 장명동,경상사고,0,0,1,0,차대차 - 추돌,안전운전불이행,건조,맑음,단일로 - 기타,승용,남,70세,상해없음,승용,여,63세,경상
2023032100100136,2023년 3월 21일 09시,화요일,전라북도 전주시 완산구 효자동1가,경상사고,0,0,2,0,차대차 - 정면충돌,신호위반,건조,맑음,교차로 - 교차로안,화물,여,51세,상해없음,승용,남,79세,경상
2023032100100137,2023년 3월 21일 09시,화요일,전라북도 전주시 덕진구 만성동,경상사고,0,0,1,0,차대차 - 측면충돌,안전운전불이행,건조,맑음,교차로 - 교차로안,승용,여,65세,상해없음,승용,남,51세,경상
2023032100100138,2023년 3월 21일 09시,화요일,전라북도 전주시 덕진구 우아동3가,경상사고,0,0,1,0,차대차 - 후진중충돌,안전운전불이행,건조,맑음,교차로 - 교차로부근,승용,여,62세,상해없음,승용,남,38세,경상
2023032100100139,2023년 3월 21일 09시,화요일,전라북도 정읍시 입암면,경상사고,0,0,1,0,차대사람 - 기타,안전운전불이행,건조,맑음,기타 - 기타,승용,여,55세,상해없음,보행자,여,83세,경상
2023032100100165,2023년 3월 21일 10시,화요일,전라북도 전주시 완산구 효자동1가,경상사고,0,0,1,0,차대차 - 기타,안전거리미확보,건조,맑음,기타 - 기타,화물,남,71세,상해없음,승합,남,52세,상해없음
2023032100100191,2023년 3월 21일 11시,화요일,전라북도 익산시 어양동,중상사고,0,1,0,0,차대차 - 측면충돌,직진우회전진행방해,건조,맑음,교차로 - 교차로안,이륜,남,86세,중상,승용,남,59세,상해없음
2023032100100192,2023년 3월 21일 11시,화요일,전라북도 익산시 모현동2가,경상사고,0,0,2,0,차대차 - 측면충돌,안전운전불이행,건조,맑음,단일로 - 기타,승용,여,70세,상해없음,승합,남,67세,경상
2023032100100280,2023년 3월 21일 14시,화요일,전라북도 익산시 동산동,경상사고,0,0,1,0,차대차 - 측면충돌,안전운전불이행,건조,맑음,단일로 - 기타,승용,남,74세,상해없음,화물,남,46세,경상
2023032100100320,2023년 3월 21일 15시,화요일,전라북도 군산시 나포면,부상신고사고,0,0,0,1,차대차 - 측면충돌,안전운전불이행,건조,맑음,교차로 - 교차로안,승용,남,60세,상해없음,화물,남,56세,부상신고
2023032100100321,2023년 3월 21일 15시,화요일,전라북도 익산시 팔봉동,중상사고,0,1,0,0,차대차 - 측면충돌,안전운전불이행,건조,맑음,단일로 - 기타,승용,남,54세,상해없음,자전거,여,60세,중상
2023032100100355,2023년 3월 21일 16시,화요일,전라북도 전주시 완산구 효자동1가,경상사고,0,0,1,0,차대사람 - 횡단중,보행자보호의무위반,건조,맑음,단일로 - 기타,화물,남,67세,기타불명,보행자,여,23세,경상
2023032100100356,2023년 3월 21일 16시,화요일,전라북도 군산시 나운동,중상사고,0,1,0,0,차대사람 - 횡단중,안전운전불이행,건조,맑음,단일로 - 지하차도(도로)내,승용,여,59세,상해없음,보행자,여,72세,중상
2023032100100357,2023년 3월 21일 16시,화요일,전라북도 익산시 주현동,경상사고,0,0,3,0,차대차 - 측면충돌,안전운전불이행,건조,맑음,교차로 - 교차로안,화물,남,68세,상해없음,승용,남,42세,경상
2023032100100453,2023년 3월 21일 18시,화요일,전라북도 남원시 용정동,경상사고,0,0,1,0,차대차 - 추돌,안전운전불이행,건조,맑음,교차로 - 교차로부근,화물,남,73세,상해없음,승용,여,54세,경상
2023032100100518,2023년 3월 21일 20시,화요일,전라북도 전주시 덕진구 금암동,경상사고,0,0,1,0,차대사람 - 길가장자리구역통행중,안전운전불이행,건조,맑음,단일로 - 기타,기타불명,기타불명,미분류,기타불명,보행자,남,42세,경상
2023032100100542,2023년 3월 21일 21시,화요일,전라북도 군산시 수송동,경상사고,0,0,1,0,차대차 - 추돌,안전운전불이행,건조,맑음,교차로 - 교차로부근,승용,여,47세,상해없음,승용,여,26세,경상
2023032100100543,2023년 3월 21일 21시,화요일,전라북도 익산시 함라면,경상사고,0,0,1,0,차대차 - 측면충돌,안전운전불이행,건조,흐림,교차로 - 교차로안,승용,남,57세,상해없음,승용,남,41세,경상
2023032200100028,2023년 3월 22일 03시,수요일,전라북도 전주시 완산구 효자동3가,경상사고,0,0,2,0,차대차 - 정면충돌,중앙선침범,건조,맑음,교차로 - 교차로부근,승용,남,23세,상해없음,승용,남,27세,경상
2023032200100029,2023년 3월 22일 03시,수요일,전라북도 전주시 완산구 효자동2가,경상사고,0,0,1,0,차대차 - 기타,중앙선침범,건조,맑음,교차로 - 교차로부근,승용,남,43세,상해없음,승용,남,47세,경상
2023032200100030,2023년 3월 22일 03시,수요일,전라북도 군산시 소룡동,경상사고,0,0,1,0,차대차 - 측면충돌,신호위반,건조,맑음,교차로 - 교차로부근,화물,남,62세,상해없음,특수,남,42세,경상
2023032200100070,2023년 3월 22일 07시,수요일,전라북도 완주군 삼례읍,중상사고,0,1,1,0,차대차 - 측면충돌,중앙선침범,건조,맑음,교차로 - 교차로부근,승용,남,61세,중상,승용,여,65세,경상
2023032200100099,2023년 3월 22일 08시,수요일,전라북도 완주군 용진읍,경상사고,0,0,1,0,차대차 - 측면충돌,신호위반,건조,맑음,교차로 - 교차로안,사륜오토바이(ATV),남,84세,상해없음,승용,여,65세,경상
2023032200100131,2023년 3월 22일 09시,수요일,전라북도 정읍시 수성동,경상사고,0,0,1,0,차대차 - 측면충돌,신호위반,건조,맑음,교차로 - 교차로안,승용,여,64세,상해없음,승용,남,28세,경상