사고번호,사고일시,요일,시군구,사고내용,사망자수,중상자수,경상자수,부상신고자수,사고유형,법규위반,노면상태,기상상태,도로형태,가해운전자 차종,가해운전자 성별,가해운전자 연령,가해운전자 상해정도,피해운전자 차종,피해운전자 성별,피해운전자 연령,피해운전자 상해정도
2023033000100398,2023년 3월 30일 17시,목요일,전라북도 전주시 완산구 효자동3가,경상사고,0,0,1,0,차대차 - 기타,안전거리미확보,건조,맑음,단일로 - 기타,승용,여,27세,상해없음,승용,여,45세,경상
2023033000100399,2023년 3월 30일 17시,목요일,전라북도 군산시 구암동,경상사고,0,0,1,0,차대차 - 측면충돌,교차로운행방법위반,건조,맑음,교차로 - 교차로안,화물,남,55세,상해없음,승용,남,48세,경상
2023033000100441,2023년 3월 30일 18시,목요일,전라북도 전주시 완산구 효자동3가,중상사고,0,1,0,0,차대차 - 측면충돌,안전거리미확보,건조,맑음,기타 - 기타,승용,남,68세,상해없음,원동기,남,25세,중상
2023033000100442,2023년 3월 30일 18시,목요일,전라북도 정읍시 상동,중상사고,0,1,0,0,차대사람 - 횡단중,보행자보호의무위반,건조,맑음,단일로 - 기타,이륜,남,22세,상해없음,보행자,여,12세,중상
2023033000100490,2023년 3월 30일 19시,목요일,전라북도 군산시 미룡동,경상사고,0,0,2,0,차대차 - 측면충돌,직진우회전진행방해,건조,맑음,교차로 - 교차로안,승용,여,69세,상해없음,승용,남,48세,경상
2023033000100491,2023년 3월 30일 19시,목요일,전라북도 익산시 남중동,경상사고,0,0,1,0,차대차 - 정면충돌,중앙선침범,건조,맑음,단일로 - 기타,자전거,남,76세,경상,승용,여,53세,상해없음
2023033000100518,2023년 3월 30일 20시,목요일,전라북도 임실군 관촌면,경상사고,0,0,1,0,차대차 - 정면충돌,중앙선침범,건조,맑음,단일로 - 기타,승용,남,65세,상해없음,승용,남,68세,경상
2023033000100543,2023년 3월 30일 21시,목요일,전라북도 전주시 완산구 용복동,경상사고,0,0,1,0,차대차 - 추돌,안전운전불이행,건조,맑음,단일로 - 기타,승용,남,47세,상해없음,승용,남,50세,경상
2023033000100544,2023년 3월 30일 21시,목요일,전라북도 익산시 동산동,경상사고,0,0,2,0,차대차 - 정면충돌,신호위반,건조,맑음,교차로 - 교차로안,승용,여,36세,상해없음,승용,남,65세,경상
2023033100100008,2023년 3월 31일 00시,금요일,전라북도 김제시 백산면,중상사고,0,1,3,0,차대차 - 측면충돌,신호위반,건조,맑음,교차로 - 교차로안,승용,남,37세,중상,승용,남,19세,경상
2023033100100085,2023년 3월 31일 08시,금요일,전라북도 정읍시 연지동,경상사고,0,0,1,0,차대사람 - 횡단중,신호위반,건조,맑음,단일로 - 기타,승용,여,56세,상해없음,보행자,남,6세,경상
2023033100100086,2023년 3월 31일 08시,금요일,전라북도 진안군 진안읍,경상사고,0,0,1,0,차대차 - 정면충돌,직진우회전진행방해,건조,맑음,교차로 - 교차로안,건설기계,남,58세,상해없음,승용,남,37세,경상
2023033100100130,2023년 3월 31일 09시,금요일,전라북도 순창군 쌍치면,경상사고,0,0,1,1,차대차 - 기타,안전운전불이행,건조,맑음,단일로 - 기타,이륜,남,77세,부상신고,이륜,남,84세,경상
2023033100100175,2023년 3월 31일 10시,금요일,전라북도 군산시 성산면,경상사고,0,0,2,0,차대차 - 기타,안전운전불이행,건조,맑음,주차장 - 주차장,승용,남,60세,상해없음,화물,남,31세,기타불명
2023033100100240,2023년 3월 31일 12시,금요일,전라북도 군산시 지곡동,경상사고,0,0,1,0,차대차 - 기타,안전운전불이행,건조,맑음,단일로 - 기타,승용,여,53세,상해없음,승용,여,48세,경상
2023033100100275,2023년 3월 31일 13시,금요일,전라북도 진안군 동향면,중상사고,0,1,0,0,차대사람 - 기타,안전운전불이행,건조,맑음,기타 - 기타,농기계,남,73세,상해없음,보행자,여,95세,중상
2023033100100345,2023년 3월 31일 15시,금요일,전라북도 전주시 덕진구 덕진동1가,경상사고,0,0,1,0,차대사람 - 기타,안전운전불이행,건조,맑음,단일로 - 기타,승합,남,37세,상해없음,보행자,여,18세,경상
2023033100100388,2023년 3월 31일 16시,금요일,전라북도 군산시 미룡동,중상사고,0,1,0,0,차대사람 - 차도통행중,안전운전불이행,건조,맑음,주차장 - 주차장,특수,남,44세,상해없음,보행자,여,81세,중상
2023033100100435,2023년 3월 31일 17시,금요일,전라북도 남원시 대강면,경상사고,0,0,1,0,차량단독 - 전도전복 - 전도,안전운전불이행,건조,맑음,교차로 - 교차로안,원동기,남,62세,경상,,,,
2023033100100489,2023년 3월 31일 18시,금요일,전라북도 순창군 순창읍,경상사고,0,0,1,0,차대차 - 기타,안전운전불이행,건조,맑음,교차로 - 교차로안,승용,남,75세,상해없음,승용,여,65세,경상
2023033100100539,2023년 3월 31일 19시,금요일,전라북도 전주시 완산구 평화동2가,경상사고,0,0,1,0,차대차 - 측면충돌,안전운전불이행,건조,맑음,교차로 - 교차로안,개인형이동수단(PM),남,18세,경상,승용,남,53세,상해없음
2023033100100571,2023년 3월 31일 20시,금요일,전라북도 익산시 왕궁면,경상사고,0,0,1,0,차대차 - 측면충돌,안전운전불이행,건조,맑음,단일로 - 기타,승용,여,68세,상해없음,승용,남,49세,경상
2023033100100611,2023년 3월 31일 22시,금요일,전라북도 전주시 완산구 효자동3가,중상사고,0,1,0,0,차대사람 - 기타,안전운전불이행,건조,맑음,단일로 - 기타,개인형이동수단(PM),여,16세,상해없음,보행자,남,18세,중상
2023033100100612,2023년 3월 31일 22시,금요일,전라북도 김제시 신풍동,중상사고,0,1,0,0,차대사람 - 차도통행중,안전운전불이행,건조,맑음,단일로 - 기타,승용,남,59세,상해없음,보행자,남,44세,중상
2023040100100010,2023년 4월 1일 00시,토요일,전라북도 전주시 완산구 중화산동2가,경상사고,0,0,3,0,차대차 - 추돌,안전운전불이행,건조,맑음,단일로 - 기타,승용,남,49세,상해없음,승용,남,46세,경상
2023040100100071,2023년 4월 1일 07시,토요일,전라북도 순창군 순창읍,부상신고사고,0,0,0,1,차대차 - 측면충돌,안전운전불이행,건조,맑음,교차로 - 교차로안,자전거,남,48세,부상신고,승용,남,35세,상해없음
2023040100100089,2023년 4월 1일 08시,토요일,전라북도 전주시 완산구 서신동,중상사고,0,1,0,0,차대차 - 기타,신호위반,건조,맑음,교차로 - 교차로횡단보도내,승용,남,50세,상해없음,자전거,남,28세,중상
2023040100100140,2023년 4월 1일 10시,토요일,전라북도 군산시 나운동,경상사고,0,0,2,0,차대차 - 측면충돌,신호위반,건조,맑음,교차로 - 교차로안,승용,남,63세,경상,승용,남,63세,경상
2023040100100170,2023년 4월 1일 11시,토요일,전라북도 전주시 덕진구 금암동,중상사고,0,1,0,0,차대사람 - 횡단중,보행자보호의무위반,건조,맑음,교차로 - 교차로횡단보도내,승용,남,75세,상해없음,보행자,남,81세,중상
2023040100100171,2023년 4월 1일 11시,토요일,전라북도 군산시 사정동,경상사고,0,0,2,0,차대차 - 측면충돌,안전운전불이행,건조,맑음,교차로 - 교차로안,승용,남,63세,경상,승용,남,35세,경상
2023040100100221,2023년 4월 1일 12시,토요일,전라북도 전주시 완산구 효자동1가,중상사고,0,1,0,0,차대사람 - 기타,안전운전불이행,건조,맑음,교차로 - 교차로부근,승용,여,62세,상해없음,보행자,여,81세,중상
2023040100100266,2023년 4월 1일 13시,토요일,전라북도 전주시 덕진구 덕진동2가,경상사고,0,0,1,0,차대차 - 측면충돌,교차로운행방법위반,건조,맑음,교차로 - 교차로부근,승용,여,60세,상해없음,승합,남,60세,경상
2023040100100267,2023년 4월 1일 13시,토요일,전라북도 익산시 모현동1가,경상사고,0,0,1,0,차대차 - 측면충돌,안전운전불이행,건조,맑음,교차로 - 교차로횡단보도내,승용,남,70세,상해없음,자전거,남,12세,경상
2023040100100310,2023년 4월 1일 14시,토요일,전라북도 전주시 덕진구 덕진동1가,중상사고,0,1,0,0,차대사람 - 횡단중,보행자보호의무위반,건조,맑음,교차로 - 교차로횡단보도내,이륜,남,18세,상해없음,보행자,남,18세,중상
2023040100100311,2023년 4월 1일 14시,토요일,전라북도 군산시 나운동,중상사고,0,1,0,0,차대사람 - 기타,안전운전불이행,건조,맑음,교차로 - 교차로부근,승용,남,52세,상해없음,보행자,여,82세,중상
2023040100100392,2023년 4월 1일 16시,토요일,전라북도 전주시 덕진구 호성동1가,사망사고,1,0,0,0,차대사람 - 횡단중,보행자보호의무위반,건조,맑음,교차로 - 교차로횡단보도내,승용,남,68세,상해없음,보행자,여,58세,사망
2023040100100393,2023년 4월 1일 16시,토요일,전라북도 군산시 소룡동,경상사고,0,0,2,0,차대차 - 측면충돌,안전운전불이행,건조,맑음,교차로 - 교차로부근,승용,남,60세,상해없음,승용,남,49세,경상
2023040100100422,2023년 4월 1일 17시,토요일,전라북도 전주시 완산구 효자동3가,경상사고,0,0,3,0,차대차 - 기타,안전운전불이행,건조,맑음,교차로 - 교차로안,승용,남,27세,경상,승용,남,63세,경상
2023040100100423,2023년 4월 1일 17시,토요일,전라북도 전주시 완산구 석구동,경상사고,0,0,1,0,차대차 - 추돌,안전운전불이행,건조,맑음,단일로 - 기타,승용,남,54세,상해없음,승용,남,30세,경상
2023040100100424,2023년 4월 1일 17시,토요일,전라북도 군산시 수송동,경상사고,0,0,1,0,차대차 - 추돌,안전운전불이행,건조,맑음,교차로 - 교차로부근,승용,여,19세,상해없음,승용,남,59세,경상
2023040100100425,2023년 4월 1일 17시,토요일,전라북도 익산시 웅포면,경상사고,0,0,3,0,차대차 - 추돌,안전운전불이행,건조,맑음,단일로 - 기타,승용,여,40세,상해없음,승용,남,35세,경상
2023040100100426,2023년 4월 1일 17시,토요일,전라북도 남원시 이백면,중상사고,0,1,1,0,차대차 - 측면충돌,직진우회전진행방해,건조,맑음,교차로 - 교차로안,화물,남,59세,중상,화물,남,52세,경상
2023040100100490,2023년 4월 1일 19시,토요일,전라북도 익산시 모현동2가,경상사고,0,0,1,0,차대차 - 기타,기타,건조,맑음,단일로 - 기타,승용,남,58세,상해없음,이륜,남,55세,경상
2023040100100491,2023년 4월 1일 19시,토요일,전라북도 정읍시 상동,중상사고,0,1,0,0,차대사람 - 횡단중,안전운전불이행,건조,맑음,기타 - 기타,화물,남,66세,상해없음,보행자,여,8세,중상
2023040100100549,2023년 4월 1일 21시,토요일,전라북도 군산시 나운동,경상사고,0,0,1,2,차대차 - 추돌,안전운전불이행,건조,맑음,단일로 - 기타,승용,남,38세,상해없음,승용,남,63세,경상
2023040100100570,2023년 4월 1일 22시,토요일,전라북도 전주시 덕진구 덕진동1가,경상사고,0,0,1,0,차대사람 - 기타,안전운전불이행,건조,맑음,단일로 - 기타,승용,남,32세,상해없음,보행자,남,39세,경상
2023040200100024,2023년 4월 2일 02시,일요일,전라북도 익산시 춘포면,경상사고,0,0,2,0,차대차 - 기타,안전운전불이행,건조,맑음,기타 - 기타,승용,남,37세,상해없음,승용,남,29세,경상
2023040200100064,2023년 4월 2일 08시,일요일,전라북도 김제시 서암동,경상사고,0,0,3,0,차대차 - 측면충돌,안전운전불이행,건조,맑음,단일로 - 지하차도(도로)내,승용,여,60세,경상,승용,남,52세,경상
2023040200100081,2023년 4월 2일 09시,일요일,전라북도 김제시 금구면,중상사고,0,1,4,0,차대차 - 측면충돌,기타,건조,맑음,단일로 - 지하차도(도로)내,승용,여,56세,중상,승용,여,52세,경상
2023040200100082,2023년 4월 2일 09시,일요일,전라북도 부안군 줄포면,경상사고,0,0,2,0,차대차 - 측면충돌,교차로운행방법위반,건조,맑음,교차로 - 교차로안,화물,남,54세,경상,이륜,남,25세,경상
2023040200100098,2023년 4월 2일 10시,일요일,전라북도 진안군 성수면,사망사고,1,0,0,0,차대사람 - 기타,안전운전불이행,건조,맑음,단일로 - 기타,승용,남,62세,상해없음,보행자,남,93세,사망
2023040200100188,2023년 4월 2일 13시,일요일,전라북도 전주시 덕진구 팔복동2가,경상사고,0,0,1,0,차대사람 - 차도통행중,안전운전불이행,건조,맑음,단일로 - 지하차도(도로)내,자전거,남,57세,상해없음,보행자,여,23세,경상
2023040200100189,2023년 4월 2일 13시,일요일,전라북도 군산시 나운동,경상사고,0,0,1,0,차대사람 - 기타,안전운전불이행,건조,맑음,기타 - 기타,승용,남,41세,상해없음,보행자,여,85세,경상
2023040200100270,2023년 4월 2일 15시,일요일,전라북도 전주시 완산구 서노송동,경상사고,0,0,1,0,차대차 - 측면충돌,안전운전불이행,건조,맑음,교차로 - 교차로안,승용,여,56세,상해없음,자전거,남,85세,경상
2023040200100271,2023년 4월 2일 15시,일요일,전라북도 전주시 덕진구 진북동,경상사고,0,0,2,0,차대차 - 추돌,안전운전불이행,건조,맑음,단일로 - 지하차도(도로)내,승용,남,35세,상해없음,승용,남,27세,경상
2023040200100330,2023년 4월 2일 17시,일요일,전라북도 군산시 나운동,중상사고,0,1,0,0,차대사람 - 횡단중,안전운전불이행,건조,맑음,교차로 - 교차로부근,승용,남,51세,상해없음,보행자,여,49세,중상
2023040200100357,2023년 4월 2일 18시,일요일,전라북도 익산시 모현동1가,경상사고,0,0,1,0,차대사람 - 횡단중,안전운전불이행,건조,맑음,교차로 - 교차로부근,화물,남,55세,상해없음,보행자,여,80세,경상
2023040200100389,2023년 4월 2일 19시,일요일,전라북도 전주시 완산구 중화산동2가,경상사고,0,0,4,0,차대차 - 기타,신호위반,건조,맑음,교차로 - 교차로부근,승용,여,45세,상해없음,승용,남,42세,경상
2023040200100390,2023년 4월 2일 19시,일요일,전라북도 군산시 소룡동,경상사고,0,0,1,0,차대차 - 측면충돌,안전운전불이행,건조,맑음,교차로 - 교차로안,승용,남,61세,상해없음,원동기,남,38세,경상
2023040200100439,2023년 4월 2일 21시,일요일,전라북도 김제시 하동,경상사고,0,0,2,0,차대차 - 추돌,안전운전불이행,건조,맑음,교차로 - 교차로부근,승합,남,57세,상해없음,승용,여,59세,경상
2023040300100025,2023년 4월 3일 05시,월요일,전라북도 완주군 구이면,경상사고,0,0,2,0,차대차 - 추돌,안전운전불이행,건조,맑음,단일로 - 교량,화물,남,62세,상해없음,승용,여,54세,상해없음
2023040300100077,2023년 4월 3일 08시,월요일,전라북도 남원시 월락동,경상사고,0,0,2,0,차대차 - 측면충돌,안전거리미확보,건조,맑음,교차로 - 교차로안,승용,여,50세,상해없음,승합,남,32세,경상
2023040300100123,2023년 4월 3일 09시,월요일,전라북도 임실군 관촌면,경상사고,0,0,1,0,차대차 - 측면충돌,안전운전불이행,건조,맑음,단일로 - 지하차도(도로)내,승용,여,23세,상해없음,승용,남,73세,경상
2023040300100188,2023년 4월 3일 11시,월요일,전라북도 군산시 영화동,경상사고,0,0,4,0,차대차 - 기타,교차로운행방법위반,건조,맑음,교차로 - 교차로안,승용,남,34세,경상,승용,남,62세,경상
2023040300100212,2023년 4월 3일 12시,월요일,전라북도 익산시 신흥동,경상사고,0,0,1,0,차대차 - 측면충돌,신호위반,건조,맑음,교차로 - 교차로안,승용,여,64세,상해없음,승용,남,29세,경상
2023040300100213,2023년 4월 3일 12시,월요일,전라북도 진안군 마령면,경상사고,0,0,1,0,차대차 - 측면충돌,안전운전불이행,건조,맑음,기타 - 기타,화물,남,62세,기타불명,승용,여,33세,경상
2023040300100243,2023년 4월 3일 13시,월요일,전라북도 전주시 완산구 효자동1가,경상사고,0,0,1,0,차대차 - 추돌,안전거리미확보,건조,맑음,교차로 - 교차로부근,화물,남,45세,상해없음,승용,남,69세,경상
2023040300100321,2023년 4월 3일 15시,월요일,전라북도 군산시 조촌동,경상사고,0,0,1,0,차대차 - 추돌,안전운전불이행,건조,맑음,교차로 - 교차로안,승용,여,61세,상해없음,승용,남,37세,경상
2023040300100322,2023년 4월 3일 15시,월요일,전라북도 김제시 요촌동,경상사고,0,0,1,0,차대차 - 측면충돌,직진우회전진행방해,건조,맑음,교차로 - 교차로안,승용,여,55세,상해없음,승용,남,71세,경상
2023040300100358,2023년 4월 3일 16시,월요일,전라북도 전주시 덕진구 송천동1가,중상사고,0,2,1,0,차대사람 - 보도통행중,기타,건조,맑음,교차로 - 교차로부근,승용,남,82세,중상,보행자,남,24세,중상
2023040300100359,2023년 4월 3일 16시,월요일,전라북도 군산시 장재동,중상사고,0,1,0,0,차대사람 - 횡단중,보행자보호의무위반,건조,맑음,교차로 - 교차로부근,승용,여,19세,상해없음,보행자,남,88세,중상
2023040300100402,2023년 4월 3일 17시,월요일,전라북도 익산시 신동,중상사고,0,1,0,0,차대사람 - 기타,안전운전불이행,건조,맑음,교차로 - 교차로부근,승합,남,61세,상해없음,보행자,남,48세,중상
2023040300100463,2023년 4월 3일 18시,월요일,전라북도 전주시 완산구 서신동,경상사고,0,0,1,0,차대차 - 측면충돌,안전운전불이행,건조,맑음,교차로 - 교차로횡단보도내,승용,남,61세,상해없음,자전거,여,21세,경상
2023040300100464,2023년 4월 3일 18시,월요일,전라북도 군산시 미룡동,경상사고,0,0,2,0,차대차 - 측면충돌,안전거리미확보,건조,맑음,단일로 - 기타,승용,남,22세,상해없음,화물,남,39세,경상
2023040300100497,2023년 4월 3일 19시,월요일,전라북도 전주시 덕진구 금암동,경상사고,0,0,1,0,차대차 - 측면충돌,안전운전불이행,건조,맑음,단일로 - 지하차도(도로)내,승용,남,24세,상해없음,승용,여,28세,경상
2023040300100498,2023년 4월 3일 19시,월요일,전라북도 군산시 조촌동,경상사고,0,0,1,0,차대차 - 기타,안전운전불이행,건조,맑음,단일로 - 기타,승용,남,54세,상해없음,이륜,남,43세,경상
2023040300100499,2023년 4월 3일 19시,월요일,전라북도 군산시 개사동,중상사고,0,1,1,0,차대차 - 추돌,안전운전불이행,건조,맑음,단일로 - 기타,승용,남,23세,중상,특수,남,49세,경상
2023040300100500,2023년 4월 3일 19시,월요일,전라북도 익산시 영등동,경상사고,0,0,1,0,차대차 - 측면충돌,직진우회전진행방해,건조,맑음,교차로 - 교차로안,승용,여,38세,상해없음,승용,남,32세,경상
2023040300100501,2023년 4월 3일 19시,월요일,전라북도 익산시 신동,중상사고,0,1,0,0,차대차 - 측면충돌,안전운전불이행,건조,맑음,교차로 - 교차로부근,승용,남,55세,상해없음,자전거,남,62세,중상
2023040300100502,2023년 4월 3일 19시,월요일,전라북도 정읍시 상동,경상사고,0,0,1,0,차대사람 - 횡단중,보행자보호의무위반,건조,맑음,교차로 - 교차로부근,승용,남,77세,상해없음,보행자,여,17세,경상
2023040300100538,2023년 4월 3일 20시,월요일,전라북도 김제시 용지면,경상사고,0,0,1,0,차대차 - 추돌,안전운전불이행,건조,맑음,단일로 - 기타,이륜,남,41세,상해없음,승용,여,55세,경상
2023040300100557,2023년 4월 3일 21시,월요일,전라북도 전주시 완산구 효자동3가,경상사고,0,0,1,0,차대사람 - 횡단중,안전운전불이행,건조,맑음,교차로 - 교차로안,개인형이동수단(PM),남,14세,상해없음,보행자,여,42세,경상
2023040400100003,2023년 4월 4일 00시,화요일,전라북도 전주시 완산구 서신동,경상사고,0,0,1,0,차대차 - 기타,안전운전불이행,건조,맑음,교차로 - 교차로부근,승용,남,64세,상해없음,이륜,남,47세,경상
2023040400100030,2023년 4월 4일 05시,화요일,전라북도 김제시 백산면,경상사고,0,0,1,0,차대사람 - 기타,안전운전불이행,건조,맑음,단일로 - 기타,승용,남,59세,상해없음,보행자,남,32세,경상
2023040400100159,2023년 4월 4일 10시,화요일,전라북도 전주시 덕진구 덕진동2가,중상사고,0,1,0,0,차대차 - 측면충돌,안전운전불이행,건조,맑음,기타 - 기타,승용,남,67세,상해없음,자전거,여,81세,중상
2023040400100184,2023년 4월 4일 11시,화요일,전라북도 군산시 나운동,부상신고사고,0,0,0,1,차대차 - 측면충돌,안전운전불이행,건조,흐림,교차로 - 교차로부근,승용,남,70세,상해없음,승용,남,64세,부상신고
2023040400100203,2023년 4월 4일 12시,화요일,전라북도 고창군 아산면,중상사고,0,1,1,0,차대차 - 정면충돌,중앙선침범,건조,맑음,단일로 - 기타,승용,남,29세,상해없음,승합,남,51세,중상
2023040400100230,2023년 4월 4일 13시,화요일,전라북도 전주시 완산구 중화산동2가,경상사고,0,0,1,0,차대차 - 측면충돌,신호위반,건조,맑음,교차로 - 교차로안,승용,여,46세,상해없음,승용,여,30세,경상
2023040400100231,2023년 4월 4일 13시,화요일,전라북도 부안군 부안읍,중상사고,0,1,0,0,차대사람 - 차도통행중,안전운전불이행,젖음/습기,비,단일로 - 지하차도(도로)내,화물,남,73세,상해없음,보행자,여,44세,중상
2023040400100327,2023년 4월 4일 16시,화요일,전라북도 군산시 소룡동,경상사고,0,0,1,0,차대차 - 추돌,안전운전불이행,젖음/습기,비,교차로 - 교차로부근,화물,남,45세,상해없음,승용,남,29세,경상
2023040400100328,2023년 4월 4일 16시,화요일,전라북도 익산시 신동,부상신고사고,0,0,0,1,차대사람 - 기타,안전운전불이행,젖음/습기,비,교차로 - 교차로안,승용,남,29세,상해없음,보행자,남,28세,부상신고
2023040400100361,2023년 4월 4일 17시,화요일,전라북도 전주시 완산구 효자동1가,경상사고,0,0,2,0,차대사람 - 횡단중,보행자보호의무위반,젖음/습기,비,교차로 - 교차로횡단보도내,승용,남,74세,상해없음,보행자,남,8세,경상
2023040400100362,2023년 4월 4일 17시,화요일,전라북도 전주시 덕진구 송천동2가,경상사고,0,0,1,0,차대차 - 기타,신호위반,젖음/습기,흐림,교차로 - 교차로안,이륜,남,26세,상해없음,이륜,남,31세,경상
2023040400100450,2023년 4월 4일 19시,화요일,전라북도 군산시 대명동,중상사고,0,1,0,0,차대차 - 측면충돌,중앙선침범,젖음/습기,비,단일로 - 지하차도(도로)내,승용,여,51세,상해없음,원동기,남,47세,중상
2023040400100451,2023년 4월 4일 19시,화요일,전라북도 남원시 이백면,경상사고,0,0,2,0,차대차 - 추돌,안전거리미확보,젖음/습기,비,단일로 - 지하차도(도로)내,화물,남,35세,상해없음,승용,남,42세,경상
2023040400100507,2023년 4월 4일 20시,화요일,전라북도 전주시 완산구 삼천동1가,중상사고,0,1,0,0,차대사람 - 횡단중,보행자보호의무위반,젖음/습기,비,교차로 - 교차로횡단보도내,승용,여,42세,상해없음,보행자,남,61세,중상
2023040400100508,2023년 4월 4일 20시,화요일,전라북도 전주시 완산구 동서학동,경상사고,0,0,1,0,차대사람 - 횡단중,보행자보호의무위반,젖음/습기,비,교차로 - 교차로횡단보도내,승용,여,51세,상해없음,보행자,여,69세,경상
2023040400100509,2023년 4월 4일 20시,화요일,전라북도 익산시 황등면,경상사고,0,0,1,0,차대차 - 측면충돌,안전운전불이행,젖음/습기,비,교차로 - 교차로부근,승용,여,61세,경상,승용,남,51세,기타불명
2023040400100510,2023년 4월 4일 20시,화요일,전라북도 완주군 이서면,경상사고,0,0,1,0,차대차 - 기타,신호위반,젖음/습기,비,교차로 - 교차로안,원동기,남,19세,상해없음,승용,여,35세,경상
2023040400100567,2023년 4월 4일 21시,화요일,전라북도 전주시 완산구 평화동2가,중상사고,0,1,0,0,차대사람 - 길가장자리구역통행중,안전운전불이행,젖음/습기,비,단일로 - 기타,화물,남,41세,상해없음,보행자,여,56세,중상
2023040400100568,2023년 4월 4일 21시,화요일,전라북도 전주시 완산구 효자동3가,경상사고,0,0,1,0,차대차 - 추돌,안전운전불이행,젖음/습기,비,교차로 - 교차로부근,승용,남,41세,상해없음,승용,여,47세,경상
2023040400100569,2023년 4월 4일 21시,화요일,전라북도 군산시 조촌동,경상사고,0,0,1,0,차대사람 - 횡단중,안전운전불이행,젖음/습기,비,단일로 - 지하차도(도로)내,승합,남,66세,상해없음,보행자,여,54세,경상
2023040400100647,2023년 4월 4일 23시,화요일,전라북도 군산시 수송동,중상사고,0,1,0,0,차대차 - 측면충돌,신호위반,젖음/습기,비,교차로 - 교차로안,화물,남,48세,상해없음,이륜,남,47세,중상
2023040400100648,2023년 4월 4일 23시,화요일,전라북도 고창군 공음면,부상신고사고,0,0,0,1,차량단독 - 전도전복 - 전도,안전운전불이행,젖음/습기,비,단일로 - 기타,승용,남,46세,부상신고,,,,
2023040500100030,2023년 4월 5일 01시,수요일,전라북도 전주시 덕진구 덕진동2가,경상사고,0,0,1,0,차대차 - 추돌,안전운전불이행,젖음/습기,비,교차로 - 교차로부근,승용,남,37세,상해없음,승용,남,27세,경상
2023040500100111,2023년 4월 5일 07시,수요일,전라북도 군산시 수송동,경상사고,0,0,1,0,차대차 - 측면충돌,신호위반,젖음/습기,비,교차로 - 교차로안,승용,여,48세,상해없음,승용,여,59세,경상
2023040500100136,2023년 4월 5일 08시,수요일,전라북도 부안군 행안면,경상사고,0,0,1,0,차대차 - 추돌,안전거리미확보,젖음/습기,비,교차로 - 교차로안,승용,남,50세,상해없음,승용,남,61세,경상
2023040500100377,2023년 4월 5일 16시,수요일,전라북도 전주시 덕진구 인후동1가,경상사고,0,0,1,0,차대차 - 측면충돌,신호위반,젖음/습기,비,단일로 - 기타,승용,여,29세,상해없음,승용,여,58세,경상
2023040500100378,2023년 4월 5일 16시,수요일,전라북도 순창군 순창읍,경상사고,0,0,2,0,차대차 - 측면충돌,안전운전불이행,건조,맑음,교차로 - 교차로안,승용,여,61세,상해없음,승용,여,29세,경상
2023040500100408,2023년 4월 5일 17시,수요일,전라북도 무주군 부남면,중상사고,0,1,0,0,차대차 - 측면충돌,중앙선침범,건조,맑음,단일로 - 지하차도(도로)내,화물,남,63세,상해없음,승합,남,64세,중상
2023040500100532,2023년 4월 5일 20시,수요일,전라북도 전주시 완산구 서신동,중상사고,0,1,0,0,차대사람 - 횡단중,안전운전불이행,젖음/습기,흐림,단일로 - 기타,이륜,남,28세,상해없음,보행자,남,68세,중상
2023040500100625,2023년 4월 5일 23시,수요일,전라북도 완주군 이서면,경상사고,0,0,1,0,차대차 - 측면충돌,신호위반,건조,맑음,교차로 - 교차로안,승용,남,70세,상해없음,승용,남,28세,경상
2023040600100024,2023년 4월 6일 02시,목요일,전라북도 전주시 덕진구 송천동2가,경상사고,0,0,2,0,차대사람 - 기타,안전운전불이행,젖음/습기,비,교차로 - 교차로안,승용,여,46세,상해없음,보행자,여,29세,경상
2023040600100040,2023년 4월 6일 05시,목요일,전라북도 전주시 덕진구 금암동,경상사고,0,0,1,0,차대차 - 정면충돌,직진우회전진행방해,젖음/습기,비,교차로 - 교차로안,승용,남,67세,상해없음,화물,남,72세,상해없음
2023040600100062,2023년 4월 6일 07시,목요일,전라북도 전주시 완산구 효자동3가,경상사고,0,0,1,0,차대차 - 측면충돌,신호위반,젖음/습기,비,교차로 - 교차로부근,화물,남,67세,기타불명,승용,남,42세,경상
2023040600100098,2023년 4월 6일 08시,목요일,전라북도 전주시 완산구 평화동1가,중상사고,0,1,0,0,차대사람 - 횡단중,보행자보호의무위반,젖음/습기,맑음,교차로 - 교차로부근,승용,여,32세,상해없음,보행자,남,59세,중상
2023040600100099,2023년 4월 6일 08시,목요일,전라북도 전주시 덕진구 호성동2가,경상사고,0,0,1,0,차대차 - 측면충돌,교차로운행방법위반,젖음/습기,비,교차로 - 교차로안,승용,여,21세,상해없음,승용,여,38세,경상
2023040600100100,2023년 4월 6일 08시,목요일,전라북도 익산시 왕궁면,경상사고,0,0,1,0,차대차 - 측면충돌,직진우회전진행방해,젖음/습기,비,교차로 - 교차로안,승용,여,52세,상해없음,승용,남,28세,경상
2023040600100186,2023년 4월 6일 12시,목요일,전라북도 군산시 수송동,부상신고사고,0,0,0,1,차대차 - 추돌,안전운전불이행,젖음/습기,비,교차로 - 교차로부근,이륜,남,68세,부상신고,승용,여,54세,상해없음
2023040600100210,2023년 4월 6일 13시,목요일,전라북도 부안군 부안읍,중상사고,0,1,1,0,차대차 - 측면충돌,안전거리미확보,건조,맑음,단일로 - 기타,승용,남,62세,상해없음,원동기,남,79세,경상
2023040600100243,2023년 4월 6일 14시,목요일,전라북도 군산시 지곡동,부상신고사고,0,0,0,1,차대차 - 측면충돌,교차로운행방법위반,젖음/습기,비,교차로 - 교차로안,승용,남,71세,상해없음,승용,여,36세,부상신고