사고번호,사고일시,요일,시군구,사고내용,사망자수,중상자수,경상자수,부상신고자수,사고유형,법규위반,노면상태,기상상태,도로형태,가해운전자 차종,가해운전자 성별,가해운전자 연령,가해운전자 상해정도,피해운전자 차종,피해운전자 성별,피해운전자 연령,피해운전자 상해정도
2023040600100306,2023년 4월 6일 16시,목요일,전라북도 정읍시 시기동,중상사고,0,1,0,0,차대사람 - 기타,기타,젖음/습기,비,단일로 - 기타,승용,남,59세,상해없음,보행자,여,64세,중상
2023040600100339,2023년 4월 6일 17시,목요일,전라북도 정읍시 태인면,중상사고,0,2,6,0,차대차 - 기타,안전운전불이행,건조,맑음,교차로 - 교차로안,승용,남,53세,상해없음,승용,남,52세,경상
2023040600100340,2023년 4월 6일 17시,목요일,전라북도 김제시 순동,중상사고,0,1,1,0,차대차 - 측면충돌,신호위반,젖음/습기,흐림,교차로 - 교차로안,승용,남,25세,중상,승용,남,57세,경상
2023040600100429,2023년 4월 6일 19시,목요일,전라북도 남원시 도통동,경상사고,0,0,2,0,차대차 - 추돌,안전운전불이행,건조,맑음,단일로 - 기타,승용,남,46세,상해없음,화물,남,32세,경상
2023040600100476,2023년 4월 6일 20시,목요일,전라북도 전주시 덕진구 송천동2가,경상사고,0,0,1,0,차대차 - 측면충돌,안전운전불이행,젖음/습기,비,단일로 - 기타,이륜,남,40세,상해없음,이륜,남,39세,경상
2023040600100504,2023년 4월 6일 21시,목요일,전라북도 군산시 조촌동,부상신고사고,0,0,0,1,차대차 - 측면충돌,안전운전불이행,건조,흐림,교차로 - 교차로안,승용,남,53세,상해없음,자전거,여,19세,부상신고
2023040700100054,2023년 4월 7일 06시,금요일,전라북도 진안군 진안읍,경상사고,0,0,1,0,차대차 - 측면충돌,중앙선침범,기타,안개,단일로 - 기타,승용,남,30세,상해없음,화물,남,70세,경상
2023040700100114,2023년 4월 7일 08시,금요일,전라북도 전주시 완산구 효자동1가,경상사고,0,0,1,0,차대차 - 기타,중앙선침범,건조,맑음,단일로 - 기타,승용,남,80세,상해없음,승용,여,44세,경상
2023040700100115,2023년 4월 7일 08시,금요일,전라북도 전주시 덕진구 덕진동2가,경상사고,0,0,1,0,차대사람 - 횡단중,보행자보호의무위반,건조,맑음,교차로 - 교차로횡단보도내,승용,남,43세,상해없음,보행자,남,13세,경상
2023040700100116,2023년 4월 7일 08시,금요일,전라북도 진안군 성수면,중상사고,0,1,0,0,차대차 - 측면충돌,중앙선침범,젖음/습기,안개,단일로 - 기타,화물,남,62세,상해없음,화물,남,57세,중상
2023040700100190,2023년 4월 7일 10시,금요일,전라북도 전주시 완산구 효자동3가,경상사고,0,0,1,0,차대차 - 기타,신호위반,건조,맑음,교차로 - 교차로안,화물,남,60세,상해없음,승용,남,24세,경상
2023040700100238,2023년 4월 7일 12시,금요일,전라북도 전주시 완산구 효자동3가,경상사고,0,0,1,0,차대차 - 추돌,안전운전불이행,건조,맑음,단일로 - 기타,승용,남,31세,상해없음,승용,여,44세,경상
2023040700100276,2023년 4월 7일 13시,금요일,전라북도 완주군 비봉면,중상사고,0,2,1,0,차대차 - 정면충돌,중앙선침범,건조,맑음,단일로 - 기타,승용,여,45세,경상,화물,남,68세,중상
2023040700100312,2023년 4월 7일 14시,금요일,전라북도 전주시 완산구 전동,경상사고,0,0,2,0,차대차 - 추돌,안전거리미확보,건조,맑음,단일로 - 기타,승용,남,40세,상해없음,승합,남,39세,경상
2023040700100345,2023년 4월 7일 15시,금요일,전라북도 전주시 완산구 교동,경상사고,0,0,1,0,차대사람 - 보도통행중,기타,건조,맑음,기타 - 기타,화물,남,74세,상해없음,보행자,여,5세,경상
2023040700100346,2023년 4월 7일 15시,금요일,전라북도 전주시 덕진구 인후동1가,경상사고,0,0,1,0,차대차 - 추돌,안전운전불이행,건조,맑음,기타 - 기타,이륜,남,77세,상해없음,승용,남,56세,경상
2023040700100400,2023년 4월 7일 16시,금요일,전라북도 군산시 구암동,경상사고,0,0,1,0,차대차 - 측면충돌,안전운전불이행,건조,맑음,주차장 - 주차장,화물,남,53세,상해없음,승용,여,57세,경상
2023040700100460,2023년 4월 7일 17시,금요일,전라북도 전주시 덕진구 우아동3가,경상사고,0,0,2,0,차대차 - 측면충돌,안전운전불이행,건조,맑음,기타 - 기타,승용,남,50세,경상,승용,여,43세,경상
2023040700100513,2023년 4월 7일 18시,금요일,전라북도 익산시 인화동1가,중상사고,0,1,0,0,차대차 - 측면충돌,신호위반,건조,맑음,교차로 - 교차로부근,이륜,남,36세,중상,화물,남,63세,상해없음
2023040700100561,2023년 4월 7일 19시,금요일,전라북도 익산시 신흥동,경상사고,0,0,1,0,차대차 - 기타,안전운전불이행,건조,맑음,단일로 - 기타,승용,남,65세,상해없음,승용,남,29세,경상
2023040700100600,2023년 4월 7일 20시,금요일,전라북도 전주시 덕진구 인후동1가,경상사고,0,0,1,0,차대차 - 측면충돌,안전운전불이행,건조,맑음,교차로 - 교차로횡단보도내,이륜,남,42세,상해없음,자전거,남,68세,경상
2023040700100633,2023년 4월 7일 21시,금요일,전라북도 전주시 완산구 서서학동,경상사고,0,0,1,0,차대차 - 정면충돌,안전운전불이행,건조,맑음,교차로 - 교차로안,승용,남,27세,상해없음,승합,남,61세,경상
2023040700100634,2023년 4월 7일 21시,금요일,전라북도 전주시 덕진구 여의동2가,경상사고,0,0,1,0,차대차 - 측면충돌,안전운전불이행,건조,맑음,교차로 - 교차로안,화물,여,67세,상해없음,승합,남,55세,경상
2023040700100635,2023년 4월 7일 21시,금요일,전라북도 군산시 나운동,경상사고,0,0,1,0,차대차 - 기타,안전운전불이행,건조,맑음,교차로 - 교차로부근,승용,남,78세,상해없음,승용,남,44세,상해없음
2023040700100636,2023년 4월 7일 21시,금요일,전라북도 정읍시 수성동,경상사고,0,0,2,0,차대차 - 추돌,안전운전불이행,건조,맑음,단일로 - 기타,승용,남,67세,상해없음,화물,여,48세,상해없음
2023040700100687,2023년 4월 7일 23시,금요일,전라북도 김제시 백구면,경상사고,0,0,3,0,차대차 - 측면충돌,교차로운행방법위반,건조,맑음,교차로 - 교차로안,승용,여,35세,상해없음,승용,여,46세,경상
2023040800100010,2023년 4월 8일 00시,토요일,전라북도 전주시 완산구 삼천동1가,부상신고사고,0,0,0,1,차량단독 - 기타,안전운전불이행,건조,맑음,기타 - 기타,원동기,남,53세,부상신고,,,,
2023040800100031,2023년 4월 8일 02시,토요일,전라북도 군산시 미룡동,경상사고,0,0,2,0,차대차 - 측면충돌,신호위반,건조,맑음,교차로 - 교차로안,승용,남,64세,상해없음,승용,남,22세,경상
2023040800100068,2023년 4월 8일 07시,토요일,전라북도 전주시 완산구 서신동,경상사고,0,0,1,0,차대사람 - 횡단중,보행자보호의무위반,건조,맑음,교차로 - 교차로횡단보도내,승용,여,51세,상해없음,보행자,여,79세,경상
2023040800100087,2023년 4월 8일 08시,토요일,전라북도 전주시 덕진구 팔복동2가,경상사고,0,0,1,0,차대차 - 측면충돌,직진우회전진행방해,건조,맑음,교차로 - 교차로안,승용,남,32세,상해없음,승용,남,27세,경상
2023040800100088,2023년 4월 8일 08시,토요일,전라북도 전주시 덕진구 고랑동,경상사고,0,0,1,0,차량단독 - 공작물충돌,안전운전불이행,건조,맑음,교차로 - 교차로안,승용,남,36세,상해없음,,,,
2023040800100089,2023년 4월 8일 08시,토요일,전라북도 부안군 행안면,경상사고,0,0,1,0,차대차 - 측면충돌,신호위반,건조,맑음,교차로 - 교차로안,승용,남,54세,상해없음,원동기,남,65세,경상
2023040800100138,2023년 4월 8일 10시,토요일,전라북도 전주시 완산구 다가동3가,중상사고,0,1,0,0,차대사람 - 횡단중,신호위반,건조,맑음,교차로 - 교차로횡단보도내,승용,남,64세,상해없음,보행자,여,31세,중상
2023040800100139,2023년 4월 8일 10시,토요일,전라북도 전주시 덕진구 인후동2가,경상사고,0,0,3,0,차대차 - 측면충돌,안전운전불이행,건조,맑음,단일로 - 기타,승용,남,54세,상해없음,승용,남,68세,경상
2023040800100178,2023년 4월 8일 11시,토요일,전라북도 군산시 사정동,경상사고,0,0,1,1,차대차 - 기타,중앙선침범,건조,맑음,단일로 - 지하차도(도로)내,승용,여,57세,상해없음,승용,남,38세,부상신고
2023040800100227,2023년 4월 8일 12시,토요일,전라북도 익산시 영등동,경상사고,0,0,1,0,차대차 - 측면충돌,신호위반,건조,맑음,교차로 - 교차로안,이륜,남,38세,상해없음,승용,여,53세,경상
2023040800100468,2023년 4월 8일 18시,토요일,전라북도 군산시 수송동,경상사고,0,0,1,0,차대차 - 측면충돌,안전운전불이행,건조,맑음,교차로 - 교차로부근,승용,여,31세,상해없음,이륜,남,39세,경상
2023040800100469,2023년 4월 8일 18시,토요일,전라북도 군산시 소룡동,중상사고,0,1,0,0,차대차 - 측면충돌,안전운전불이행,건조,맑음,단일로 - 지하차도(도로)내,승용,남,42세,상해없음,이륜,남,57세,중상
2023040800100470,2023년 4월 8일 18시,토요일,전라북도 익산시 모현동1가,중상사고,0,1,0,0,차대사람 - 보도통행중,안전운전불이행,건조,맑음,단일로 - 기타,승용,여,63세,상해없음,보행자,여,10세,중상
2023040800100532,2023년 4월 8일 20시,토요일,전라북도 익산시 모현동1가,중상사고,0,1,1,0,차대사람 - 횡단중,안전운전불이행,건조,맑음,단일로 - 기타,이륜,남,37세,중상,보행자,남,25세,경상
2023040800100558,2023년 4월 8일 21시,토요일,전라북도 전주시 덕진구 인후동2가,중상사고,0,1,0,0,차대사람 - 기타,안전운전불이행,건조,맑음,기타 - 기타,승용,여,40세,상해없음,보행자,남,33세,중상
2023040800100559,2023년 4월 8일 21시,토요일,전라북도 군산시 수송동,부상신고사고,0,0,0,1,차대차 - 기타,신호위반,건조,맑음,교차로 - 교차로안,승용,여,60세,상해없음,이륜,남,30세,부상신고
2023040800100583,2023년 4월 8일 22시,토요일,전라북도 익산시 마동,경상사고,0,0,1,0,차대차 - 측면충돌,신호위반,건조,맑음,교차로 - 교차로안,이륜,남,51세,경상,승용,남,66세,상해없음
2023040900100044,2023년 4월 9일 05시,일요일,전라북도 전주시 완산구 중화산동2가,경상사고,0,0,1,0,차대차 - 기타,직진우회전진행방해,건조,맑음,교차로 - 교차로안,승용,남,64세,상해없음,승용,남,23세,경상
2023040900100064,2023년 4월 9일 08시,일요일,전라북도 순창군 팔덕면,경상사고,0,0,4,1,차대차 - 측면충돌,신호위반,건조,맑음,교차로 - 교차로안,승용,여,18세,부상신고,승용,남,37세,경상
2023040900100183,2023년 4월 9일 13시,일요일,전라북도 장수군 번암면,경상사고,0,0,1,0,차대차 - 측면충돌,중앙선침범,건조,맑음,단일로 - 기타,승용,남,48세,상해없음,이륜,남,41세,경상
2023040900100219,2023년 4월 9일 14시,일요일,전라북도 전주시 완산구 서신동,경상사고,0,0,1,0,차대차 - 추돌,안전운전불이행,건조,맑음,교차로 - 교차로부근,승용,여,48세,상해없음,승용,여,44세,경상
2023040900100294,2023년 4월 9일 16시,일요일,전라북도 고창군 고창읍,경상사고,0,0,1,0,차대사람 - 보도통행중,보행자보호의무위반,건조,맑음,교차로 - 교차로횡단보도내,화물,남,73세,상해없음,보행자,여,65세,경상
2023040900100295,2023년 4월 9일 16시,일요일,전라북도 부안군 변산면,경상사고,0,0,2,0,차대차 - 정면충돌,신호위반,건조,맑음,교차로 - 교차로안,화물,남,65세,상해없음,승용,남,53세,경상
2023040900100320,2023년 4월 9일 17시,일요일,전라북도 전주시 덕진구 호성동1가,중상사고,0,1,3,0,차대차 - 추돌,안전운전불이행,건조,맑음,단일로 - 기타,화물,남,60세,상해없음,승용,남,40세,중상
2023040900100321,2023년 4월 9일 17시,일요일,전라북도 익산시 모현동1가,경상사고,0,0,1,0,차량단독 - 기타,기타,건조,맑음,단일로 - 기타,승합,남,58세,상해없음,,,,
2023040900100351,2023년 4월 9일 18시,일요일,전라북도 군산시 나운동,경상사고,0,0,2,0,차대차 - 추돌,안전운전불이행,건조,맑음,단일로 - 기타,승용,남,28세,상해없음,승용,남,67세,경상
2023040900100394,2023년 4월 9일 20시,일요일,전라북도 익산시 부송동,경상사고,0,0,1,0,차대차 - 추돌,안전운전불이행,건조,맑음,교차로 - 교차로부근,화물,남,59세,상해없음,승용,여,51세,경상
2023040900100415,2023년 4월 9일 21시,일요일,전라북도 군산시 산북동,경상사고,0,0,3,0,차대차 - 측면충돌,신호위반,건조,맑음,교차로 - 교차로안,승용,남,55세,경상,승용,남,25세,경상
2023041000100006,2023년 4월 10일 00시,월요일,전라북도 정읍시 감곡면,중상사고,0,2,0,7,차대차 - 측면충돌,안전운전불이행,건조,맑음,단일로 - 기타,승용,남,28세,상해없음,승용,남,35세,부상신고
2023041000100031,2023년 4월 10일 06시,월요일,전라북도 남원시 죽항동,경상사고,0,0,1,0,차대차 - 측면충돌,직진우회전진행방해,건조,맑음,교차로 - 교차로안,승용,여,34세,상해없음,이륜,남,65세,경상
2023041000100108,2023년 4월 10일 09시,월요일,전라북도 전주시 완산구 삼천동3가,경상사고,0,0,2,0,차대차 - 추돌,안전운전불이행,건조,맑음,교차로 - 교차로안,승용,여,60세,상해없음,승용,여,52세,경상
2023041000100109,2023년 4월 10일 09시,월요일,전라북도 김제시 만경읍,중상사고,0,1,0,0,차대차 - 정면충돌,중앙선침범,건조,맑음,단일로 - 지하차도(도로)내,화물,남,41세,상해없음,승용,여,71세,중상
2023041000100143,2023년 4월 10일 10시,월요일,전라북도 군산시 중앙로2가,중상사고,0,1,0,0,차대사람 - 횡단중,보행자보호의무위반,건조,맑음,교차로 - 교차로횡단보도내,화물,남,56세,상해없음,보행자,여,75세,중상
2023041000100227,2023년 4월 10일 13시,월요일,전라북도 전주시 완산구 원당동,경상사고,0,0,3,0,차대차 - 추돌,안전운전불이행,건조,맑음,단일로 - 기타,승용,여,27세,경상,승용,남,47세,경상
2023041000100228,2023년 4월 10일 13시,월요일,전라북도 전주시 완산구 원당동,중상사고,0,1,2,0,차대차 - 추돌,안전운전불이행,건조,맑음,단일로 - 기타,승용,남,54세,상해없음,승용,남,77세,경상
2023041000100229,2023년 4월 10일 13시,월요일,전라북도 익산시 마동,중상사고,0,1,0,0,차대차 - 측면충돌,차로위반,건조,맑음,단일로 - 기타,승용,남,64세,상해없음,이륜,남,19세,중상
2023041000100259,2023년 4월 10일 14시,월요일,전라북도 전주시 덕진구 만성동,경상사고,0,0,1,0,차대차 - 측면충돌,안전운전불이행,건조,맑음,단일로 - 기타,승용,남,29세,상해없음,승용,남,62세,상해없음
2023041000100260,2023년 4월 10일 14시,월요일,전라북도 군산시 영동,경상사고,0,0,1,0,차대사람 - 길가장자리구역통행중,안전운전불이행,건조,맑음,교차로 - 교차로부근,화물,남,54세,상해없음,보행자,여,55세,경상
2023041000100336,2023년 4월 10일 16시,월요일,전라북도 전주시 완산구 중화산동2가,경상사고,0,0,1,0,차대차 - 측면충돌,직진우회전진행방해,건조,맑음,교차로 - 교차로안,승용,남,52세,상해없음,승용,남,19세,경상
2023041000100337,2023년 4월 10일 16시,월요일,전라북도 군산시 경암동,경상사고,0,0,1,0,차대차 - 기타,안전거리미확보,건조,맑음,단일로 - 기타,승용,여,72세,상해없음,승용,남,43세,경상
2023041000100377,2023년 4월 10일 17시,월요일,전라북도 전주시 완산구 색장동,경상사고,0,0,1,0,차대차 - 추돌,안전운전불이행,건조,맑음,교차로 - 교차로부근,이륜,남,74세,상해없음,승용,여,57세,경상
2023041000100378,2023년 4월 10일 17시,월요일,전라북도 전주시 완산구 중화산동2가,경상사고,0,0,1,0,차대사람 - 횡단중,안전운전불이행,건조,맑음,교차로 - 교차로안,승용,남,39세,상해없음,보행자,여,50세,경상
2023041000100379,2023년 4월 10일 17시,월요일,전라북도 남원시 쌍교동,중상사고,0,1,0,0,차대차 - 측면충돌,신호위반,건조,맑음,교차로 - 교차로부근,화물,남,54세,상해없음,자전거,여,86세,중상
2023041000100380,2023년 4월 10일 17시,월요일,전라북도 순창군 순창읍,부상신고사고,0,0,0,1,차량단독 - 기타,안전운전불이행,건조,맑음,단일로 - 기타,이륜,남,75세,부상신고,,,,
2023041000100489,2023년 4월 10일 20시,월요일,전라북도 군산시 미장동,경상사고,0,0,1,0,차대사람 - 횡단중,안전운전불이행,건조,맑음,교차로 - 교차로안,승용,남,62세,상해없음,보행자,여,27세,경상
2023041000100537,2023년 4월 10일 23시,월요일,전라북도 전주시 완산구 중화산동1가,중상사고,0,1,0,0,차대차 - 기타,안전운전불이행,건조,맑음,교차로 - 교차로부근,승용,남,26세,상해없음,이륜,남,22세,중상
2023041100100010,2023년 4월 11일 01시,화요일,전라북도 전주시 완산구 용복동,경상사고,0,0,1,0,차대차 - 추돌,안전운전불이행,서리/결빙,맑음,교차로 - 교차로안,승용,남,37세,상해없음,승용,여,27세,경상
2023041100100052,2023년 4월 11일 07시,화요일,전라북도 전주시 완산구 효자동3가,경상사고,0,0,1,0,차대차 - 측면충돌,교차로운행방법위반,건조,맑음,교차로 - 교차로안,화물,남,61세,상해없음,승용,남,56세,경상
2023041100100079,2023년 4월 11일 08시,화요일,전라북도 전주시 완산구 중화산동2가,경상사고,0,0,1,0,차대차 - 추돌,안전운전불이행,건조,맑음,교차로 - 교차로안,화물,남,67세,상해없음,승용,여,50세,경상
2023041100100080,2023년 4월 11일 08시,화요일,전라북도 군산시 문화동,중상사고,0,1,0,0,차대차 - 기타,안전운전불이행,건조,맑음,교차로 - 교차로부근,자전거,남,13세,중상,승용,남,53세,상해없음
2023041100100081,2023년 4월 11일 08시,화요일,전라북도 김제시 서암동,중상사고,0,1,2,0,차대차 - 측면충돌,불법유턴,건조,맑음,교차로 - 교차로부근,화물,남,54세,경상,승용,여,42세,중상
2023041100100082,2023년 4월 11일 08시,화요일,전라북도 완주군 봉동읍,경상사고,0,0,1,0,차대차 - 측면충돌,안전운전불이행,건조,맑음,단일로 - 기타,승용,여,68세,상해없음,화물,남,65세,경상
2023041100100113,2023년 4월 11일 09시,화요일,전라북도 익산시 남중동,경상사고,0,0,1,0,차대차 - 측면충돌,차로위반,건조,맑음,단일로 - 기타,승용,남,65세,상해없음,건설기계,남,50세,경상
2023041100100164,2023년 4월 11일 11시,화요일,전라북도 임실군 운암면,경상사고,0,0,2,0,차대차 - 기타,기타,건조,맑음,단일로 - 기타,화물,남,50세,상해없음,승용,남,51세,경상
2023041100100192,2023년 4월 11일 12시,화요일,전라북도 임실군 운암면,중상사고,0,1,0,0,차대차 - 측면충돌,교차로운행방법위반,건조,맑음,교차로 - 교차로안,승용,남,53세,상해없음,이륜,남,80세,중상
2023041100100221,2023년 4월 11일 13시,화요일,전라북도 전주시 완산구 서신동,중상사고,0,1,0,0,차대차 - 측면충돌,직진우회전진행방해,건조,맑음,교차로 - 교차로안,승용,여,32세,상해없음,자전거,남,82세,중상
2023041100100222,2023년 4월 11일 13시,화요일,전라북도 고창군 아산면,경상사고,0,0,1,0,차대차 - 기타,신호위반,건조,흐림,교차로 - 교차로안,승용,남,75세,상해없음,승용,여,52세,경상
2023041100100308,2023년 4월 11일 16시,화요일,전라북도 전주시 완산구 서신동,경상사고,0,0,1,0,차대차 - 추돌,안전운전불이행,건조,맑음,단일로 - 기타,승용,여,52세,상해없음,화물,남,53세,경상
2023041100100309,2023년 4월 11일 16시,화요일,전라북도 부안군 상서면,경상사고,0,0,1,0,차량단독 - 도로외이탈 - 기타,안전운전불이행,건조,흐림,단일로 - 기타,화물,남,47세,경상,,,,
2023041100100376,2023년 4월 11일 18시,화요일,전라북도 전주시 완산구 효자동3가,경상사고,0,0,2,0,차대차 - 기타,안전운전불이행,건조,맑음,단일로 - 기타,승용,여,26세,상해없음,승용,남,43세,경상
2023041100100377,2023년 4월 11일 18시,화요일,전라북도 군산시 수송동,경상사고,0,0,2,0,차대차 - 기타,안전운전불이행,건조,맑음,교차로 - 교차로안,승용,여,45세,경상,승용,여,53세,경상
2023041100100378,2023년 4월 11일 18시,화요일,전라북도 군산시 미장동,경상사고,0,0,1,0,차대차 - 기타,안전운전불이행,건조,맑음,단일로 - 기타,승용,여,48세,상해없음,승용,여,49세,경상
2023041100100469,2023년 4월 11일 21시,화요일,전라북도 전주시 덕진구 인후동2가,중상사고,0,1,0,0,차대차 - 추돌,안전운전불이행,건조,맑음,교차로 - 교차로부근,승용,여,36세,상해없음,승용,여,31세,중상
2023041100100470,2023년 4월 11일 21시,화요일,전라북도 정읍시 상동,중상사고,0,1,0,0,차대사람 - 횡단중,보행자보호의무위반,건조,맑음,교차로 - 교차로횡단보도내,화물,남,33세,상해없음,보행자,남,62세,중상
2023041100100471,2023년 4월 11일 21시,화요일,전라북도 남원시 광치동,경상사고,0,0,1,0,차대사람 - 차도통행중,안전운전불이행,건조,맑음,교차로 - 교차로안,승용,남,43세,상해없음,보행자,남,64세,경상
2023041100100502,2023년 4월 11일 23시,화요일,전라북도 군산시 수송동,경상사고,0,0,2,0,차대차 - 기타,신호위반,건조,맑음,교차로 - 교차로안,이륜,남,61세,경상,승용,여,25세,경상
2023041200100031,2023년 4월 12일 06시,수요일,전라북도 익산시 함열읍,중상사고,0,1,0,0,차대차 - 측면충돌,신호위반,건조,맑음,교차로 - 교차로안,화물,남,71세,상해없음,이륜,여,27세,중상
2023041200100105,2023년 4월 12일 08시,수요일,전라북도 익산시 삼기면,중상사고,0,2,0,0,차대차 - 측면충돌,신호위반,건조,맑음,교차로 - 교차로안,화물,남,58세,상해없음,화물,남,68세,중상
2023041200100165,2023년 4월 12일 10시,수요일,전라북도 정읍시 수성동,경상사고,0,0,1,0,차대차 - 추돌,안전운전불이행,건조,맑음,단일로 - 기타,승용,남,69세,상해없음,승용,남,38세,경상
2023041200100260,2023년 4월 12일 13시,수요일,전라북도 남원시 향교동,중상사고,0,1,0,0,차대차 - 측면충돌,교차로운행방법위반,건조,맑음,단일로 - 기타,승용,남,77세,상해없음,이륜,남,83세,중상
2023041200100333,2023년 4월 12일 15시,수요일,전라북도 익산시 신동,경상사고,0,0,1,0,차대사람 - 길가장자리구역통행중,안전운전불이행,건조,맑음,교차로 - 교차로안,화물,남,42세,상해없음,보행자,남,19세,경상
2023041200100372,2023년 4월 12일 16시,수요일,전라북도 전주시 덕진구 금암동,경상사고,0,0,1,0,차대사람 - 기타,안전운전불이행,건조,맑음,교차로 - 교차로부근,승합,남,55세,상해없음,보행자,여,69세,경상
2023041200100453,2023년 4월 12일 18시,수요일,전라북도 순창군 순창읍,경상사고,0,0,2,0,차대차 - 추돌,안전운전불이행,건조,맑음,단일로 - 기타,승용,남,36세,상해없음,승용,남,27세,경상
2023041200100484,2023년 4월 12일 19시,수요일,전라북도 전주시 완산구 효자동1가,경상사고,0,0,1,0,차대차 - 정면충돌,중앙선침범,건조,맑음,단일로 - 기타,승용,여,66세,상해없음,이륜,남,30세,경상
2023041200100507,2023년 4월 12일 20시,수요일,전라북도 군산시 삼학동,중상사고,0,1,0,0,차대사람 - 차도통행중,안전운전불이행,건조,맑음,단일로 - 지하차도(도로)내,이륜,남,62세,상해없음,보행자,남,72세,중상
2023041200100533,2023년 4월 12일 21시,수요일,전라북도 군산시 경암동,중상사고,0,1,0,0,차대차 - 추돌,안전운전불이행,건조,맑음,교차로 - 교차로부근,승합,남,59세,상해없음,이륜,남,33세,중상
2023041200100534,2023년 4월 12일 21시,수요일,전라북도 익산시 어양동,경상사고,0,0,1,0,차대사람 - 기타,안전운전불이행,건조,맑음,단일로 - 기타,승합,남,57세,상해없음,보행자,남,30세,경상
2023041200100578,2023년 4월 12일 23시,수요일,전라북도 전주시 완산구 효자동2가,경상사고,0,0,2,0,차대차 - 측면충돌,안전거리미확보,건조,맑음,교차로 - 교차로횡단보도내,승용,남,51세,상해없음,승용,남,27세,경상
2023041300100042,2023년 4월 13일 06시,목요일,전라북도 익산시 모현동2가,사망사고,1,0,0,0,차대사람 - 횡단중,안전운전불이행,건조,맑음,교차로 - 교차로안,화물,남,61세,상해없음,보행자,남,73세,사망
2023041300100145,2023년 4월 13일 09시,목요일,전라북도 군산시 미룡동,경상사고,0,0,4,0,차대차 - 측면충돌,안전운전불이행,건조,맑음,단일로 - 기타,화물,남,21세,상해없음,승용,남,29세,경상
2023041300100146,2023년 4월 13일 09시,목요일,전라북도 익산시 영등동,중상사고,0,1,0,0,차대차 - 추돌,안전운전불이행,건조,맑음,교차로 - 교차로부근,승용,남,70세,상해없음,승용,남,59세,중상
2023041300100202,2023년 4월 13일 11시,목요일,전라북도 전주시 완산구 서신동,경상사고,0,0,1,0,차대차 - 추돌,안전운전불이행,건조,맑음,기타 - 기타,승용,여,52세,상해없음,승용,남,40세,경상
2023041300100203,2023년 4월 13일 11시,목요일,전라북도 군산시 경장동,경상사고,0,0,1,0,차대차 - 측면충돌,안전운전불이행,건조,맑음,교차로 - 교차로횡단보도내,승용,여,45세,상해없음,자전거,남,78세,경상
2023041300100204,2023년 4월 13일 11시,목요일,전라북도 군산시 오식도동,부상신고사고,0,0,0,2,차대차 - 측면충돌,교차로운행방법위반,건조,맑음,교차로 - 교차로안,특수,남,40세,상해없음,화물,남,24세,부상신고
2023041300100319,2023년 4월 13일 15시,목요일,전라북도 전주시 덕진구 금암동,경상사고,0,0,1,0,차대차 - 측면충돌,신호위반,건조,맑음,교차로 - 교차로부근,승용,여,42세,상해없음,자전거,남,27세,경상
2023041300100351,2023년 4월 13일 16시,목요일,전라북도 전주시 완산구 효자동2가,경상사고,0,0,1,0,차대차 - 측면충돌,안전운전불이행,건조,맑음,교차로 - 교차로횡단보도내,승용,여,51세,상해없음,자전거,남,13세,경상
2023041300100393,2023년 4월 13일 17시,목요일,전라북도 정읍시 금붕동,경상사고,0,0,1,0,차대차 - 추돌,안전운전불이행,건조,맑음,단일로 - 기타,이륜,남,70세,경상,승용,남,63세,상해없음
2023041300100394,2023년 4월 13일 17시,목요일,전라북도 남원시 향교동,중상사고,0,1,0,0,차대사람 - 횡단중,보행자보호의무위반,건조,맑음,단일로 - 기타,승용,남,22세,상해없음,보행자,남,87세,중상
2023041300100430,2023년 4월 13일 18시,목요일,전라북도 군산시 영화동,부상신고사고,0,0,0,1,차대사람 - 길가장자리구역통행중,안전운전불이행,건조,맑음,교차로 - 교차로부근,승용,여,59세,상해없음,보행자,남,19세,부상신고
2023041300100431,2023년 4월 13일 18시,목요일,전라북도 익산시 금마면,경상사고,0,0,1,0,차대차 - 측면충돌,안전운전불이행,건조,맑음,교차로 - 교차로안,화물,남,61세,상해없음,자전거,여,42세,경상
2023041300100432,2023년 4월 13일 18시,목요일,전라북도 진안군 안천면,경상사고,0,0,1,0,차대차 - 기타,기타,건조,맑음,단일로 - 기타,승용,남,27세,상해없음,승용,남,36세,경상
2023041300100504,2023년 4월 13일 20시,목요일,전라북도 전주시 완산구 삼천동1가,경상사고,0,0,1,0,차대차 - 기타,차로위반,건조,맑음,교차로 - 교차로안,기타불명,기타불명,미분류,기타불명,승용,남,70세,상해없음
2023041300100505,2023년 4월 13일 20시,목요일,전라북도 익산시 마동,중상사고,0,1,0,0,차대차 - 측면충돌,교차로운행방법위반,건조,맑음,교차로 - 교차로안,승용,여,46세,상해없음,이륜,남,35세,중상
2023041400100026,2023년 4월 14일 03시,금요일,전라북도 익산시 신동,중상사고,0,1,0,0,차대차 - 측면충돌,안전운전불이행,건조,맑음,교차로 - 교차로안,이륜,남,38세,상해없음,자전거,남,79세,중상
2023041400100063,2023년 4월 14일 07시,금요일,전라북도 군산시 해망동,경상사고,0,0,2,0,차대차 - 추돌,안전운전불이행,건조,맑음,단일로 - 기타,화물,남,64세,상해없음,승용,여,30세,경상
2023041400100064,2023년 4월 14일 07시,금요일,전라북도 정읍시 상동,경상사고,0,0,1,0,차대차 - 측면충돌,신호위반,건조,맑음,교차로 - 교차로안,승용,남,74세,상해없음,승용,여,37세,경상