사고번호,사고일시,요일,시군구,사고내용,사망자수,중상자수,경상자수,부상신고자수,사고유형,법규위반,노면상태,기상상태,도로형태,가해운전자 차종,가해운전자 성별,가해운전자 연령,가해운전자 상해정도,피해운전자 차종,피해운전자 성별,피해운전자 연령,피해운전자 상해정도
2023042100100601,2023년 4월 21일 20시,금요일,전라북도 전주시 덕진구 송천동1가,경상사고,0,0,1,0,차대사람 - 기타,기타,건조,맑음,기타 - 기타,화물,남,36세,상해없음,보행자,여,24세,경상
2023042100100633,2023년 4월 21일 21시,금요일,전라북도 군산시 장미동,경상사고,0,0,1,0,차대차 - 추돌,안전운전불이행,건조,맑음,단일로 - 기타,화물,남,65세,상해없음,승용,남,25세,경상
2023042100100634,2023년 4월 21일 21시,금요일,전라북도 익산시 송학동,부상신고사고,0,0,0,1,차대차 - 추돌,안전거리미확보,건조,맑음,단일로 - 기타,이륜,남,31세,상해없음,승용,남,53세,부상신고
2023042100100647,2023년 4월 21일 22시,금요일,전라북도 전주시 덕진구 송천동1가,중상사고,0,1,0,0,차대차 - 추돌,안전운전불이행,건조,맑음,단일로 - 기타,승합,남,51세,상해없음,승용,여,58세,중상
2023042100100648,2023년 4월 21일 22시,금요일,전라북도 전주시 덕진구 송천동2가,경상사고,0,0,3,0,차대차 - 기타,기타,건조,맑음,교차로 - 교차로안,승용,여,34세,상해없음,승용,여,52세,경상
2023042200100018,2023년 4월 22일 01시,토요일,전라북도 전주시 덕진구 여의동,경상사고,0,0,1,0,차대차 - 정면충돌,중앙선침범,건조,맑음,교차로 - 교차로안,화물,남,48세,상해없음,승용,남,51세,경상
2023042200100030,2023년 4월 22일 02시,토요일,전라북도 전주시 완산구 효자동3가,경상사고,0,0,2,0,차대차 - 측면충돌,안전운전불이행,건조,맑음,교차로 - 교차로부근,승용,남,18세,상해없음,승용,여,24세,경상
2023042200100106,2023년 4월 22일 09시,토요일,전라북도 전주시 덕진구 여의동,경상사고,0,0,1,0,차대차 - 측면충돌,안전거리미확보,건조,맑음,단일로 - 기타,승용,남,25세,상해없음,승합,남,44세,경상
2023042200100136,2023년 4월 22일 10시,토요일,전라북도 전주시 완산구 전동,경상사고,0,0,1,0,차대사람 - 횡단중,안전운전불이행,건조,맑음,교차로 - 교차로부근,화물,남,36세,상해없음,보행자,남,62세,경상
2023042200100137,2023년 4월 22일 10시,토요일,전라북도 전주시 완산구 서신동,경상사고,0,0,1,0,차대사람 - 보도통행중,기타,건조,맑음,기타 - 기타,개인형이동수단(PM),남,12세,상해없음,보행자,여,29세,경상
2023042200100172,2023년 4월 22일 11시,토요일,전라북도 전주시 완산구 효자동3가,경상사고,0,0,1,0,차대차 - 측면충돌,안전운전불이행,건조,맑음,교차로 - 교차로부근,승용,남,70세,기타불명,승용,여,55세,경상
2023042200100173,2023년 4월 22일 11시,토요일,전라북도 군산시 소룡동,부상신고사고,0,0,0,1,차대차 - 기타,안전운전불이행,건조,맑음,단일로 - 기타,승용,여,42세,기타불명,승용,남,46세,기타불명
2023042200100251,2023년 4월 22일 13시,토요일,전라북도 전주시 완산구 효자동3가,경상사고,0,0,3,0,차대차 - 후진중충돌,안전운전불이행,건조,맑음,기타 - 기타,승용,남,22세,상해없음,승용,남,34세,경상
2023042200100252,2023년 4월 22일 13시,토요일,전라북도 군산시 옥산면,경상사고,0,0,1,0,차대차 - 측면충돌,안전거리미확보,건조,맑음,단일로 - 기타,이륜,남,80세,경상,승용,여,51세,상해없음
2023042200100253,2023년 4월 22일 13시,토요일,전라북도 군산시 미룡동,중상사고,0,1,1,0,차대차 - 측면충돌,안전운전불이행,건조,맑음,교차로 - 교차로안,승용,남,73세,상해없음,화물,남,67세,중상
2023042200100290,2023년 4월 22일 14시,토요일,전라북도 군산시 나운동,경상사고,0,0,1,0,차대차 - 기타,안전운전불이행,건조,맑음,교차로 - 교차로안,승용,남,55세,상해없음,승용,남,70세,경상
2023042200100342,2023년 4월 22일 15시,토요일,전라북도 군산시 소룡동,부상신고사고,0,0,0,1,차대차 - 측면충돌,안전운전불이행,건조,맑음,단일로 - 기타,승용,남,75세,상해없음,승용,남,43세,상해없음
2023042200100343,2023년 4월 22일 15시,토요일,전라북도 정읍시 연지동,경상사고,0,0,2,0,차대차 - 측면충돌,안전거리미확보,건조,맑음,교차로 - 교차로부근,화물,남,75세,상해없음,승용,남,39세,경상
2023042200100374,2023년 4월 22일 16시,토요일,전라북도 전주시 덕진구 진북동,경상사고,0,0,1,0,차대차 - 측면충돌,교차로운행방법위반,건조,맑음,교차로 - 교차로안,승용,여,33세,상해없음,승합,남,44세,경상
2023042200100375,2023년 4월 22일 16시,토요일,전라북도 김제시 검산동,중상사고,0,2,0,0,차대차 - 측면충돌,안전운전불이행,건조,맑음,교차로 - 교차로부근,승용,여,64세,상해없음,이륜,남,23세,중상
2023042200100496,2023년 4월 22일 19시,토요일,전라북도 정읍시 수성동,경상사고,0,0,1,0,차대차 - 후진중충돌,안전운전불이행,건조,맑음,단일로 - 기타,승용,남,62세,기타불명,승용,남,55세,상해없음
2023042200100525,2023년 4월 22일 20시,토요일,전라북도 군산시 경암동,경상사고,0,0,1,0,차대차 - 측면충돌,신호위반,건조,맑음,교차로 - 교차로안,승용,남,27세,상해없음,승용,남,64세,경상
2023042200100574,2023년 4월 22일 22시,토요일,전라북도 남원시 월락동,경상사고,0,0,2,0,차대사람 - 기타,안전운전불이행,건조,맑음,기타 - 기타,승용,남,53세,상해없음,보행자,남,19세,경상
2023042200100593,2023년 4월 22일 23시,토요일,전라북도 전주시 덕진구 금암동,경상사고,0,0,1,0,차대사람 - 보도통행중,기타,건조,맑음,교차로 - 교차로부근,개인형이동수단(PM),여,15세,상해없음,보행자,남,25세,경상
2023042300100022,2023년 4월 23일 01시,일요일,전라북도 익산시 인화동1가,경상사고,0,0,3,0,차대차 - 측면충돌,신호위반,건조,맑음,교차로 - 교차로안,승용,남,43세,상해없음,승용,남,44세,경상
2023042300100045,2023년 4월 23일 05시,일요일,전라북도 전주시 완산구 서신동,경상사고,0,0,2,0,차대차 - 측면충돌,안전운전불이행,건조,맑음,교차로 - 교차로안,승용,남,16세,경상,승용,남,30세,경상
2023042300100056,2023년 4월 23일 07시,일요일,전라북도 군산시 중앙로3가,부상신고사고,0,0,0,1,차대사람 - 기타,안전운전불이행,건조,맑음,단일로 - 기타,화물,남,67세,상해없음,보행자,남,57세,부상신고
2023042300100068,2023년 4월 23일 08시,일요일,전라북도 전주시 완산구 중화산동1가,경상사고,0,0,1,0,차대차 - 기타,안전운전불이행,건조,맑음,교차로 - 교차로안,승용,남,37세,상해없음,승용,여,29세,경상
2023042300100076,2023년 4월 23일 09시,일요일,전라북도 부안군 부안읍,중상사고,0,1,0,0,차대차 - 측면충돌,교차로운행방법위반,건조,흐림,교차로 - 교차로안,원동기,남,53세,중상,화물,남,62세,상해없음
2023042300100139,2023년 4월 23일 12시,일요일,전라북도 순창군 순창읍,경상사고,0,0,2,0,차대차 - 기타,직진우회전진행방해,건조,맑음,교차로 - 교차로안,승용,남,58세,상해없음,승용,여,64세,경상
2023042300100175,2023년 4월 23일 13시,일요일,전라북도 군산시 수송동,경상사고,0,0,1,0,차대차 - 측면충돌,교차로운행방법위반,건조,맑음,교차로 - 교차로부근,승용,여,41세,상해없음,승용,여,35세,경상
2023042300100211,2023년 4월 23일 14시,일요일,전라북도 전주시 완산구 풍남동3가,경상사고,0,0,2,0,차대차 - 추돌,안전운전불이행,건조,맑음,단일로 - 기타,승용,남,64세,상해없음,승용,남,65세,경상
2023042300100212,2023년 4월 23일 14시,일요일,전라북도 정읍시 연지동,중상사고,0,1,0,0,차대차 - 정면충돌,안전운전불이행,건조,맑음,교차로 - 교차로안,승용,남,30세,상해없음,승용,남,51세,중상
2023042300100361,2023년 4월 23일 20시,일요일,전라북도 전주시 완산구 삼천동1가,경상사고,0,0,1,0,차량단독 - 기타,안전운전불이행,건조,맑음,기타 - 기타,승합,남,57세,상해없음,,,,
2023042300100379,2023년 4월 23일 21시,일요일,전라북도 전주시 완산구 평화동1가,경상사고,0,0,1,0,차대차 - 정면충돌,신호위반,건조,맑음,교차로 - 교차로안,화물,남,54세,상해없음,원동기,남,24세,경상
2023042300100398,2023년 4월 23일 22시,일요일,전라북도 군산시 나운동,부상신고사고,0,0,0,1,차대차 - 추돌,안전운전불이행,건조,맑음,교차로 - 교차로안,승용,남,66세,기타불명,자전거,남,14세,부상신고
2023042400100018,2023년 4월 24일 05시,월요일,전라북도 남원시 이백면,사망사고,1,0,0,0,차대차 - 기타,중앙선침범,건조,맑음,교차로 - 교차로안,특수,남,67세,상해없음,승용,남,66세,사망
2023042400100088,2023년 4월 24일 08시,월요일,전라북도 전주시 완산구 중화산동2가,경상사고,0,0,3,0,차대차 - 측면충돌,안전거리미확보,건조,맑음,단일로 - 기타,건설기계,남,65세,상해없음,승용,여,20세,경상
2023042400100120,2023년 4월 24일 09시,월요일,전라북도 전주시 완산구 서신동,경상사고,0,0,1,0,차대사람 - 횡단중,보행자보호의무위반,건조,맑음,교차로 - 교차로횡단보도내,승용,여,54세,상해없음,보행자,여,26세,경상
2023042400100150,2023년 4월 24일 10시,월요일,전라북도 익산시 팔봉동,경상사고,0,0,3,0,차대차 - 추돌,안전운전불이행,건조,맑음,교차로 - 교차로부근,화물,남,79세,상해없음,승용,여,46세,경상
2023042400100151,2023년 4월 24일 10시,월요일,전라북도 순창군 순창읍,중상사고,0,1,0,1,차대차 - 추돌,안전운전불이행,건조,맑음,단일로 - 기타,화물,남,60세,부상신고,농기계,남,64세,중상
2023042400100177,2023년 4월 24일 11시,월요일,전라북도 전주시 덕진구 덕진동1가,경상사고,0,0,1,0,차대차 - 측면충돌,신호위반,건조,맑음,교차로 - 교차로부근,승용,남,53세,상해없음,승용,여,25세,경상
2023042400100178,2023년 4월 24일 11시,월요일,전라북도 김제시 황산면,중상사고,0,1,0,0,차대차 - 측면충돌,신호위반,건조,맑음,교차로 - 교차로안,승용,여,52세,상해없음,화물,남,48세,중상
2023042400100206,2023년 4월 24일 12시,월요일,전라북도 익산시 오산면,경상사고,0,0,1,0,차대차 - 측면충돌,안전운전불이행,건조,맑음,교차로 - 교차로안,승용,여,37세,상해없음,승용,여,39세,경상
2023042400100239,2023년 4월 24일 13시,월요일,전라북도 익산시 어양동,경상사고,0,0,1,0,차대차 - 추돌,안전운전불이행,건조,맑음,교차로 - 교차로부근,승용,남,48세,상해없음,승용,남,73세,경상
2023042400100271,2023년 4월 24일 14시,월요일,전라북도 군산시 나운동,부상신고사고,0,0,0,1,차대차 - 추돌,안전운전불이행,건조,맑음,교차로 - 교차로횡단보도내,기타불명,기타불명,미분류,기타불명,이륜,남,44세,부상신고
2023042400100272,2023년 4월 24일 14시,월요일,전라북도 익산시 낭산면,경상사고,0,0,1,0,차대차 - 측면충돌,직진우회전진행방해,건조,맑음,교차로 - 교차로안,승용,남,79세,상해없음,화물,남,56세,경상
2023042400100305,2023년 4월 24일 15시,월요일,전라북도 군산시 삼학동,중상사고,0,1,0,0,차대차 - 측면충돌,안전운전불이행,건조,맑음,교차로 - 교차로부근,승용,여,54세,상해없음,자전거,남,81세,중상
2023042400100338,2023년 4월 24일 16시,월요일,전라북도 순창군 순창읍,경상사고,0,0,1,0,차대차 - 측면충돌,안전운전불이행,건조,맑음,교차로 - 교차로안,화물,여,71세,상해없음,이륜,남,78세,경상
2023042400100372,2023년 4월 24일 17시,월요일,전라북도 완주군 삼례읍,사망사고,1,0,0,0,차량단독 - 전도전복 - 전도,안전운전불이행,건조,맑음,단일로 - 기타,농기계,남,79세,사망,,,,
2023042400100416,2023년 4월 24일 18시,월요일,전라북도 진안군 진안읍,경상사고,0,0,1,0,차대차 - 추돌,안전운전불이행,건조,맑음,교차로 - 교차로부근,화물,여,62세,상해없음,승용,여,46세,경상
2023042400100441,2023년 4월 24일 19시,월요일,전라북도 전주시 완산구 효자동1가,중상사고,0,1,0,0,차대사람 - 횡단중,보행자보호의무위반,건조,맑음,교차로 - 교차로부근,승용,남,59세,상해없음,보행자,남,53세,중상
2023042400100442,2023년 4월 24일 19시,월요일,전라북도 군산시 나포면,중상사고,0,1,0,0,차대차 - 추돌,안전운전불이행,건조,맑음,단일로 - 지하차도(도로)내,승용,여,51세,상해없음,자전거,남,74세,중상
2023042400100443,2023년 4월 24일 19시,월요일,전라북도 군산시 소룡동,경상사고,0,0,3,0,차대차 - 측면충돌,직진우회전진행방해,건조,맑음,교차로 - 교차로안,승용,남,34세,경상,승용,여,52세,경상
2023042400100479,2023년 4월 24일 20시,월요일,전라북도 전주시 완산구 대성동,중상사고,0,1,0,0,차대사람 - 기타,안전운전불이행,건조,맑음,기타 - 기타,승용,여,55세,상해없음,보행자,남,68세,중상
2023042500100054,2023년 4월 25일 07시,화요일,전라북도 전주시 덕진구 만성동,중상사고,0,1,0,0,차대차 - 측면충돌,신호위반,건조,맑음,기타 - 기타,승용,남,59세,상해없음,승용,남,45세,중상
2023042500100143,2023년 4월 25일 09시,화요일,전라북도 군산시 해망동,경상사고,0,0,1,0,차대차 - 측면충돌,기타,건조,맑음,단일로 - 기타,화물,남,66세,상해없음,승용,남,42세,경상
2023042500100144,2023년 4월 25일 09시,화요일,전라북도 군산시 구암동,경상사고,0,0,3,0,차대차 - 측면충돌,안전운전불이행,건조,맑음,교차로 - 교차로안,승용,남,47세,경상,승용,여,55세,경상
2023042500100181,2023년 4월 25일 10시,화요일,전라북도 군산시 수송동,경상사고,0,0,2,0,차대차 - 측면충돌,안전운전불이행,건조,맑음,교차로 - 교차로안,승용,남,44세,상해없음,승용,남,71세,경상
2023042500100206,2023년 4월 25일 11시,화요일,전라북도 부안군 부안읍,경상사고,0,0,1,0,차대사람 - 기타,불법유턴,건조,맑음,단일로 - 기타,승합,남,65세,상해없음,보행자,남,76세,경상
2023042500100238,2023년 4월 25일 12시,화요일,전라북도 군산시 옥산면,경상사고,0,0,2,0,차대차 - 추돌,안전운전불이행,건조,맑음,교차로 - 교차로부근,화물,남,41세,경상,승용,남,55세,경상
2023042500100346,2023년 4월 25일 15시,화요일,전라북도 전주시 덕진구 장동,중상사고,0,1,0,0,차대차 - 측면충돌,신호위반,젖음/습기,비,교차로 - 교차로안,승합,남,24세,상해없음,승용,남,52세,상해없음
2023042500100376,2023년 4월 25일 16시,화요일,전라북도 정읍시 연지동,경상사고,0,0,3,0,차대차 - 측면충돌,직진우회전진행방해,젖음/습기,비,교차로 - 교차로안,화물,남,61세,경상,승용,여,41세,경상
2023042500100377,2023년 4월 25일 16시,화요일,전라북도 부안군 진서면,경상사고,0,0,3,0,차대차 - 정면충돌,중앙선침범,젖음/습기,비,단일로 - 기타,화물,남,65세,경상,승용,남,55세,경상
2023042500100413,2023년 4월 25일 17시,화요일,전라북도 군산시 수송동,경상사고,0,0,1,0,차대사람 - 길가장자리구역통행중,안전운전불이행,젖음/습기,비,단일로 - 기타,승용,여,52세,상해없음,보행자,남,23세,경상
2023042500100446,2023년 4월 25일 18시,화요일,전라북도 전주시 덕진구 인후동1가,경상사고,0,0,1,0,차대차 - 기타,안전거리미확보,젖음/습기,비,교차로 - 교차로안,승용,남,51세,상해없음,승용,여,35세,경상
2023042500100447,2023년 4월 25일 18시,화요일,전라북도 군산시 나포면,경상사고,0,0,2,0,차대차 - 측면충돌,신호위반,건조,맑음,교차로 - 교차로안,승용,남,32세,경상,승용,남,56세,경상
2023042500100448,2023년 4월 25일 18시,화요일,전라북도 익산시 마동,경상사고,0,0,1,0,차대차 - 측면충돌,직진우회전진행방해,젖음/습기,비,교차로 - 교차로안,승용,여,66세,상해없음,승용,남,53세,경상
2023042500100526,2023년 4월 25일 20시,화요일,전라북도 익산시 부송동,경상사고,0,0,1,0,차대차 - 측면충돌,안전운전불이행,건조,맑음,단일로 - 기타,승용,여,51세,상해없음,승용,남,26세,경상
2023042500100527,2023년 4월 25일 20시,화요일,전라북도 정읍시 농소동,경상사고,0,0,6,0,차대차 - 기타,교차로운행방법위반,건조,맑음,교차로 - 교차로안,승용,남,30세,경상,승용,여,49세,경상
2023042500100575,2023년 4월 25일 22시,화요일,전라북도 정읍시 수성동,중상사고,0,2,4,0,차대차 - 기타,신호위반,젖음/습기,흐림,교차로 - 교차로안,승용,남,58세,경상,화물,남,61세,경상
2023042600100099,2023년 4월 26일 08시,수요일,전라북도 전주시 덕진구 우아동3가,경상사고,0,0,1,0,차대사람 - 길가장자리구역통행중,안전운전불이행,건조,맑음,단일로 - 기타,승용,여,56세,상해없음,보행자,여,12세,경상
2023042600100100,2023년 4월 26일 08시,수요일,전라북도 전주시 덕진구 송천동2가,경상사고,0,0,1,0,차대사람 - 횡단중,보행자보호의무위반,건조,맑음,단일로 - 지하차도(도로)내,승용,남,34세,상해없음,보행자,여,24세,경상
2023042600100101,2023년 4월 26일 08시,수요일,전라북도 익산시 평화동,경상사고,0,0,1,0,차대차 - 측면충돌,직진우회전진행방해,건조,맑음,교차로 - 교차로안,승용,남,54세,상해없음,승용,여,51세,경상
2023042600100131,2023년 4월 26일 09시,수요일,전라북도 전주시 완산구 경원동3가,경상사고,0,0,1,0,차대차 - 측면충돌,안전운전불이행,건조,맑음,교차로 - 교차로부근,승용,여,62세,상해없음,승용,여,27세,경상
2023042600100132,2023년 4월 26일 09시,수요일,전라북도 군산시 구암동,중상사고,0,1,0,3,차대차 - 기타,안전운전불이행,건조,맑음,단일로 - 교량,화물,남,60세,중상,승용,남,32세,부상신고
2023042600100133,2023년 4월 26일 09시,수요일,전라북도 정읍시 상동,경상사고,0,0,2,0,차대차 - 측면충돌,안전운전불이행,건조,맑음,교차로 - 교차로안,승용,남,45세,상해없음,승용,남,50세,경상
2023042600100164,2023년 4월 26일 10시,수요일,전라북도 전주시 덕진구 우아동3가,경상사고,0,0,1,0,차대차 - 측면충돌,안전운전불이행,건조,맑음,단일로 - 지하차도(도로)내,승용,여,56세,상해없음,승용,남,71세,경상
2023042600100192,2023년 4월 26일 11시,수요일,전라북도 전주시 덕진구 중동,경상사고,0,0,1,0,차대차 - 측면충돌,교차로운행방법위반,건조,맑음,교차로 - 교차로부근,승용,남,71세,상해없음,화물,남,46세,상해없음
2023042600100223,2023년 4월 26일 12시,수요일,전라북도 전주시 완산구 서노송동,경상사고,0,0,1,0,차대사람 - 기타,안전운전불이행,건조,맑음,단일로 - 기타,승용,남,88세,기타불명,보행자,남,33세,경상
2023042600100224,2023년 4월 26일 12시,수요일,전라북도 전주시 완산구 평화동2가,경상사고,0,0,1,0,차대차 - 측면충돌,안전운전불이행,건조,맑음,교차로 - 교차로안,승용,남,63세,상해없음,화물,남,40세,경상
2023042600100225,2023년 4월 26일 12시,수요일,전라북도 완주군 봉동읍,경상사고,0,0,1,0,차대사람 - 기타,안전운전불이행,건조,맑음,주차장 - 주차장,건설기계,남,47세,상해없음,보행자,남,61세,경상
2023042600100226,2023년 4월 26일 12시,수요일,전라북도 장수군 계북면,경상사고,0,0,1,0,차대차 - 측면충돌,차로위반,건조,맑음,기타 - 기타,화물,남,55세,상해없음,승용,남,23세,경상
2023042600100259,2023년 4월 26일 13시,수요일,전라북도 익산시 신동,중상사고,0,1,0,0,차대차 - 기타,신호위반,건조,맑음,단일로 - 기타,승용,여,73세,상해없음,개인형이동수단(PM),남,19세,중상
2023042600100320,2023년 4월 26일 15시,수요일,전라북도 전주시 완산구 효자동1가,경상사고,0,0,1,0,차대사람 - 횡단중,보행자보호의무위반,건조,맑음,교차로 - 교차로횡단보도내,승용,남,81세,상해없음,보행자,여,17세,경상
2023042600100321,2023년 4월 26일 15시,수요일,전라북도 전주시 완산구 평화동2가,경상사고,0,0,2,0,차대차 - 측면충돌,신호위반,건조,맑음,교차로 - 교차로안,승용,남,59세,상해없음,승용,남,63세,경상
2023042600100353,2023년 4월 26일 16시,수요일,전라북도 군산시 오룡동,중상사고,0,1,2,0,차대차 - 측면충돌,교차로운행방법위반,건조,맑음,교차로 - 교차로안,승합,여,64세,상해없음,화물,남,68세,경상
2023042600100354,2023년 4월 26일 16시,수요일,전라북도 부안군 동진면,경상사고,0,0,3,0,차대차 - 측면충돌,안전운전불이행,건조,맑음,교차로 - 교차로안,승용,남,70세,경상,승용,여,70세,경상
2023042600100399,2023년 4월 26일 17시,수요일,전라북도 전주시 완산구 효자동1가,경상사고,0,0,1,0,차대사람 - 보도통행중,안전운전불이행,건조,맑음,기타 - 기타,자전거,남,63세,상해없음,보행자,여,54세,경상
2023042600100401,2023년 4월 26일 17시,수요일,전라북도 전주시 덕진구 인후동1가,경상사고,0,0,1,0,차대차 - 측면충돌,안전운전불이행,건조,맑음,단일로 - 지하차도(도로)내,승용,여,62세,상해없음,화물,남,50세,경상
2023042600100402,2023년 4월 26일 17시,수요일,전라북도 김제시 흥사동,중상사고,0,1,0,0,차대차 - 측면충돌,중앙선침범,건조,맑음,단일로 - 기타,승용,남,80세,상해없음,승용,여,41세,중상
2023042600100463,2023년 4월 26일 18시,수요일,전라북도 군산시 산북동,중상사고,0,2,0,0,차대차 - 측면충돌,안전운전불이행,건조,맑음,교차로 - 교차로안,승용,여,43세,상해없음,승용,여,50세,중상
2023042600100464,2023년 4월 26일 18시,수요일,전라북도 정읍시 옹동면,경상사고,0,0,2,0,차대차 - 측면충돌,직진우회전진행방해,건조,맑음,교차로 - 교차로안,승용,남,70세,경상,승용,여,69세,경상
2023042600100507,2023년 4월 26일 19시,수요일,전라북도 군산시 나운동,경상사고,0,0,1,0,차대차 - 측면충돌,안전운전불이행,건조,맑음,교차로 - 교차로부근,승용,남,24세,상해없음,승용,남,29세,경상
2023042600100570,2023년 4월 26일 21시,수요일,전라북도 군산시 수송동,경상사고,0,0,1,0,차대차 - 측면충돌,신호위반,건조,맑음,교차로 - 교차로안,승용,여,56세,상해없음,승용,남,23세,경상
2023042600100591,2023년 4월 26일 22시,수요일,전라북도 군산시 미장동,경상사고,0,0,2,0,차대차 - 측면충돌,신호위반,건조,맑음,교차로 - 교차로부근,승용,남,35세,상해없음,승용,남,21세,경상
2023042700100059,2023년 4월 27일 07시,목요일,전라북도 전주시 덕진구 인후동2가,경상사고,0,0,1,0,차대차 - 측면충돌,안전운전불이행,건조,맑음,교차로 - 교차로부근,승용,여,29세,상해없음,승용,여,60세,경상
2023042700100089,2023년 4월 27일 08시,목요일,전라북도 익산시 어양동,중상사고,0,1,0,0,차대사람 - 기타,안전운전불이행,건조,맑음,교차로 - 교차로안,승용,여,41세,상해없음,보행자,여,50세,중상
2023042700100090,2023년 4월 27일 08시,목요일,전라북도 순창군 순창읍,중상사고,0,1,0,0,차대사람 - 횡단중,안전운전불이행,건조,맑음,단일로 - 기타,승용,여,43세,상해없음,보행자,여,60세,중상
2023042700100121,2023년 4월 27일 09시,목요일,전라북도 부안군 부안읍,경상사고,0,0,1,0,차대차 - 측면충돌,직진우회전진행방해,건조,맑음,교차로 - 교차로안,승용,남,50세,상해없음,이륜,남,81세,경상
2023042700100163,2023년 4월 27일 11시,목요일,전라북도 군산시 나운동,경상사고,0,0,1,0,차대차 - 기타,교차로운행방법위반,건조,맑음,교차로 - 교차로안,승용,여,67세,상해없음,승용,남,65세,상해없음
2023042700100233,2023년 4월 27일 13시,목요일,전라북도 군산시 성산면,경상사고,0,0,1,0,차대사람 - 기타,안전운전불이행,건조,맑음,주차장 - 주차장,승용,여,52세,상해없음,보행자,여,25세,경상
2023042700100302,2023년 4월 27일 15시,목요일,전라북도 전주시 완산구 동서학동,경상사고,0,0,1,0,차대차 - 측면충돌,안전운전불이행,건조,맑음,단일로 - 기타,승용,남,37세,상해없음,승용,남,65세,경상
2023042700100303,2023년 4월 27일 15시,목요일,전라북도 군산시 대야면,경상사고,0,0,3,0,차량단독 - 공작물충돌,교차로운행방법위반,건조,맑음,교차로 - 교차로안,승용,남,86세,경상,,,,
2023042700100305,2023년 4월 27일 15시,목요일,전라북도 익산시 신흥동,경상사고,0,0,1,0,차대사람 - 기타,안전운전불이행,건조,맑음,단일로 - 기타,승용,남,73세,상해없음,보행자,남,70세,경상
2023042700100306,2023년 4월 27일 15시,목요일,전라북도 완주군 상관면,경상사고,0,0,2,0,차대차 - 기타,중앙선침범,건조,맑음,단일로 - 기타,특수,남,34세,상해없음,승용,남,71세,경상
2023042700100358,2023년 4월 27일 16시,목요일,전라북도 정읍시 수성동,중상사고,0,1,0,0,차대차 - 측면충돌,교차로운행방법위반,건조,맑음,교차로 - 교차로안,승용,남,70세,상해없음,이륜,남,56세,중상
2023042700100359,2023년 4월 27일 16시,목요일,전라북도 완주군 삼례읍,경상사고,0,0,1,0,차대차 - 기타,안전운전불이행,건조,맑음,단일로 - 기타,화물,남,66세,상해없음,승용,남,47세,경상
2023042700100397,2023년 4월 27일 17시,목요일,전라북도 전주시 완산구 효자동2가,경상사고,0,0,1,0,차대차 - 측면충돌,안전거리미확보,건조,맑음,단일로 - 기타,승용,여,29세,상해없음,승용,남,46세,경상
2023042700100398,2023년 4월 27일 17시,목요일,전라북도 군산시 산북동,경상사고,0,0,3,0,차대차 - 기타,교차로운행방법위반,건조,맑음,교차로 - 교차로안,승용,남,52세,경상,승용,남,64세,경상
2023042700100399,2023년 4월 27일 17시,목요일,전라북도 군산시 사정동,경상사고,0,0,5,0,차대차 - 기타,안전운전불이행,건조,맑음,단일로 - 기타,승용,여,25세,경상,승용,남,32세,경상
2023042700100400,2023년 4월 27일 17시,목요일,전라북도 익산시 모현동1가,중상사고,0,1,0,0,차대차 - 측면충돌,안전운전불이행,건조,맑음,단일로 - 기타,승용,여,43세,상해없음,이륜,남,39세,중상
2023042700100451,2023년 4월 27일 18시,목요일,전라북도 전주시 완산구 서신동,경상사고,0,0,1,0,차대차 - 측면충돌,안전운전불이행,건조,맑음,교차로 - 교차로안,승용,남,61세,상해없음,승용,남,29세,경상
2023042700100491,2023년 4월 27일 19시,목요일,전라북도 김제시 서암동,경상사고,0,0,3,0,차대차 - 측면충돌,안전거리미확보,건조,맑음,단일로 - 기타,승용,남,71세,상해없음,승용,남,53세,경상
2023042700100492,2023년 4월 27일 19시,목요일,전라북도 장수군 천천면,중상사고,0,2,1,0,차대차 - 추돌,안전거리미확보,건조,맑음,단일로 - 기타,화물,남,77세,경상,농기계,남,72세,상해없음
2023042700100529,2023년 4월 27일 20시,목요일,전라북도 익산시 모현동1가,중상사고,0,1,0,0,차대차 - 측면충돌,안전운전불이행,건조,맑음,교차로 - 교차로안,승용,여,57세,상해없음,이륜,남,52세,중상
2023042700100551,2023년 4월 27일 21시,목요일,전라북도 익산시 모현동1가,중상사고,0,1,0,0,차대차 - 측면충돌,안전운전불이행,건조,맑음,교차로 - 교차로안,승용,남,66세,상해없음,이륜,남,19세,중상
2023042700100594,2023년 4월 27일 23시,목요일,전라북도 익산시 영등동,중상사고,0,1,0,0,차대차 - 측면충돌,중앙선침범,건조,맑음,교차로 - 교차로부근,승용,남,52세,상해없음,이륜,남,31세,중상
2023042800100006,2023년 4월 28일 00시,금요일,전라북도 전주시 완산구 고사동,경상사고,0,0,2,0,차량단독 - 공작물충돌,안전운전불이행,건조,맑음,교차로 - 교차로안,승용,남,57세,상해없음,,,,
2023042800100025,2023년 4월 28일 04시,금요일,전라북도 군산시 옥구읍,경상사고,0,0,1,0,차대차 - 측면충돌,안전운전불이행,건조,맑음,교차로 - 교차로안,승용,여,62세,상해없음,화물,남,62세,경상
2023042800100032,2023년 4월 28일 05시,금요일,전라북도 전주시 덕진구 중동,사망사고,1,1,0,0,차량단독 - 공작물충돌,안전운전불이행,건조,맑음,단일로 - 기타,이륜,남,23세,사망,,,,
2023042800100045,2023년 4월 28일 06시,금요일,전라북도 군산시 조촌동,경상사고,0,0,2,0,차대차 - 기타,교차로운행방법위반,건조,맑음,교차로 - 교차로안,승용,남,30세,경상,승용,여,59세,경상