사고번호,사고일시,요일,시군구,사고내용,사망자수,중상자수,경상자수,부상신고자수,사고유형,법규위반,노면상태,기상상태,도로형태,가해운전자 차종,가해운전자 성별,가해운전자 연령,가해운전자 상해정도,피해운전자 차종,피해운전자 성별,피해운전자 연령,피해운전자 상해정도
2023051300100511,2023년 5월 13일 20시,토요일,전라북도 전주시 덕진구 송천동2가,경상사고,0,0,1,0,차량단독 - 기타,안전운전불이행,건조,흐림,단일로 - 지하차도(도로)내,승합,남,51세,상해없음,,,,
2023051300100512,2023년 5월 13일 20시,토요일,전라북도 익산시 인화동2가,경상사고,0,0,1,0,차대차 - 측면충돌,안전운전불이행,건조,맑음,교차로 - 교차로부근,승용,남,62세,상해없음,승용,여,70세,경상
2023051300100560,2023년 5월 13일 22시,토요일,전라북도 전주시 덕진구 송천동1가,경상사고,0,0,1,0,차대차 - 측면충돌,신호위반,건조,맑음,교차로 - 교차로안,이륜,남,18세,상해없음,개인형이동수단(PM),남,57세,경상
2023051300100561,2023년 5월 13일 22시,토요일,전라북도 군산시 지곡동,경상사고,0,0,1,0,차대차 - 추돌,안전운전불이행,건조,맑음,교차로 - 교차로부근,승용,남,57세,상해없음,승용,남,28세,경상
2023051300100579,2023년 5월 13일 23시,토요일,전라북도 전주시 완산구 서신동,경상사고,0,0,1,0,차대사람 - 기타,안전운전불이행,건조,맑음,단일로 - 기타,승용,남,58세,상해없음,보행자,남,32세,경상
2023051300100580,2023년 5월 13일 23시,토요일,전라북도 전주시 완산구 서신동,경상사고,0,0,1,0,차대차 - 정면충돌,신호위반,건조,맑음,교차로 - 교차로안,승용,남,55세,상해없음,승용,남,57세,경상
2023051400100025,2023년 5월 14일 02시,일요일,전라북도 전주시 완산구 서노송동,경상사고,0,0,3,0,차대차 - 기타,안전운전불이행,건조,맑음,교차로 - 교차로안,승용,남,20세,상해없음,승용,남,34세,경상
2023051400100090,2023년 5월 14일 10시,일요일,전라북도 군산시 경암동,경상사고,0,0,1,0,차대차 - 측면충돌,안전운전불이행,건조,맑음,교차로 - 교차로안,승용,남,21세,상해없음,승용,여,35세,경상
2023051400100139,2023년 5월 14일 12시,일요일,전라북도 부안군 동진면,경상사고,0,0,3,0,차대차 - 추돌,안전거리미확보,건조,맑음,교차로 - 교차로안,화물,남,62세,경상,승용,여,38세,경상
2023051400100179,2023년 5월 14일 13시,일요일,전라북도 전주시 덕진구 송천동1가,중상사고,0,1,0,0,차대사람 - 기타,안전운전불이행,건조,맑음,주차장 - 주차장,승용,여,56세,상해없음,보행자,여,93세,중상
2023051400100255,2023년 5월 14일 15시,일요일,전라북도 군산시 미장동,경상사고,0,0,1,0,차대사람 - 기타,안전운전불이행,건조,맑음,단일로 - 지하차도(도로)내,승용,남,22세,상해없음,보행자,남,41세,경상
2023051400100294,2023년 5월 14일 16시,일요일,전라북도 남원시 하정동,사망사고,1,0,4,0,차대차 - 측면충돌,기타,건조,맑음,교차로 - 교차로안,승용,여,56세,경상,승용,남,75세,경상
2023051400100391,2023년 5월 14일 19시,일요일,전라북도 순창군 적성면,부상신고사고,0,0,0,1,차량단독 - 전도전복 - 전도,안전운전불이행,건조,맑음,단일로 - 기타,이륜,남,63세,부상신고,,,,
2023051400100420,2023년 5월 14일 20시,일요일,전라북도 군산시 수송동,경상사고,0,0,1,0,차대차 - 측면충돌,안전운전불이행,건조,맑음,교차로 - 교차로부근,화물,남,67세,상해없음,승용,여,43세,경상
2023051500100019,2023년 5월 15일 05시,월요일,전라북도 군산시 소룡동,부상신고사고,0,0,0,1,차대차 - 측면충돌,안전운전불이행,건조,맑음,교차로 - 교차로안,자전거,남,69세,부상신고,승용,남,54세,상해없음
2023051500100028,2023년 5월 15일 06시,월요일,전라북도 전주시 덕진구 덕진동1가,경상사고,0,0,1,0,차대차 - 추돌,안전운전불이행,건조,맑음,기타 - 기타,승용,남,79세,상해없음,승용,남,23세,경상
2023051500100062,2023년 5월 15일 07시,월요일,전라북도 군산시 신관동,경상사고,0,0,1,0,차대차 - 추돌,안전거리미확보,건조,맑음,단일로 - 지하차도(도로)내,승용,남,47세,상해없음,승용,남,39세,상해없음
2023051500100063,2023년 5월 15일 07시,월요일,전라북도 군산시 신관동,경상사고,0,0,3,0,차대차 - 추돌,안전운전불이행,건조,맑음,단일로 - 지하차도(도로)내,승용,남,46세,경상,화물,남,62세,경상
2023051500100064,2023년 5월 15일 07시,월요일,전라북도 군산시 신관동,경상사고,0,0,1,0,차대차 - 정면충돌,안전거리미확보,건조,맑음,단일로 - 지하차도(도로)내,승용,남,26세,상해없음,승용,남,65세,경상
2023051500100106,2023년 5월 15일 08시,월요일,전라북도 전주시 덕진구 인후동1가,경상사고,0,0,1,0,차대사람 - 차도통행중,안전운전불이행,건조,맑음,단일로 - 기타,승용,남,32세,상해없음,보행자,남,16세,경상
2023051500100107,2023년 5월 15일 08시,월요일,전라북도 고창군 해리면,사망사고,1,0,0,0,차대사람 - 기타,불법유턴,건조,맑음,단일로 - 기타,화물,남,65세,상해없음,보행자,남,42세,사망
2023051500100172,2023년 5월 15일 10시,월요일,전라북도 군산시 조촌동,경상사고,0,0,1,0,차대차 - 측면충돌,중앙선침범,건조,맑음,교차로 - 교차로부근,자전거,여,64세,경상,승용,여,54세,상해없음
2023051500100209,2023년 5월 15일 11시,월요일,전라북도 군산시 나포면,경상사고,0,0,1,0,차대차 - 추돌,안전운전불이행,건조,맑음,단일로 - 기타,승용,남,60세,상해없음,이륜,남,75세,경상
2023051500100238,2023년 5월 15일 12시,월요일,전라북도 군산시 나운동,중상사고,0,1,0,0,차대차 - 측면충돌,안전운전불이행,건조,맑음,교차로 - 교차로부근,승용,남,79세,상해없음,이륜,남,29세,중상
2023051500100312,2023년 5월 15일 14시,월요일,전라북도 전주시 덕진구 반월동,경상사고,0,0,1,0,차대차 - 추돌,안전운전불이행,건조,맑음,단일로 - 기타,승용,남,53세,상해없음,화물,남,62세,상해없음
2023051500100348,2023년 5월 15일 15시,월요일,전라북도 김제시 서암동,경상사고,0,0,2,0,차대차 - 추돌,안전운전불이행,건조,맑음,단일로 - 기타,화물,남,65세,상해없음,승용,여,46세,경상
2023051500100384,2023년 5월 15일 16시,월요일,전라북도 진안군 부귀면,중상사고,0,1,0,0,차대차 - 정면충돌,안전운전불이행,건조,맑음,단일로 - 기타,화물,남,54세,상해없음,화물,남,61세,중상
2023051500100478,2023년 5월 15일 18시,월요일,전라북도 군산시 소룡동,경상사고,0,0,1,0,차대차 - 추돌,안전거리미확보,건조,맑음,교차로 - 교차로부근,승용,남,44세,상해없음,승용,남,24세,경상
2023051500100541,2023년 5월 15일 20시,월요일,전라북도 김제시 요촌동,경상사고,0,0,1,0,차대사람 - 횡단중,안전운전불이행,건조,맑음,단일로 - 기타,승용,여,61세,상해없음,보행자,남,73세,경상
2023051500100590,2023년 5월 15일 23시,월요일,전라북도 익산시 마동,경상사고,0,0,2,0,차대차 - 기타,안전운전불이행,건조,맑음,교차로 - 교차로안,승용,남,68세,상해없음,승용,남,29세,경상
2023051600100060,2023년 5월 16일 07시,화요일,전라북도 완주군 봉동읍,경상사고,0,0,3,0,차대차 - 측면충돌,신호위반,건조,맑음,교차로 - 교차로안,승용,남,65세,경상,승용,여,31세,경상
2023051600100094,2023년 5월 16일 08시,화요일,전라북도 전주시 덕진구 인후동1가,경상사고,0,0,1,0,차대차 - 측면충돌,중앙선침범,건조,맑음,교차로 - 교차로부근,승용,남,51세,상해없음,승용,남,47세,경상
2023051600100095,2023년 5월 16일 08시,화요일,전라북도 군산시 개사동,경상사고,0,0,1,0,차대차 - 기타,안전거리미확보,건조,맑음,단일로 - 기타,승용,여,51세,상해없음,승용,여,38세,경상
2023051600100096,2023년 5월 16일 08시,화요일,전라북도 익산시 송학동,사망사고,1,0,0,0,차대사람 - 횡단중,안전운전불이행,건조,맑음,교차로 - 교차로횡단보도내,승용,남,68세,상해없음,보행자,여,84세,사망
2023051600100212,2023년 5월 16일 11시,화요일,전라북도 전주시 덕진구 덕진동2가,경상사고,0,0,4,1,차대차 - 측면충돌,안전운전불이행,건조,맑음,교차로 - 교차로부근,화물,남,81세,상해없음,승합,남,62세,경상
2023051600100213,2023년 5월 16일 11시,화요일,전라북도 전주시 덕진구 호성동1가,경상사고,0,0,1,0,차대차 - 추돌,안전운전불이행,건조,맑음,교차로 - 교차로부근,승용,여,56세,상해없음,승용,여,69세,경상
2023051600100214,2023년 5월 16일 11시,화요일,전라북도 완주군 화산면,경상사고,0,0,1,0,차대차 - 측면충돌,불법유턴,건조,맑음,단일로 - 기타,승용,여,74세,상해없음,승용,여,61세,경상
2023051600100247,2023년 5월 16일 12시,화요일,전라북도 전주시 완산구 삼천동1가,경상사고,0,0,1,0,차대차 - 기타,신호위반,건조,맑음,교차로 - 교차로안,승용,남,55세,상해없음,승용,남,46세,경상
2023051600100248,2023년 5월 16일 12시,화요일,전라북도 김제시 요촌동,중상사고,0,2,0,0,차대차 - 측면충돌,직진우회전진행방해,건조,맑음,교차로 - 교차로안,승용,남,72세,상해없음,화물,남,69세,상해없음
2023051600100287,2023년 5월 16일 13시,화요일,전라북도 김제시 요촌동,중상사고,0,1,0,0,차대차 - 측면충돌,신호위반,건조,맑음,교차로 - 교차로안,승용,남,74세,상해없음,이륜,남,51세,중상
2023051600100288,2023년 5월 16일 13시,화요일,전라북도 남원시 송동면,중상사고,0,1,0,0,차대사람 - 기타,안전운전불이행,건조,맑음,교차로 - 교차로안,화물,남,75세,상해없음,보행자,여,86세,중상
2023051600100322,2023년 5월 16일 14시,화요일,전라북도 전주시 덕진구 장동,중상사고,0,1,0,0,차대사람 - 기타,안전운전불이행,건조,맑음,주차장 - 주차장,승용,남,45세,상해없음,보행자,남,63세,중상
2023051600100323,2023년 5월 16일 14시,화요일,전라북도 전주시 덕진구 인후동1가,경상사고,0,0,1,0,차대차 - 측면충돌,중앙선침범,건조,맑음,단일로 - 기타,승용,여,62세,상해없음,원동기,남,57세,경상
2023051600100324,2023년 5월 16일 14시,화요일,전라북도 완주군 이서면,경상사고,0,0,1,0,차대차 - 추돌,안전운전불이행,건조,맑음,단일로 - 기타,승용,여,39세,상해없음,승용,여,37세,경상
2023051600100381,2023년 5월 16일 15시,화요일,전라북도 부안군 줄포면,경상사고,0,0,1,0,차대차 - 측면충돌,안전운전불이행,건조,맑음,단일로 - 기타,화물,여,56세,상해없음,이륜,남,39세,경상
2023051600100418,2023년 5월 16일 16시,화요일,전라북도 익산시 황등면,경상사고,0,0,1,0,차량단독 - 공작물충돌,안전운전불이행,건조,맑음,단일로 - 기타,승용,여,52세,상해없음,,,,
2023051600100483,2023년 5월 16일 17시,화요일,전라북도 군산시 미룡동,경상사고,0,0,1,0,차대차 - 측면충돌,안전운전불이행,건조,맑음,교차로 - 교차로부근,승용,여,27세,상해없음,승용,남,45세,경상
2023051600100484,2023년 5월 16일 17시,화요일,전라북도 김제시 백구면,경상사고,0,0,7,0,차대차 - 추돌,안전운전불이행,건조,맑음,단일로 - 지하차도(도로)내,화물,남,48세,상해없음,승용,남,71세,경상
2023051600100544,2023년 5월 16일 18시,화요일,전라북도 군산시 내흥동,중상사고,0,1,2,0,차대차 - 측면충돌,안전운전불이행,건조,맑음,교차로 - 교차로안,자전거,남,63세,중상,승용,여,31세,경상
2023051600100608,2023년 5월 16일 20시,화요일,전라북도 익산시 동산동,경상사고,0,0,1,0,차대차 - 측면충돌,안전거리미확보,건조,맑음,교차로 - 교차로부근,화물,남,46세,상해없음,승용,남,37세,경상
2023051600100656,2023년 5월 16일 22시,화요일,전라북도 전주시 덕진구 송천동2가,경상사고,0,0,1,0,차대차 - 측면충돌,안전운전불이행,건조,맑음,교차로 - 교차로안,승용,여,54세,상해없음,이륜,남,54세,경상
2023051700100069,2023년 5월 17일 07시,수요일,전라북도 순창군 순창읍,중상사고,0,1,0,0,차대차 - 측면충돌,신호위반,건조,맑음,교차로 - 교차로안,승용,남,37세,상해없음,이륜,남,82세,중상
2023051700100119,2023년 5월 17일 08시,수요일,전라북도 전주시 완산구 삼천동3가,경상사고,0,0,1,0,차대차 - 측면충돌,교차로운행방법위반,건조,맑음,교차로 - 교차로안,건설기계,남,54세,상해없음,화물,남,52세,경상
2023051700100120,2023년 5월 17일 08시,수요일,전라북도 군산시 지곡동,경상사고,0,0,2,0,차대차 - 측면충돌,안전운전불이행,건조,맑음,교차로 - 교차로안,승용,남,40세,상해없음,승용,남,34세,경상
2023051700100121,2023년 5월 17일 08시,수요일,전라북도 군산시 금광동,중상사고,0,1,0,0,차대사람 - 횡단중,보행자보호의무위반,건조,맑음,교차로 - 교차로횡단보도내,승용,남,36세,상해없음,보행자,여,29세,중상
2023051700100168,2023년 5월 17일 09시,수요일,전라북도 군산시 중앙로1가,중상사고,0,1,0,0,차대차 - 측면충돌,교차로운행방법위반,건조,맑음,교차로 - 교차로안,승용,여,35세,상해없음,승용,남,66세,중상
2023051700100217,2023년 5월 17일 10시,수요일,전라북도 전주시 완산구 효자동1가,경상사고,0,0,3,0,차대차 - 측면충돌,신호위반,건조,맑음,교차로 - 교차로안,승용,여,56세,경상,승용,남,61세,경상
2023051700100257,2023년 5월 17일 11시,수요일,전라북도 전주시 완산구 삼천동1가,경상사고,0,0,2,0,차대차 - 기타,안전운전불이행,건조,맑음,교차로 - 교차로안,승용,여,66세,상해없음,승용,남,26세,경상
2023051700100290,2023년 5월 17일 12시,수요일,전라북도 고창군 심원면,경상사고,0,0,4,0,차대차 - 정면충돌,중앙선침범,건조,맑음,단일로 - 기타,승용,여,51세,상해없음,승용,남,70세,경상
2023051700100291,2023년 5월 17일 12시,수요일,전라북도 고창군 부안면,경상사고,0,0,1,0,차대차 - 추돌,안전운전불이행,건조,맑음,단일로 - 기타,화물,남,52세,상해없음,승용,여,62세,경상
2023051700100340,2023년 5월 17일 13시,수요일,전라북도 남원시 동충동,중상사고,0,1,0,0,차대사람 - 차도통행중,안전운전불이행,건조,맑음,교차로 - 교차로안,승용,여,57세,상해없음,보행자,여,72세,중상
2023051700100380,2023년 5월 17일 14시,수요일,전라북도 전주시 완산구 서완산동2가,중상사고,0,1,0,0,차대차 - 기타,안전운전불이행,건조,맑음,교차로 - 교차로안,승용,여,68세,상해없음,이륜,여,70세,중상
2023051700100381,2023년 5월 17일 14시,수요일,전라북도 김제시 순동,중상사고,0,1,0,0,차대차 - 측면충돌,신호위반,건조,맑음,단일로 - 지하차도(도로)내,화물,남,43세,상해없음,이륜,남,52세,중상
2023051700100382,2023년 5월 17일 14시,수요일,전라북도 부안군 변산면,경상사고,0,0,2,0,차대차 - 정면충돌,안전운전불이행,건조,맑음,단일로 - 기타,화물,남,66세,상해없음,건설기계,기타불명,미분류,기타불명
2023051700100429,2023년 5월 17일 15시,수요일,전라북도 전주시 완산구 평화동2가,중상사고,0,1,0,0,차대사람 - 기타,안전운전불이행,건조,맑음,주차장 - 주차장,화물,남,54세,상해없음,보행자,여,81세,중상
2023051700100465,2023년 5월 17일 16시,수요일,전라북도 진안군 백운면,중상사고,0,1,0,0,차대사람 - 기타,안전운전불이행,건조,맑음,교차로 - 교차로안,화물,남,71세,상해없음,보행자,여,83세,중상
2023051700100515,2023년 5월 17일 17시,수요일,전라북도 전주시 완산구 중화산동2가,경상사고,0,0,1,0,차대차 - 후진중충돌,안전운전불이행,건조,맑음,단일로 - 기타,승용,남,26세,상해없음,이륜,남,42세,경상
2023051700100516,2023년 5월 17일 17시,수요일,전라북도 전주시 완산구 서신동,경상사고,0,0,1,0,차대차 - 측면충돌,신호위반,건조,맑음,교차로 - 교차로안,승용,남,76세,상해없음,승용,여,56세,경상
2023051700100517,2023년 5월 17일 17시,수요일,전라북도 전주시 완산구 중화산동2가,경상사고,0,0,1,0,차대차 - 기타,안전운전불이행,건조,맑음,교차로 - 교차로안,승용,남,58세,상해없음,승용,여,55세,경상
2023051700100518,2023년 5월 17일 17시,수요일,전라북도 익산시 창인동1가,중상사고,0,1,0,0,차대사람 - 기타,안전운전불이행,건조,맑음,기타 - 기타,승합,남,60세,상해없음,보행자,여,77세,중상
2023051700100576,2023년 5월 17일 18시,수요일,전라북도 전주시 덕진구 우아동2가,경상사고,0,0,1,0,차대사람 - 횡단중,보행자보호의무위반,건조,맑음,교차로 - 교차로횡단보도내,승용,남,27세,상해없음,보행자,여,22세,경상
2023051700100577,2023년 5월 17일 18시,수요일,전라북도 전주시 덕진구 호성동2가,경상사고,0,0,1,0,차대차 - 측면충돌,신호위반,건조,맑음,교차로 - 교차로안,승용,여,64세,상해없음,승용,남,24세,경상
2023051700100669,2023년 5월 17일 21시,수요일,전라북도 전주시 완산구 서신동,경상사고,0,0,1,0,차대차 - 추돌,안전운전불이행,건조,맑음,교차로 - 교차로부근,승용,남,53세,기타불명,승용,남,19세,경상
2023051700100670,2023년 5월 17일 21시,수요일,전라북도 전주시 덕진구 송천동2가,경상사고,0,0,1,0,차대차 - 측면충돌,안전운전불이행,서리/결빙,맑음,교차로 - 교차로안,승용,남,31세,상해없음,승용,여,28세,경상
2023051800100008,2023년 5월 18일 00시,목요일,전라북도 전주시 완산구 평화동1가,경상사고,0,0,1,0,차대사람 - 기타,안전운전불이행,건조,맑음,교차로 - 교차로부근,승용,남,68세,상해없음,보행자,남,27세,경상
2023051800100019,2023년 5월 18일 01시,목요일,전라북도 전주시 완산구 중화산동2가,경상사고,0,0,1,0,차대차 - 추돌,안전운전불이행,건조,맑음,교차로 - 교차로부근,승용,남,72세,기타불명,승용,남,37세,경상
2023051800100037,2023년 5월 18일 04시,목요일,전라북도 익산시 신동,경상사고,0,0,1,0,차대사람 - 차도통행중,안전운전불이행,건조,맑음,교차로 - 교차로안,승용,여,57세,상해없음,보행자,남,19세,경상
2023051800100116,2023년 5월 18일 08시,목요일,전라북도 전주시 덕진구 금암동,경상사고,0,0,1,0,차대차 - 측면충돌,안전운전불이행,건조,맑음,단일로 - 기타,승용,남,68세,상해없음,승용,여,35세,경상
2023051800100117,2023년 5월 18일 08시,목요일,전라북도 군산시 대야면,경상사고,0,0,1,0,차대차 - 추돌,안전거리미확보,건조,맑음,단일로 - 지하차도(도로)내,승용,여,36세,상해없음,승용,여,28세,경상
2023051800100118,2023년 5월 18일 08시,목요일,전라북도 김제시 금구면,중상사고,0,1,3,0,차대차 - 추돌,안전운전불이행,건조,맑음,단일로 - 지하차도(도로)내,승용,남,68세,상해없음,승용,남,47세,경상
2023051800100167,2023년 5월 18일 09시,목요일,전라북도 익산시 동산동,경상사고,0,0,1,0,차대사람 - 횡단중,보행자보호의무위반,건조,맑음,교차로 - 교차로횡단보도내,승용,남,64세,상해없음,보행자,남,72세,경상
2023051800100223,2023년 5월 18일 11시,목요일,전라북도 남원시 도통동,중상사고,0,1,0,0,차대사람 - 차도통행중,안전운전불이행,젖음/습기,비,교차로 - 교차로안,화물,남,63세,상해없음,보행자,여,51세,중상
2023051800100254,2023년 5월 18일 12시,목요일,전라북도 군산시 경장동,경상사고,0,0,1,0,차대차 - 추돌,안전운전불이행,건조,맑음,교차로 - 교차로부근,승용,여,67세,경상,승용,남,39세,상해없음
2023051800100284,2023년 5월 18일 13시,목요일,전라북도 전주시 덕진구 반월동,경상사고,0,0,1,0,차대차 - 후진중충돌,불법유턴,젖음/습기,비,단일로 - 기타,승용,여,65세,상해없음,승용,여,40세,경상
2023051800100325,2023년 5월 18일 14시,목요일,전라북도 익산시 임상동,부상신고사고,0,0,0,1,차대사람 - 차도통행중,안전운전불이행,젖음/습기,흐림,단일로 - 기타,화물,남,50세,부상신고,보행자,남,68세,상해없음
2023051800100359,2023년 5월 18일 15시,목요일,전라북도 전주시 완산구 중화산동1가,경상사고,0,0,1,0,차대사람 - 보도통행중,기타,건조,맑음,단일로 - 기타,승용,여,66세,기타불명,보행자,여,9세,경상
2023051800100360,2023년 5월 18일 15시,목요일,전라북도 전주시 완산구 평화동2가,중상사고,0,1,0,0,차대차 - 측면충돌,신호위반,건조,맑음,교차로 - 교차로안,승용,남,64세,상해없음,이륜,남,47세,중상
2023051800100361,2023년 5월 18일 15시,목요일,전라북도 군산시 미룡동,중상사고,0,1,2,0,차대차 - 측면충돌,신호위반,젖음/습기,흐림,교차로 - 교차로안,화물,남,32세,상해없음,승합,남,63세,중상
2023051800100363,2023년 5월 18일 15시,목요일,전라북도 정읍시 태인면,경상사고,0,0,1,0,차대차 - 측면충돌,안전운전불이행,젖음/습기,비,교차로 - 교차로안,화물,남,63세,상해없음,화물,남,41세,경상
2023051800100364,2023년 5월 18일 15시,목요일,전라북도 부안군 하서면,중상사고,0,1,0,0,차대차 - 측면충돌,직진우회전진행방해,젖음/습기,비,교차로 - 교차로안,승용,여,25세,상해없음,자전거,남,89세,중상
2023051800100450,2023년 5월 18일 17시,목요일,전라북도 전주시 완산구 삼천동1가,경상사고,0,0,2,0,차대사람 - 횡단중,신호위반,젖음/습기,비,교차로 - 교차로횡단보도내,승용,여,27세,상해없음,보행자,여,10세,경상
2023051800100451,2023년 5월 18일 17시,목요일,전라북도 전주시 완산구 효자동3가,경상사고,0,0,1,0,차대차 - 추돌,안전운전불이행,건조,맑음,단일로 - 기타,승용,남,38세,상해없음,승용,남,40세,경상
2023051800100500,2023년 5월 18일 18시,목요일,전라북도 전주시 덕진구 송천동2가,중상사고,0,1,0,0,차대사람 - 횡단중,신호위반,건조,맑음,기타 - 기타,승용,여,43세,상해없음,보행자,여,10세,중상
2023051800100537,2023년 5월 18일 19시,목요일,전라북도 전주시 완산구 중화산동2가,중상사고,0,1,0,0,차대차 - 정면충돌,신호위반,젖음/습기,비,교차로 - 교차로안,이륜,남,18세,상해없음,승용,여,29세,중상
2023051800100582,2023년 5월 18일 21시,목요일,전라북도 전주시 완산구 효자동2가,경상사고,0,0,1,0,차대차 - 기타,안전운전불이행,건조,맑음,단일로 - 기타,승용,남,38세,상해없음,승용,여,43세,경상
2023051800100607,2023년 5월 18일 22시,목요일,전라북도 군산시 나운동,중상사고,0,2,0,0,차대사람 - 보도통행중,기타,건조,흐림,교차로 - 교차로안,승용,남,26세,상해없음,보행자,여,18세,중상
2023051900100082,2023년 5월 19일 07시,금요일,전라북도 전주시 덕진구 팔복동3가,중상사고,0,3,1,0,차대차 - 정면충돌,신호위반,건조,맑음,교차로 - 교차로부근,승용,남,28세,중상,승용,여,28세,중상
2023051900100083,2023년 5월 19일 07시,금요일,전라북도 군산시 오식도동,중상사고,0,1,1,0,차대차 - 측면충돌,직진우회전진행방해,건조,맑음,교차로 - 교차로안,승용,남,33세,경상,승용,여,37세,중상
2023051900100124,2023년 5월 19일 08시,금요일,전라북도 군산시 구암동,중상사고,0,1,1,0,차대차 - 측면충돌,안전운전불이행,건조,맑음,교차로 - 교차로안,승용,남,31세,경상,승용,여,64세,중상
2023051900100166,2023년 5월 19일 09시,금요일,전라북도 부안군 부안읍,중상사고,0,1,0,0,차대사람 - 횡단중,보행자보호의무위반,건조,맑음,교차로 - 교차로횡단보도내,승용,남,43세,상해없음,보행자,여,62세,중상
2023051900100212,2023년 5월 19일 10시,금요일,전라북도 정읍시 신태인읍,중상사고,0,1,0,0,차대차 - 측면충돌,불법유턴,건조,맑음,단일로 - 기타,승용,남,79세,상해없음,이륜,여,61세,중상
2023051900100213,2023년 5월 19일 10시,금요일,전라북도 김제시 신덕동,중상사고,0,1,0,0,차대차 - 추돌,안전운전불이행,건조,맑음,단일로 - 기타,승용,남,44세,상해없음,자전거,남,47세,중상
2023051900100214,2023년 5월 19일 10시,금요일,전라북도 남원시 금동,중상사고,0,1,0,0,차대사람 - 횡단중,안전운전불이행,건조,맑음,단일로 - 기타,화물,남,79세,상해없음,보행자,여,67세,중상
2023051900100253,2023년 5월 19일 11시,금요일,전라북도 전주시 완산구 전동,경상사고,0,0,1,0,차대차 - 측면충돌,안전운전불이행,건조,맑음,교차로 - 교차로안,승용,남,63세,상해없음,승용,여,57세,상해없음
2023051900100299,2023년 5월 19일 12시,금요일,전라북도 전주시 덕진구 금암동,중상사고,0,1,0,0,차대사람 - 길가장자리구역통행중,안전운전불이행,건조,맑음,단일로 - 기타,승용,남,43세,상해없음,보행자,여,96세,중상
2023051900100412,2023년 5월 19일 15시,금요일,전라북도 군산시 미룡동,경상사고,0,0,2,0,차대차 - 측면충돌,안전운전불이행,건조,맑음,교차로 - 교차로부근,승용,남,23세,상해없음,승용,여,28세,경상
2023051900100413,2023년 5월 19일 15시,금요일,전라북도 익산시 오산면,중상사고,0,1,0,0,차대차 - 기타,안전운전불이행,건조,맑음,단일로 - 기타,화물,남,53세,상해없음,자전거,남,73세,중상
2023051900100459,2023년 5월 19일 16시,금요일,전라북도 전주시 완산구 삼천동2가,경상사고,0,0,1,0,차대사람 - 횡단중,보행자보호의무위반,건조,맑음,교차로 - 교차로횡단보도내,화물,남,71세,상해없음,보행자,여,8세,경상
2023051900100505,2023년 5월 19일 17시,금요일,전라북도 군산시 중앙로3가,중상사고,0,1,0,0,차대사람 - 보도통행중,안전운전불이행,건조,맑음,단일로 - 기타,승용,남,66세,상해없음,보행자,남,80세,중상
2023051900100506,2023년 5월 19일 17시,금요일,전라북도 익산시 영등동,경상사고,0,0,2,0,차대차 - 추돌,안전거리미확보,건조,맑음,교차로 - 교차로부근,화물,남,62세,상해없음,승용,남,32세,경상
2023051900100607,2023년 5월 19일 19시,금요일,전라북도 전주시 덕진구 송천동1가,중상사고,0,1,1,0,차대사람 - 보도통행중,보행자보호의무위반,건조,맑음,교차로 - 교차로안,승용,여,31세,상해없음,보행자,여,42세,경상
2023051900100703,2023년 5월 19일 22시,금요일,전라북도 전주시 덕진구 진북동,경상사고,0,0,1,0,차대차 - 추돌,안전운전불이행,건조,맑음,단일로 - 기타,승용,남,34세,상해없음,이륜,남,49세,경상
2023052000100020,2023년 5월 20일 01시,토요일,전라북도 전주시 덕진구 우아동3가,중상사고,0,2,0,0,차대차 - 기타,안전거리미확보,건조,맑음,단일로 - 기타,승용,남,57세,상해없음,이륜,남,14세,중상
2023052000100028,2023년 5월 20일 02시,토요일,전라북도 남원시 도통동,경상사고,0,0,1,0,차대사람 - 보도통행중,안전운전불이행,건조,맑음,단일로 - 기타,승용,남,38세,상해없음,보행자,남,35세,경상
2023052000100054,2023년 5월 20일 05시,토요일,전라북도 익산시 목천동,경상사고,0,0,1,0,차대차 - 측면충돌,직진우회전진행방해,건조,맑음,교차로 - 교차로안,승용,남,52세,상해없음,화물,남,52세,경상
2023052000100066,2023년 5월 20일 06시,토요일,전라북도 군산시 산북동,경상사고,0,0,1,1,차대차 - 측면충돌,신호위반,건조,맑음,교차로 - 교차로부근,승용,남,43세,부상신고,화물,남,40세,경상
2023052000100094,2023년 5월 20일 08시,토요일,전라북도 익산시 신동,경상사고,0,0,1,0,차대차 - 측면충돌,안전운전불이행,건조,맑음,교차로 - 교차로부근,승용,남,20세,상해없음,승용,여,47세,경상
2023052000100095,2023년 5월 20일 08시,토요일,전라북도 남원시 산동면,중상사고,0,1,0,0,차대차 - 기타,안전운전불이행,건조,맑음,단일로 - 기타,이륜,남,70세,중상,화물,남,63세,상해없음
2023052000100096,2023년 5월 20일 08시,토요일,전라북도 남원시 수지면,경상사고,0,0,1,0,차량단독 - 기타,안전운전불이행,건조,맑음,단일로 - 기타,승용,남,59세,경상,,,,
2023052000100097,2023년 5월 20일 08시,토요일,전라북도 순창군 순창읍,부상신고사고,0,0,0,1,차대차 - 측면충돌,직진우회전진행방해,건조,맑음,교차로 - 교차로안,이륜,남,85세,부상신고,승용,남,44세,상해없음
2023052000100119,2023년 5월 20일 09시,토요일,전라북도 전주시 덕진구 장동,중상사고,0,1,0,0,차대차 - 측면충돌,안전운전불이행,건조,맑음,교차로 - 교차로안,승용,여,22세,기타불명,승용,여,56세,중상