사고번호,사고일시,요일,시군구,사고내용,사망자수,중상자수,경상자수,부상신고자수,사고유형,법규위반,노면상태,기상상태,도로형태,가해운전자 차종,가해운전자 성별,가해운전자 연령,가해운전자 상해정도,피해운전자 차종,피해운전자 성별,피해운전자 연령,피해운전자 상해정도
2023052000100163,2023년 5월 20일 10시,토요일,전라북도 전주시 완산구 서신동,경상사고,0,0,1,0,차대차 - 측면충돌,신호위반,건조,맑음,교차로 - 교차로횡단보도내,승용,여,38세,상해없음,자전거,남,61세,경상
2023052000100251,2023년 5월 20일 12시,토요일,전라북도 군산시 나운동,경상사고,0,0,1,0,차대사람 - 횡단중,안전운전불이행,건조,맑음,단일로 - 기타,이륜,남,48세,상해없음,보행자,여,55세,경상
2023052000100302,2023년 5월 20일 13시,토요일,전라북도 진안군 진안읍,경상사고,0,0,1,0,차대차 - 기타,안전거리미확보,건조,맑음,단일로 - 기타,화물,남,65세,상해없음,승용,여,26세,경상
2023052000100343,2023년 5월 20일 14시,토요일,전라북도 전주시 완산구 서서학동,경상사고,0,0,5,0,차대차 - 추돌,안전운전불이행,건조,맑음,단일로 - 기타,승용,남,39세,상해없음,승용,남,23세,경상
2023052000100344,2023년 5월 20일 14시,토요일,전라북도 전주시 덕진구 팔복동2가,중상사고,0,1,0,0,차대차 - 측면충돌,신호위반,건조,맑음,교차로 - 교차로안,특수,남,21세,상해없음,승용,남,67세,중상
2023052000100345,2023년 5월 20일 14시,토요일,전라북도 남원시 신촌동,경상사고,0,0,1,0,차대사람 - 기타,안전운전불이행,건조,맑음,단일로 - 기타,승용,여,69세,상해없음,보행자,남,21세,경상
2023052000100346,2023년 5월 20일 14시,토요일,전라북도 완주군 삼례읍,경상사고,0,0,4,0,차대차 - 측면충돌,안전운전불이행,건조,맑음,교차로 - 교차로부근,승용,여,39세,상해없음,승용,남,41세,경상
2023052000100392,2023년 5월 20일 15시,토요일,전라북도 익산시 인화동2가,중상사고,0,1,0,0,차대차 - 측면충돌,안전운전불이행,건조,맑음,교차로 - 교차로부근,이륜,남,85세,중상,승용,남,37세,상해없음
2023052000100435,2023년 5월 20일 16시,토요일,전라북도 군산시 대명동,경상사고,0,0,1,0,차대차 - 측면충돌,신호위반,건조,맑음,교차로 - 교차로부근,승용,남,54세,상해없음,이륜,남,22세,경상
2023052000100436,2023년 5월 20일 16시,토요일,전라북도 부안군 변산면,경상사고,0,0,2,0,차대차 - 측면충돌,교차로운행방법위반,건조,맑음,교차로 - 교차로안,승합,남,49세,상해없음,이륜,남,49세,경상
2023052000100470,2023년 5월 20일 17시,토요일,전라북도 군산시 나운동,경상사고,0,0,1,0,차대차 - 측면충돌,안전운전불이행,건조,맑음,교차로 - 교차로안,원동기,남,54세,상해없음,승용,남,32세,경상
2023052000100493,2023년 5월 20일 18시,토요일,전라북도 익산시 어양동,경상사고,0,0,1,0,차대차 - 측면충돌,안전운전불이행,건조,맑음,단일로 - 기타,화물,남,64세,상해없음,승용,남,27세,기타불명
2023052000100525,2023년 5월 20일 19시,토요일,전라북도 전주시 덕진구 진북동,경상사고,0,0,1,0,차대차 - 측면충돌,안전운전불이행,건조,맑음,교차로 - 교차로횡단보도내,승용,남,40세,상해없음,이륜,여,48세,경상
2023052000100558,2023년 5월 20일 20시,토요일,전라북도 익산시 창인동1가,중상사고,0,1,0,0,차대차 - 측면충돌,교차로운행방법위반,건조,맑음,교차로 - 교차로안,승용,남,27세,상해없음,자전거,남,75세,중상
2023052000100590,2023년 5월 20일 21시,토요일,전라북도 익산시 어양동,중상사고,0,1,0,0,차대사람 - 기타,안전운전불이행,건조,맑음,단일로 - 기타,승용,남,71세,상해없음,보행자,남,2세,상해없음
2023052100100009,2023년 5월 21일 00시,일요일,전라북도 군산시 나운동,경상사고,0,0,1,0,차대차 - 측면충돌,교차로운행방법위반,건조,맑음,교차로 - 교차로안,승용,남,42세,상해없음,승용,남,52세,경상
2023052100100097,2023년 5월 21일 10시,일요일,전라북도 군산시 산북동,경상사고,0,0,3,0,차대차 - 기타,교차로운행방법위반,건조,맑음,교차로 - 교차로안,승용,남,61세,경상,승용,남,62세,경상
2023052100100182,2023년 5월 21일 13시,일요일,전라북도 전주시 덕진구 여의동,경상사고,0,0,1,0,차대차 - 추돌,안전운전불이행,건조,맑음,단일로 - 기타,승용,남,34세,상해없음,화물,남,43세,경상
2023052100100183,2023년 5월 21일 13시,일요일,전라북도 남원시 쌍교동,중상사고,0,1,0,0,차대차 - 정면충돌,안전운전불이행,건조,맑음,교차로 - 교차로안,승용,남,65세,상해없음,이륜,남,23세,중상
2023052100100212,2023년 5월 21일 14시,일요일,전라북도 군산시 사정동,경상사고,0,0,1,0,차량단독 - 공작물충돌,안전운전불이행,건조,맑음,교차로 - 교차로부근,승용,여,67세,경상,,,,
2023052100100213,2023년 5월 21일 14시,일요일,전라북도 김제시 공덕면,사망사고,1,0,0,0,차대차 - 추돌,안전운전불이행,건조,맑음,단일로 - 기타,승용,남,60세,상해없음,이륜,남,80세,사망
2023052100100342,2023년 5월 21일 18시,일요일,전라북도 전주시 덕진구 송천동2가,경상사고,0,0,1,0,차대사람 - 차도통행중,안전운전불이행,건조,맑음,교차로 - 교차로부근,이륜,남,23세,상해없음,보행자,남,70세,경상
2023052100100363,2023년 5월 21일 19시,일요일,전라북도 전주시 덕진구 송천동1가,경상사고,0,0,3,0,차대차 - 측면충돌,안전운전불이행,건조,맑음,교차로 - 교차로안,승용,남,50세,상해없음,화물,남,51세,경상
2023052100100388,2023년 5월 21일 20시,일요일,전라북도 정읍시 상동,중상사고,0,1,0,0,차대사람 - 횡단중,안전운전불이행,건조,맑음,교차로 - 교차로부근,이륜,남,33세,상해없음,보행자,남,10세,중상
2023052100100424,2023년 5월 21일 21시,일요일,전라북도 익산시 함열읍,경상사고,0,0,1,0,차대사람 - 차도통행중,안전운전불이행,건조,맑음,교차로 - 교차로부근,승용,여,53세,상해없음,보행자,남,47세,경상
2023052200100081,2023년 5월 22일 08시,월요일,전라북도 전주시 덕진구 전미동1가,경상사고,0,0,1,0,차대차 - 추돌,안전거리미확보,젖음/습기,흐림,교차로 - 교차로안,승합,남,53세,상해없음,승용,여,33세,경상
2023052200100082,2023년 5월 22일 08시,월요일,전라북도 익산시 어양동,중상사고,0,1,0,0,차대차 - 측면충돌,기타,건조,맑음,교차로 - 교차로안,승용,여,57세,상해없음,자전거,남,69세,중상
2023052200100083,2023년 5월 22일 08시,월요일,전라북도 정읍시 수성동,경상사고,0,0,2,0,차대차 - 측면충돌,직진우회전진행방해,건조,맑음,단일로 - 기타,승용,여,45세,상해없음,승용,여,53세,경상
2023052200100155,2023년 5월 22일 10시,월요일,전라북도 전주시 덕진구 덕진동1가,경상사고,0,0,1,0,차대차 - 측면충돌,안전운전불이행,건조,맑음,교차로 - 교차로안,승용,여,56세,상해없음,화물,남,44세,경상
2023052200100213,2023년 5월 22일 12시,월요일,전라북도 군산시 산북동,경상사고,0,0,1,0,차대사람 - 차도통행중,직진우회전진행방해,건조,맑음,교차로 - 교차로안,자전거,남,82세,상해없음,보행자,남,74세,경상
2023052200100247,2023년 5월 22일 13시,월요일,전라북도 전주시 덕진구 금암동,경상사고,0,0,2,0,차대차 - 추돌,안전운전불이행,건조,맑음,단일로 - 기타,승합,남,52세,상해없음,승용,여,51세,경상
2023052200100248,2023년 5월 22일 13시,월요일,전라북도 군산시 중앙로1가,경상사고,0,0,1,1,차대차 - 측면충돌,안전운전불이행,건조,맑음,단일로 - 지하차도(도로)내,승용,여,52세,부상신고,승용,남,76세,경상
2023052200100333,2023년 5월 22일 15시,월요일,전라북도 전주시 덕진구 진북동,경상사고,0,0,1,0,차대차 - 측면충돌,차로위반,건조,맑음,교차로 - 교차로부근,화물,남,57세,상해없음,승용,남,27세,경상
2023052200100334,2023년 5월 22일 15시,월요일,전라북도 남원시 인월면,중상사고,0,2,0,0,차대차 - 측면충돌,안전운전불이행,건조,맑음,단일로 - 기타,승용,여,61세,상해없음,승용,남,82세,중상
2023052200100373,2023년 5월 22일 16시,월요일,전라북도 부안군 부안읍,중상사고,0,2,0,0,차대차 - 추돌,기타,건조,맑음,단일로 - 기타,승용,남,68세,중상,승용,남,51세,기타불명
2023052200100419,2023년 5월 22일 17시,월요일,전라북도 군산시 대야면,경상사고,0,0,1,0,차대차 - 측면충돌,안전운전불이행,건조,맑음,단일로 - 지하차도(도로)내,승용,남,75세,상해없음,승용,여,41세,경상
2023052200100420,2023년 5월 22일 17시,월요일,전라북도 군산시 소룡동,부상신고사고,0,0,0,1,차대차 - 측면충돌,안전운전불이행,건조,맑음,단일로 - 지하차도(도로)내,승용,남,52세,상해없음,승용,남,73세,부상신고
2023052200100421,2023년 5월 22일 17시,월요일,전라북도 군산시 조촌동,중상사고,0,1,1,0,차대사람 - 횡단중,보행자보호의무위반,건조,맑음,단일로 - 지하차도(도로)내,승합,남,68세,상해없음,보행자,여,5세,중상
2023052200100422,2023년 5월 22일 17시,월요일,전라북도 군산시 조촌동,부상신고사고,0,0,0,1,차대차 - 측면충돌,신호위반,건조,맑음,교차로 - 교차로안,자전거,남,58세,상해없음,승용,남,21세,부상신고
2023052200100467,2023년 5월 22일 18시,월요일,전라북도 전주시 완산구 중노송동,경상사고,0,0,1,0,차대차 - 측면충돌,신호위반,건조,맑음,교차로 - 교차로안,승합,남,64세,상해없음,승용,여,66세,경상
2023052200100536,2023년 5월 22일 20시,월요일,전라북도 김제시 입석동,경상사고,0,0,2,0,차대차 - 추돌,안전운전불이행,건조,맑음,단일로 - 기타,승용,남,71세,상해없음,승용,여,44세,경상
2023052200100562,2023년 5월 22일 21시,월요일,전라북도 군산시 수송동,경상사고,0,0,4,0,차대차 - 측면충돌,안전운전불이행,건조,맑음,교차로 - 교차로부근,승용,남,47세,상해없음,승용,남,22세,경상
2023052200100563,2023년 5월 22일 21시,월요일,전라북도 남원시 월락동,경상사고,0,0,3,0,차대차 - 기타,안전거리미확보,건조,맑음,교차로 - 교차로부근,승합,남,64세,상해없음,승용,남,47세,경상
2023052200100564,2023년 5월 22일 21시,월요일,전라북도 고창군 고창읍,경상사고,0,0,2,0,차대차 - 측면충돌,안전운전불이행,건조,맑음,교차로 - 교차로안,화물,남,58세,상해없음,승용,남,43세,경상
2023052200100592,2023년 5월 22일 22시,월요일,전라북도 부안군 부안읍,중상사고,0,1,0,0,차대사람 - 횡단중,중앙선침범,건조,맑음,교차로 - 교차로부근,이륜,남,61세,상해없음,보행자,남,53세,중상
2023052300100025,2023년 5월 23일 05시,화요일,전라북도 정읍시 흑암동,사망사고,2,0,0,0,차량단독 - 기타,안전운전불이행,건조,맑음,단일로 - 기타,승용,남,67세,사망,,,,
2023052300100050,2023년 5월 23일 07시,화요일,전라북도 전주시 완산구 효자동1가,경상사고,0,0,1,0,차대차 - 측면충돌,안전운전불이행,건조,맑음,단일로 - 기타,승용,남,62세,상해없음,화물,남,48세,경상
2023052300100051,2023년 5월 23일 07시,화요일,전라북도 순창군 팔덕면,경상사고,0,0,1,0,차대차 - 측면충돌,중앙선침범,건조,맑음,단일로 - 기타,화물,남,57세,상해없음,승용,여,63세,경상
2023052300100093,2023년 5월 23일 08시,화요일,전라북도 남원시 하정동,중상사고,0,1,0,0,차대차 - 측면충돌,안전운전불이행,건조,맑음,교차로 - 교차로안,승용,여,55세,상해없음,자전거,남,82세,중상
2023052300100193,2023년 5월 23일 10시,화요일,전라북도 전주시 덕진구 덕진동2가,중상사고,0,1,0,0,차대차 - 측면충돌,신호위반,건조,맑음,교차로 - 교차로안,화물,남,70세,상해없음,승용,남,60세,중상
2023052300100230,2023년 5월 23일 11시,화요일,전라북도 전주시 완산구 효자동3가,경상사고,0,0,1,0,차대차 - 측면충돌,안전운전불이행,건조,맑음,교차로 - 교차로안,승용,여,51세,상해없음,승용,여,39세,경상
2023052300100231,2023년 5월 23일 11시,화요일,전라북도 익산시 영등동,경상사고,0,0,1,0,차대사람 - 횡단중,안전운전불이행,건조,맑음,단일로 - 기타,승용,남,21세,상해없음,보행자,남,69세,경상
2023052300100232,2023년 5월 23일 11시,화요일,전라북도 정읍시 태인면,경상사고,0,0,1,0,차대차 - 추돌,안전운전불이행,건조,맑음,단일로 - 기타,화물,남,63세,상해없음,승용,여,51세,경상
2023052300100233,2023년 5월 23일 11시,화요일,전라북도 완주군 삼례읍,경상사고,0,0,1,0,차대차 - 측면충돌,중앙선침범,건조,맑음,단일로 - 기타,원동기,남,72세,상해없음,화물,남,76세,경상
2023052300100301,2023년 5월 23일 13시,화요일,전라북도 고창군 고창읍,경상사고,0,0,3,0,차대차 - 측면충돌,교차로운행방법위반,건조,맑음,교차로 - 교차로안,승용,여,45세,상해없음,승용,남,31세,경상
2023052300100341,2023년 5월 23일 14시,화요일,전라북도 전주시 덕진구 팔복동2가,경상사고,0,0,1,0,차대차 - 측면충돌,신호위반,건조,맑음,교차로 - 교차로안,승용,남,64세,상해없음,화물,남,58세,경상
2023052300100426,2023년 5월 23일 16시,화요일,전라북도 전주시 완산구 효자동3가,경상사고,0,0,1,0,차대차 - 측면충돌,차로위반,건조,맑음,단일로 - 기타,승용,여,46세,상해없음,승합,남,56세,경상
2023052300100427,2023년 5월 23일 16시,화요일,전라북도 군산시 대야면,중상사고,0,1,0,2,차대차 - 추돌,안전운전불이행,건조,맑음,단일로 - 기타,승용,남,40세,상해없음,승용,남,39세,중상
2023052300100428,2023년 5월 23일 16시,화요일,전라북도 익산시 남중동,중상사고,0,1,0,0,차대사람 - 차도통행중,안전운전불이행,건조,맑음,단일로 - 기타,화물,여,53세,상해없음,보행자,여,84세,중상
2023052300100429,2023년 5월 23일 16시,화요일,전라북도 부안군 주산면,사망사고,1,0,1,0,차대차 - 추돌,안전운전불이행,건조,맑음,단일로 - 기타,승용,남,26세,사망,건설기계,남,61세,경상
2023052300100483,2023년 5월 23일 17시,화요일,전라북도 전주시 덕진구 산정동,경상사고,0,0,3,0,차대차 - 측면충돌,안전운전불이행,건조,맑음,단일로 - 기타,승용,남,71세,상해없음,승용,남,49세,경상
2023052300100535,2023년 5월 23일 18시,화요일,전라북도 전주시 덕진구 여의동2가,경상사고,0,0,1,0,차대차 - 측면충돌,안전운전불이행,건조,맑음,교차로 - 교차로안,승용,남,47세,상해없음,이륜,남,21세,경상
2023052300100536,2023년 5월 23일 18시,화요일,전라북도 군산시 수송동,경상사고,0,0,1,0,차대사람 - 보도통행중,신호위반,건조,맑음,교차로 - 교차로횡단보도내,승용,남,44세,상해없음,보행자,여,57세,경상
2023052300100574,2023년 5월 23일 19시,화요일,전라북도 익산시 신동,경상사고,0,0,1,0,차대차 - 기타,안전운전불이행,건조,맑음,교차로 - 교차로안,승용,남,22세,상해없음,자전거,남,21세,경상
2023052300100575,2023년 5월 23일 19시,화요일,전라북도 남원시 노암동,경상사고,0,0,1,0,차대차 - 측면충돌,신호위반,건조,맑음,교차로 - 교차로횡단보도내,화물,남,60세,상해없음,자전거,남,63세,경상
2023052300100634,2023년 5월 23일 22시,화요일,전라북도 고창군 고창읍,경상사고,0,0,1,0,차대사람 - 차도통행중,안전운전불이행,건조,맑음,단일로 - 기타,원동기,남,33세,상해없음,보행자,여,54세,경상
2023052400100005,2023년 5월 24일 00시,수요일,전라북도 군산시 수송동,경상사고,0,0,1,0,차대차 - 측면충돌,안전운전불이행,건조,맑음,단일로 - 기타,화물,남,52세,상해없음,원동기,남,22세,경상
2023052400100166,2023년 5월 24일 09시,수요일,전라북도 전주시 완산구 서신동,경상사고,0,0,1,0,차대차 - 측면충돌,차로위반,건조,맑음,교차로 - 교차로안,승용,여,71세,상해없음,화물,남,50세,경상
2023052400100198,2023년 5월 24일 10시,수요일,전라북도 군산시 개정동,부상신고사고,0,0,0,1,차대차 - 추돌,안전운전불이행,건조,맑음,교차로 - 교차로안,이륜,남,83세,부상신고,승합,남,41세,상해없음
2023052400100199,2023년 5월 24일 10시,수요일,전라북도 익산시 영등동,경상사고,0,0,1,0,차대차 - 측면충돌,안전운전불이행,건조,맑음,교차로 - 교차로안,승용,여,52세,상해없음,승용,여,50세,경상
2023052400100200,2023년 5월 24일 10시,수요일,전라북도 정읍시 이평면,중상사고,0,1,1,0,차대사람 - 차도통행중,안전운전불이행,건조,맑음,교차로 - 교차로안,화물,여,63세,경상,보행자,여,83세,중상
2023052400100261,2023년 5월 24일 12시,수요일,전라북도 익산시 어양동,중상사고,0,1,0,0,차대차 - 측면충돌,안전운전불이행,건조,맑음,단일로 - 기타,승용,남,75세,상해없음,이륜,남,84세,중상
2023052400100282,2023년 5월 24일 13시,수요일,전라북도 전주시 완산구 중화산동2가,중상사고,0,1,0,0,차대사람 - 횡단중,안전운전불이행,건조,맑음,기타 - 기타,승용,남,53세,상해없음,보행자,여,75세,중상
2023052400100283,2023년 5월 24일 13시,수요일,전라북도 김제시 만경읍,경상사고,0,0,2,0,차대차 - 측면충돌,기타,건조,맑음,교차로 - 교차로안,화물,남,41세,상해없음,화물,남,32세,경상
2023052400100284,2023년 5월 24일 13시,수요일,전라북도 고창군 아산면,중상사고,0,2,0,0,차대차 - 측면충돌,신호위반,건조,맑음,교차로 - 교차로안,농기계,남,61세,상해없음,승합,여,55세,중상
2023052400100285,2023년 5월 24일 13시,수요일,전라북도 완주군 이서면,경상사고,0,0,1,0,차대차 - 측면충돌,불법유턴,건조,맑음,교차로 - 교차로부근,화물,남,61세,상해없음,이륜,남,30세,경상
2023052400100318,2023년 5월 24일 14시,수요일,전라북도 고창군 아산면,중상사고,0,1,0,0,차대차 - 기타,안전운전불이행,건조,맑음,단일로 - 기타,화물,남,58세,상해없음,농기계,남,84세,중상
2023052400100319,2023년 5월 24일 14시,수요일,전라북도 진안군 진안읍,경상사고,0,0,2,0,차대차 - 측면충돌,신호위반,건조,맑음,교차로 - 교차로안,승용,여,62세,경상,승용,여,48세,경상
2023052400100354,2023년 5월 24일 15시,수요일,전라북도 부안군 부안읍,경상사고,0,0,2,0,차대차 - 측면충돌,중앙선침범,건조,흐림,단일로 - 지하차도(도로)내,승용,남,49세,상해없음,승용,남,66세,경상
2023052400100392,2023년 5월 24일 16시,수요일,전라북도 군산시 오식도동,부상신고사고,0,0,0,1,차대차 - 측면충돌,안전운전불이행,건조,맑음,교차로 - 교차로안,승용,남,55세,상해없음,승용,남,56세,부상신고
2023052400100393,2023년 5월 24일 16시,수요일,전라북도 정읍시 연지동,경상사고,0,0,1,0,차대차 - 측면충돌,신호위반,건조,맑음,교차로 - 교차로안,승용,남,72세,상해없음,화물,남,52세,경상
2023052400100486,2023년 5월 24일 18시,수요일,전라북도 전주시 완산구 평화동1가,경상사고,0,0,1,0,차대차 - 측면충돌,중앙선침범,건조,맑음,단일로 - 기타,승용,여,70세,상해없음,승용,남,42세,경상
2023052400100535,2023년 5월 24일 20시,수요일,전라북도 군산시 수송동,경상사고,0,0,1,0,차대차 - 추돌,안전운전불이행,건조,맑음,교차로 - 교차로부근,승용,남,63세,상해없음,승용,남,27세,경상
2023052400100536,2023년 5월 24일 20시,수요일,전라북도 부안군 변산면,경상사고,0,0,1,0,차대사람 - 차도통행중,보행자보호의무위반,건조,흐림,단일로 - 지하차도(도로)내,승용,여,60세,상해없음,보행자,남,10세,경상
2023052500100100,2023년 5월 25일 08시,목요일,전라북도 전주시 덕진구 인후동2가,경상사고,0,0,1,0,차대차 - 측면충돌,안전운전불이행,건조,맑음,기타 - 기타,승용,남,82세,상해없음,승용,남,45세,경상
2023052500100101,2023년 5월 25일 08시,목요일,전라북도 익산시 함라면,경상사고,0,0,2,0,차대차 - 정면충돌,안전운전불이행,건조,맑음,교차로 - 교차로안,승용,남,51세,상해없음,승용,여,40세,경상
2023052500100140,2023년 5월 25일 09시,목요일,전라북도 군산시 내초동,경상사고,0,0,2,0,차대차 - 측면충돌,안전운전불이행,건조,맑음,단일로 - 기타,화물,남,42세,상해없음,승용,여,41세,경상
2023052500100141,2023년 5월 25일 09시,목요일,전라북도 군산시 옥산면,중상사고,0,1,0,0,차대차 - 측면충돌,신호위반,건조,맑음,교차로 - 교차로안,승용,남,49세,상해없음,승용,남,72세,중상
2023052500100142,2023년 5월 25일 09시,목요일,전라북도 남원시 월락동,중상사고,0,1,0,0,차대차 - 측면충돌,직진우회전진행방해,건조,맑음,교차로 - 교차로안,승용,남,62세,상해없음,승용,남,37세,중상
2023052500100183,2023년 5월 25일 10시,목요일,전라북도 전주시 완산구 평화동2가,중상사고,0,1,0,0,차대사람 - 기타,안전운전불이행,건조,맑음,주차장 - 주차장,승용,남,67세,상해없음,보행자,여,68세,중상
2023052500100210,2023년 5월 25일 11시,목요일,전라북도 전주시 완산구 서노송동,경상사고,0,0,1,0,차대차 - 기타,신호위반,건조,맑음,교차로 - 교차로안,화물,남,58세,상해없음,화물,남,42세,경상
2023052500100241,2023년 5월 25일 12시,목요일,전라북도 군산시 경암동,중상사고,0,1,0,0,차대차 - 기타,교차로운행방법위반,건조,맑음,교차로 - 교차로부근,승용,여,59세,상해없음,승합,남,58세,상해없음
2023052500100270,2023년 5월 25일 13시,목요일,전라북도 전주시 완산구 평화동2가,경상사고,0,0,1,0,차대차 - 측면충돌,중앙선침범,건조,맑음,단일로 - 기타,승용,여,53세,상해없음,이륜,남,34세,경상
2023052500100345,2023년 5월 25일 15시,목요일,전라북도 전주시 완산구 평화동2가,경상사고,0,0,1,0,차대사람 - 횡단중,보행자보호의무위반,건조,맑음,단일로 - 기타,승용,남,76세,상해없음,보행자,남,11세,경상
2023052500100346,2023년 5월 25일 15시,목요일,전라북도 전주시 완산구 효자동3가,경상사고,0,0,6,0,차대차 - 기타,안전운전불이행,건조,맑음,교차로 - 교차로안,화물,남,62세,상해없음,승용,남,47세,경상
2023052500100347,2023년 5월 25일 15시,목요일,전라북도 익산시 함열읍,중상사고,0,1,2,0,차대차 - 측면충돌,신호위반,건조,맑음,교차로 - 교차로안,승용,여,53세,경상,승합,남,45세,경상
2023052500100394,2023년 5월 25일 16시,목요일,전라북도 남원시 산동면,경상사고,0,0,1,0,차대차 - 측면충돌,직진우회전진행방해,건조,맑음,교차로 - 교차로안,원동기,남,75세,경상,승용,남,59세,상해없음
2023052500100428,2023년 5월 25일 17시,목요일,전라북도 군산시 경암동,경상사고,0,0,3,0,차대차 - 측면충돌,안전거리미확보,건조,맑음,단일로 - 기타,화물,남,61세,상해없음,승용,남,44세,경상
2023052500100429,2023년 5월 25일 17시,목요일,전라북도 군산시 오식도동,경상사고,0,0,1,0,차대차 - 측면충돌,안전운전불이행,건조,맑음,단일로 - 기타,승용,남,21세,상해없음,승용,남,41세,경상
2023052500100430,2023년 5월 25일 17시,목요일,전라북도 익산시 남중동,경상사고,0,0,2,0,차대차 - 측면충돌,안전운전불이행,건조,맑음,단일로 - 기타,승용,여,67세,상해없음,승용,여,36세,경상
2023052500100431,2023년 5월 25일 17시,목요일,전라북도 김제시 공덕면,중상사고,0,1,0,0,차대차 - 측면충돌,안전운전불이행,건조,맑음,단일로 - 지하차도(도로)내,화물,남,38세,상해없음,승용,여,34세,중상
2023052500100432,2023년 5월 25일 17시,목요일,전라북도 완주군 삼례읍,경상사고,0,0,1,0,차대차 - 측면충돌,신호위반,건조,맑음,교차로 - 교차로안,승용,남,20세,상해없음,승용,여,63세,경상
2023052500100469,2023년 5월 25일 18시,목요일,전라북도 군산시 소룡동,경상사고,0,0,1,0,차대차 - 측면충돌,신호위반,건조,맑음,교차로 - 교차로안,승용,여,43세,상해없음,승용,남,57세,경상
2023052500100537,2023년 5월 25일 20시,목요일,전라북도 순창군 순창읍,경상사고,0,0,1,1,차대차 - 추돌,안전운전불이행,건조,맑음,교차로 - 교차로부근,사륜오토바이(ATV),남,85세,부상신고,승용,남,43세,경상
2023052500100600,2023년 5월 25일 22시,목요일,전라북도 군산시 개정면,중상사고,0,1,0,0,차대차 - 추돌,안전운전불이행,건조,맑음,단일로 - 기타,승용,여,46세,상해없음,농기계,남,55세,중상
2023052600100006,2023년 5월 26일 00시,금요일,전라북도 전주시 완산구 삼천동1가,경상사고,0,0,2,0,차대차 - 측면충돌,안전운전불이행,건조,맑음,교차로 - 교차로안,승용,여,56세,기타불명,승용,남,63세,경상
2023052600100066,2023년 5월 26일 07시,금요일,전라북도 정읍시 감곡면,경상사고,0,0,1,0,차대차 - 추돌,안전운전불이행,건조,흐림,기타 - 기타,승용,여,65세,상해없음,원동기,남,71세,경상
2023052600100343,2023년 5월 26일 14시,금요일,전라북도 군산시 경암동,경상사고,0,0,1,0,차대차 - 측면충돌,안전거리미확보,건조,맑음,교차로 - 교차로부근,승용,남,69세,상해없음,화물,남,40세,경상
2023052600100344,2023년 5월 26일 14시,금요일,전라북도 정읍시 장명동,중상사고,0,1,0,0,차대차 - 측면충돌,신호위반,건조,맑음,교차로 - 교차로안,승용,여,68세,상해없음,승용,여,54세,중상
2023052600100383,2023년 5월 26일 15시,금요일,전라북도 군산시 수송동,중상사고,0,1,0,0,차대사람 - 차도통행중,안전운전불이행,건조,맑음,단일로 - 지하차도(도로)내,승용,여,60세,상해없음,보행자,남,7세,중상
2023052600100417,2023년 5월 26일 16시,금요일,전라북도 군산시 조촌동,경상사고,0,0,2,0,차대차 - 측면충돌,직진우회전진행방해,건조,맑음,교차로 - 교차로안,승용,남,72세,상해없음,승용,남,29세,경상
2023052600100418,2023년 5월 26일 16시,금요일,전라북도 남원시 금동,경상사고,0,0,2,0,차대차 - 추돌,안전운전불이행,건조,맑음,단일로 - 기타,화물,남,50세,상해없음,승용,여,73세,경상
2023052600100483,2023년 5월 26일 17시,금요일,전라북도 익산시 창인동1가,중상사고,0,1,0,0,차대사람 - 횡단중,안전운전불이행,건조,맑음,교차로 - 교차로부근,승용,여,49세,상해없음,보행자,여,72세,중상
2023052600100484,2023년 5월 26일 17시,금요일,전라북도 익산시 신흥동,경상사고,0,0,2,0,차대차 - 측면충돌,안전운전불이행,건조,맑음,교차로 - 교차로부근,승용,남,35세,상해없음,승용,남,47세,경상
2023052600100485,2023년 5월 26일 17시,금요일,전라북도 김제시 금산면,중상사고,0,1,0,0,차대차 - 측면충돌,불법유턴,건조,맑음,교차로 - 교차로부근,원동기,여,73세,중상,화물,남,50세,상해없음
2023052600100649,2023년 5월 26일 21시,금요일,전라북도 김제시 요촌동,경상사고,0,0,1,0,차대사람 - 횡단중,보행자보호의무위반,건조,맑음,교차로 - 교차로부근,승용,여,36세,상해없음,보행자,여,37세,경상
2023052600100671,2023년 5월 26일 22시,금요일,전라북도 전주시 완산구 삼천동1가,경상사고,0,0,1,0,차대차 - 후진중충돌,안전운전불이행,건조,맑음,단일로 - 기타,승용,남,58세,상해없음,이륜,남,22세,경상
2023052600100672,2023년 5월 26일 22시,금요일,전라북도 군산시 소룡동,중상사고,0,1,0,0,차대차 - 추돌,안전운전불이행,건조,맑음,교차로 - 교차로안,승용,남,53세,중상,특수,남,47세,상해없음
2023052600100684,2023년 5월 26일 23시,금요일,전라북도 전주시 완산구 중화산동1가,중상사고,0,1,1,0,차대차 - 기타,안전운전불이행,건조,맑음,교차로 - 교차로안,이륜,남,46세,경상,개인형이동수단(PM),남,27세,중상
2023052700100019,2023년 5월 27일 01시,토요일,전라북도 정읍시 장명동,경상사고,0,0,2,0,차대차 - 추돌,안전운전불이행,건조,맑음,교차로 - 교차로부근,승용,남,20세,상해없음,승용,남,67세,경상
2023052700100059,2023년 5월 27일 06시,토요일,전라북도 익산시 낭산면,중상사고,0,1,1,0,차대차 - 측면충돌,신호위반,건조,맑음,교차로 - 교차로안,승용,여,61세,중상,화물,남,63세,경상
2023052700100085,2023년 5월 27일 08시,토요일,전라북도 김제시 순동,경상사고,0,0,1,0,차대차 - 측면충돌,불법유턴,건조,맑음,단일로 - 지하차도(도로)내,승용,남,19세,상해없음,승용,남,56세,경상