사고번호,사고일시,요일,시군구,사고내용,사망자수,중상자수,경상자수,부상신고자수,사고유형,법규위반,노면상태,기상상태,도로형태,가해운전자 차종,가해운전자 성별,가해운전자 연령,가해운전자 상해정도,피해운전자 차종,피해운전자 성별,피해운전자 연령,피해운전자 상해정도
2023052700100135,2023년 5월 27일 10시,토요일,전라북도 정읍시 시기동,경상사고,0,0,1,0,차대사람 - 횡단중,보행자보호의무위반,건조,맑음,교차로 - 교차로횡단보도내,승용,남,61세,상해없음,보행자,여,79세,경상
2023052700100136,2023년 5월 27일 10시,토요일,전라북도 순창군 순창읍,중상사고,0,1,0,0,차대차 - 측면충돌,안전운전불이행,건조,흐림,교차로 - 교차로안,승용,남,53세,상해없음,이륜,남,55세,중상
2023052700100171,2023년 5월 27일 11시,토요일,전라북도 임실군 덕치면,중상사고,0,1,0,0,차대차 - 추돌,안전운전불이행,건조,맑음,단일로 - 기타,승용,남,62세,상해없음,자전거,여,33세,중상
2023052700100260,2023년 5월 27일 13시,토요일,전라북도 익산시 창인동1가,경상사고,0,0,4,0,차대차 - 측면충돌,안전운전불이행,건조,맑음,교차로 - 교차로안,승용,여,59세,상해없음,승용,남,36세,경상
2023052700100290,2023년 5월 27일 14시,토요일,전라북도 김제시 용지면,중상사고,0,1,4,0,차대차 - 측면충돌,직진우회전진행방해,건조,맑음,교차로 - 교차로안,승용,남,33세,상해없음,승용,남,66세,경상
2023052700100330,2023년 5월 27일 15시,토요일,전라북도 전주시 완산구 중화산동2가,중상사고,0,1,0,0,차대차 - 기타,안전거리미확보,건조,맑음,단일로 - 기타,승용,남,72세,상해없음,이륜,남,33세,중상
2023052700100364,2023년 5월 27일 16시,토요일,전라북도 군산시 나운동,부상신고사고,0,0,0,2,차대차 - 후진중충돌,안전운전불이행,건조,맑음,교차로 - 교차로부근,승용,여,48세,상해없음,승용,남,34세,부상신고
2023052700100432,2023년 5월 27일 18시,토요일,전라북도 완주군 구이면,경상사고,0,0,6,0,차대차 - 측면충돌,안전운전불이행,건조,맑음,교차로 - 교차로안,승용,여,30세,경상,승용,남,32세,경상
2023052700100580,2023년 5월 27일 22시,토요일,전라북도 익산시 갈산동,경상사고,0,0,1,0,차대차 - 기타,중앙선침범,건조,맑음,교차로 - 교차로부근,승용,남,67세,상해없음,승용,남,57세,상해없음
2023052700100592,2023년 5월 27일 23시,토요일,전라북도 군산시 대야면,경상사고,0,0,1,0,차대차 - 추돌,안전운전불이행,건조,맑음,단일로 - 기타,승용,남,65세,상해없음,농기계,남,48세,경상
2023052800100080,2023년 5월 28일 08시,일요일,전라북도 무주군 무주읍,경상사고,0,0,1,0,차대차 - 측면충돌,안전운전불이행,젖음/습기,흐림,단일로 - 지하차도(도로)내,화물,남,74세,상해없음,승용,남,59세,경상
2023052800100097,2023년 5월 28일 09시,일요일,전라북도 전주시 완산구 대성동,중상사고,0,1,0,0,차대차 - 측면충돌,안전운전불이행,젖음/습기,비,교차로 - 교차로부근,승용,남,35세,상해없음,자전거,남,81세,중상
2023052800100134,2023년 5월 28일 11시,일요일,전라북도 전주시 완산구 서신동,경상사고,0,0,4,0,차대차 - 측면충돌,신호위반,젖음/습기,비,교차로 - 교차로부근,승용,여,44세,상해없음,승용,여,54세,경상
2023052800100135,2023년 5월 28일 11시,일요일,전라북도 익산시 함열읍,경상사고,0,0,1,0,차대차 - 추돌,안전운전불이행,젖음/습기,비,단일로 - 기타,승용,남,52세,상해없음,승용,남,20세,경상
2023052800100182,2023년 5월 28일 13시,일요일,전라북도 군산시 문화동,중상사고,0,2,0,0,차대차 - 추돌,안전거리미확보,젖음/습기,비,단일로 - 기타,승용,남,42세,상해없음,승용,남,53세,중상
2023052800100183,2023년 5월 28일 13시,일요일,전라북도 군산시 조촌동,경상사고,0,0,2,0,차대차 - 정면충돌,신호위반,젖음/습기,비,교차로 - 교차로안,승용,여,58세,상해없음,승용,남,53세,경상
2023052800100247,2023년 5월 28일 15시,일요일,전라북도 전주시 덕진구 송천동2가,중상사고,0,1,0,0,차대차 - 기타,안전운전불이행,젖음/습기,비,단일로 - 지하차도(도로)내,승용,여,40세,상해없음,이륜,여,59세,중상
2023052800100248,2023년 5월 28일 15시,일요일,전라북도 남원시 동충동,경상사고,0,0,1,0,차대차 - 추돌,안전운전불이행,건조,맑음,단일로 - 기타,이륜,남,48세,경상,승용,여,62세,상해없음
2023052800100377,2023년 5월 28일 20시,일요일,전라북도 전주시 덕진구 송천동2가,중상사고,0,1,0,0,차대사람 - 횡단중,안전운전불이행,젖음/습기,비,교차로 - 교차로횡단보도내,승용,남,60세,상해없음,보행자,남,49세,중상
2023052800100441,2023년 5월 28일 22시,일요일,전라북도 군산시 소룡동,경상사고,0,0,1,0,차대사람 - 횡단중,안전운전불이행,젖음/습기,비,교차로 - 교차로횡단보도내,승용,남,32세,상해없음,보행자,남,60세,경상
2023052800100442,2023년 5월 28일 22시,일요일,전라북도 김제시 신풍동,경상사고,0,0,1,0,차대차 - 후진중충돌,안전운전불이행,젖음/습기,비,교차로 - 교차로안,승용,남,49세,상해없음,승용,남,26세,경상
2023052800100443,2023년 5월 28일 22시,일요일,전라북도 남원시 왕정동,경상사고,0,0,1,0,차대사람 - 기타,안전운전불이행,건조,맑음,교차로 - 교차로부근,승용,남,38세,상해없음,보행자,남,48세,경상
2023052900100066,2023년 5월 29일 07시,월요일,전라북도 전주시 덕진구 금암동,경상사고,0,0,1,0,차대차 - 추돌,안전운전불이행,건조,맑음,교차로 - 교차로부근,승용,남,22세,상해없음,승용,남,55세,경상
2023052900100073,2023년 5월 29일 08시,월요일,전라북도 군산시 산북동,경상사고,0,0,2,0,차대차 - 추돌,안전운전불이행,젖음/습기,비,교차로 - 교차로부근,승용,남,31세,상해없음,승용,남,60세,경상
2023052900100107,2023년 5월 29일 10시,월요일,전라북도 전주시 완산구 삼천동1가,경상사고,0,0,1,0,차대차 - 측면충돌,안전운전불이행,건조,맑음,단일로 - 기타,승용,남,65세,상해없음,승용,남,43세,경상
2023052900100149,2023년 5월 29일 12시,월요일,전라북도 전주시 완산구 중노송동,경상사고,0,0,1,0,차대차 - 정면충돌,신호위반,건조,맑음,교차로 - 교차로안,승용,여,53세,상해없음,승용,남,65세,경상
2023052900100173,2023년 5월 29일 13시,월요일,전라북도 전주시 완산구 효자동3가,경상사고,0,0,2,3,차대차 - 정면충돌,직진우회전진행방해,젖음/습기,맑음,교차로 - 교차로안,승용,여,27세,부상신고,승용,여,46세,경상
2023052900100174,2023년 5월 29일 13시,월요일,전라북도 전주시 완산구 효자동1가,경상사고,0,0,1,0,차대차 - 정면충돌,중앙선침범,젖음/습기,비,단일로 - 기타,승용,여,49세,상해없음,승용,남,56세,경상
2023052900100207,2023년 5월 29일 14시,월요일,전라북도 전주시 덕진구 팔복동3가,경상사고,0,0,5,0,차대차 - 추돌,신호위반,건조,맑음,교차로 - 교차로안,화물,남,67세,상해없음,승용,여,43세,경상
2023052900100208,2023년 5월 29일 14시,월요일,전라북도 완주군 이서면,경상사고,0,0,3,0,차대차 - 기타,기타,젖음/습기,비,교차로 - 교차로안,승용,여,61세,경상,승용,남,57세,경상
2023052900100359,2023년 5월 29일 18시,월요일,전라북도 전주시 완산구 서신동,경상사고,0,0,1,0,차대차 - 측면충돌,신호위반,젖음/습기,흐림,교차로 - 교차로안,승용,남,59세,상해없음,승용,남,31세,경상
2023052900100360,2023년 5월 29일 18시,월요일,전라북도 전주시 완산구 다가동4가,경상사고,0,0,1,0,차대차 - 기타,안전운전불이행,젖음/습기,비,교차로 - 교차로부근,승용,남,65세,상해없음,이륜,남,58세,경상
2023052900100361,2023년 5월 29일 18시,월요일,전라북도 전주시 덕진구 송천동1가,경상사고,0,0,1,0,차대차 - 기타,안전운전불이행,젖음/습기,비,단일로 - 기타,승용,여,23세,상해없음,이륜,남,35세,경상
2023052900100362,2023년 5월 29일 18시,월요일,전라북도 익산시 모현동1가,중상사고,0,1,0,0,차대사람 - 횡단중,보행자보호의무위반,건조,맑음,교차로 - 교차로안,승용,남,18세,상해없음,보행자,남,75세,중상
2023052900100363,2023년 5월 29일 18시,월요일,전라북도 남원시 금지면,중상사고,0,1,0,0,차대사람 - 길가장자리구역통행중,기타,건조,맑음,단일로 - 기타,승합,남,61세,상해없음,보행자,남,4세,중상
2023052900100415,2023년 5월 29일 20시,월요일,전라북도 군산시 조촌동,경상사고,0,0,1,0,차대차 - 추돌,안전운전불이행,건조,맑음,교차로 - 교차로안,승용,남,47세,상해없음,승용,남,18세,경상
2023052900100455,2023년 5월 29일 22시,월요일,전라북도 전주시 완산구 중화산동2가,중상사고,0,1,0,0,차대사람 - 기타,안전운전불이행,젖음/습기,흐림,단일로 - 기타,승용,남,62세,상해없음,보행자,남,52세,중상
2023052900100467,2023년 5월 29일 23시,월요일,전라북도 익산시 여산면,경상사고,0,0,1,0,차대차 - 측면충돌,안전거리미확보,건조,맑음,단일로 - 기타,승용,여,28세,상해없음,승용,여,27세,경상
2023053000100004,2023년 5월 30일 00시,화요일,전라북도 군산시 소룡동,경상사고,0,0,1,0,차대차 - 기타,안전운전불이행,건조,맑음,교차로 - 교차로안,승용,남,24세,상해없음,승용,남,57세,경상
2023053000100005,2023년 5월 30일 00시,화요일,전라북도 완주군 삼례읍,중상사고,0,1,0,0,차대사람 - 기타,안전운전불이행,건조,맑음,교차로 - 교차로안,기타불명,기타불명,미분류,기타불명,보행자,남,58세,중상
2023053000100049,2023년 5월 30일 07시,화요일,전라북도 군산시 성산면,경상사고,0,0,2,0,차대차 - 측면충돌,안전거리미확보,건조,맑음,단일로 - 지하차도(도로)내,승용,여,30세,경상,승용,남,41세,상해없음
2023053000100050,2023년 5월 30일 07시,화요일,전라북도 익산시 모현동1가,중상사고,0,1,1,0,차대차 - 측면충돌,직진우회전진행방해,건조,맑음,교차로 - 교차로안,승용,남,72세,상해없음,승용,여,51세,중상
2023053000100092,2023년 5월 30일 08시,화요일,전라북도 익산시 창인동1가,경상사고,0,0,2,0,차대차 - 정면충돌,신호위반,건조,맑음,교차로 - 교차로안,승용,여,55세,상해없음,승용,남,69세,경상
2023053000100141,2023년 5월 30일 09시,화요일,전라북도 군산시 대명동,경상사고,0,0,1,0,차대차 - 측면충돌,안전운전불이행,건조,맑음,교차로 - 교차로안,승용,남,72세,상해없음,승용,여,65세,경상
2023053000100208,2023년 5월 30일 11시,화요일,전라북도 전주시 완산구 효자동1가,경상사고,0,0,1,0,차대사람 - 기타,안전운전불이행,건조,맑음,단일로 - 기타,승합,남,62세,상해없음,보행자,남,81세,경상
2023053000100209,2023년 5월 30일 11시,화요일,전라북도 군산시 소룡동,부상신고사고,0,0,0,1,차대차 - 측면충돌,안전운전불이행,건조,맑음,교차로 - 교차로안,승용,여,25세,부상신고,승용,남,52세,상해없음
2023053000100249,2023년 5월 30일 12시,화요일,전라북도 전주시 완산구 평화동2가,경상사고,0,0,2,0,차대차 - 측면충돌,차로위반,건조,맑음,교차로 - 교차로부근,승합,남,53세,상해없음,승용,남,29세,경상
2023053000100250,2023년 5월 30일 12시,화요일,전라북도 정읍시 신정동,경상사고,0,0,1,0,차대차 - 기타,중앙선침범,건조,맑음,단일로 - 기타,승용,남,65세,상해없음,승용,남,32세,경상
2023053000100251,2023년 5월 30일 12시,화요일,전라북도 고창군 고창읍,중상사고,0,2,0,0,차대차 - 추돌,교차로운행방법위반,건조,맑음,교차로 - 교차로횡단보도내,승용,남,27세,중상,승용,여,48세,상해없음
2023053000100282,2023년 5월 30일 13시,화요일,전라북도 익산시 낭산면,중상사고,0,1,0,0,차대차 - 추돌,안전운전불이행,건조,맑음,단일로 - 기타,화물,남,67세,상해없음,농기계,남,60세,중상
2023053000100319,2023년 5월 30일 14시,화요일,전라북도 전주시 완산구 평화동1가,중상사고,0,1,0,0,차대사람 - 차도통행중,안전운전불이행,건조,맑음,단일로 - 기타,승용,여,61세,상해없음,보행자,여,62세,중상
2023053000100320,2023년 5월 30일 14시,화요일,전라북도 익산시 오산면,중상사고,0,1,0,0,차대차 - 정면충돌,중앙선침범,건조,맑음,교차로 - 교차로부근,승용,남,24세,상해없음,화물,남,68세,중상
2023053000100321,2023년 5월 30일 14시,화요일,전라북도 정읍시 정우면,중상사고,0,2,0,0,차대차 - 기타,신호위반,건조,맑음,교차로 - 교차로안,화물,남,55세,상해없음,이륜,남,78세,중상
2023053000100356,2023년 5월 30일 15시,화요일,전라북도 완주군 비봉면,경상사고,0,0,2,0,차대차 - 측면충돌,직진우회전진행방해,건조,맑음,교차로 - 교차로안,이륜,남,87세,경상,이륜,남,64세,경상
2023053000100394,2023년 5월 30일 16시,화요일,전라북도 전주시 덕진구 금암동,경상사고,0,0,1,0,차대차 - 측면충돌,중앙선침범,건조,맑음,단일로 - 기타,승용,남,81세,상해없음,승용,여,34세,경상
2023053000100395,2023년 5월 30일 16시,화요일,전라북도 익산시 신용동,경상사고,0,0,2,0,차대차 - 추돌,안전운전불이행,건조,맑음,단일로 - 기타,특수,남,64세,상해없음,승용,여,64세,경상
2023053000100516,2023년 5월 30일 19시,화요일,전라북도 전주시 덕진구 호성동1가,경상사고,0,0,1,0,차대차 - 추돌,안전운전불이행,건조,맑음,교차로 - 교차로부근,승용,남,67세,상해없음,승용,여,51세,경상
2023053000100539,2023년 5월 30일 20시,화요일,전라북도 정읍시 이평면,경상사고,0,0,1,0,차량단독 - 전도전복 - 전도,안전운전불이행,건조,맑음,단일로 - 기타,원동기,남,26세,경상,,,,
2023053000100577,2023년 5월 30일 22시,화요일,전라북도 전주시 완산구 중화산동2가,경상사고,0,0,2,0,차대차 - 정면충돌,신호위반,젖음/습기,비,교차로 - 교차로안,승용,남,62세,상해없음,승용,남,24세,경상
2023053000100578,2023년 5월 30일 22시,화요일,전라북도 전주시 완산구 삼천동2가,중상사고,0,1,1,1,차대차 - 추돌,교차로운행방법위반,건조,맑음,교차로 - 교차로안,승용,남,73세,상해없음,승합,남,61세,경상
2023053000100592,2023년 5월 30일 23시,화요일,전라북도 전주시 완산구 효자동1가,경상사고,0,0,2,1,차대차 - 추돌,안전거리미확보,건조,맑음,교차로 - 교차로부근,승용,남,60세,부상신고,승용,남,29세,경상
2023053000100593,2023년 5월 30일 23시,화요일,전라북도 전주시 완산구 서신동,중상사고,0,1,1,0,차대차 - 정면충돌,신호위반,건조,맑음,교차로 - 교차로횡단보도내,승용,남,62세,상해없음,개인형이동수단(PM),남,29세,중상
2023053100100005,2023년 5월 31일 00시,수요일,전라북도 전주시 덕진구 송천동2가,경상사고,0,0,2,0,차대차 - 추돌,중앙선침범,건조,맑음,단일로 - 기타,승용,남,38세,상해없음,승용,남,39세,경상
2023053100100090,2023년 5월 31일 08시,수요일,전라북도 전주시 덕진구 덕진동1가,경상사고,0,0,1,0,차대차 - 측면충돌,안전운전불이행,건조,맑음,교차로 - 교차로안,승합,남,56세,상해없음,승용,남,23세,경상
2023053100100091,2023년 5월 31일 08시,수요일,전라북도 군산시 구암동,경상사고,0,0,1,0,차대차 - 측면충돌,안전운전불이행,건조,맑음,교차로 - 교차로안,승용,여,58세,상해없음,승용,남,54세,경상
2023053100100127,2023년 5월 31일 09시,수요일,전라북도 남원시 도통동,중상사고,0,1,0,0,차대차 - 측면충돌,안전운전불이행,건조,맑음,교차로 - 교차로안,승용,남,58세,상해없음,자전거,여,70세,중상
2023053100100128,2023년 5월 31일 09시,수요일,전라북도 고창군 고수면,경상사고,0,0,2,0,차대차 - 정면충돌,신호위반,건조,맑음,교차로 - 교차로안,화물,남,39세,상해없음,승용,남,73세,경상
2023053100100160,2023년 5월 31일 10시,수요일,전라북도 전주시 완산구 중노송동,경상사고,0,0,1,0,차대차 - 측면충돌,신호위반,건조,맑음,교차로 - 교차로안,승용,남,24세,상해없음,승용,남,43세,경상
2023053100100247,2023년 5월 31일 13시,수요일,전라북도 전주시 완산구 효자동1가,경상사고,0,0,1,0,차대차 - 측면충돌,신호위반,건조,맑음,교차로 - 교차로안,승용,여,63세,상해없음,승용,여,33세,경상
2023053100100248,2023년 5월 31일 13시,수요일,전라북도 완주군 고산면,사망사고,1,0,0,0,차대사람 - 차도통행중,안전운전불이행,건조,맑음,단일로 - 기타,화물,남,78세,상해없음,보행자,남,75세,사망
2023053100100249,2023년 5월 31일 13시,수요일,전라북도 완주군 화산면,경상사고,0,0,2,0,차대차 - 측면충돌,중앙선침범,건조,맑음,교차로 - 교차로부근,승용,남,51세,상해없음,화물,남,56세,경상
2023053100100290,2023년 5월 31일 14시,수요일,전라북도 전주시 완산구 효자동2가,경상사고,0,0,2,0,차대차 - 측면충돌,안전운전불이행,건조,맑음,교차로 - 교차로안,승용,여,29세,상해없음,승용,남,39세,경상
2023053100100291,2023년 5월 31일 14시,수요일,전라북도 무주군 적상면,경상사고,0,0,1,0,차량단독 - 공작물충돌,안전운전불이행,건조,맑음,단일로 - 지하차도(도로)내,원동기,남,81세,경상,,,,
2023053100100328,2023년 5월 31일 15시,수요일,전라북도 군산시 경장동,경상사고,0,0,2,0,차대차 - 측면충돌,신호위반,건조,맑음,교차로 - 교차로부근,승용,여,50세,상해없음,승용,여,64세,경상
2023053100100329,2023년 5월 31일 15시,수요일,전라북도 고창군 고창읍,경상사고,0,0,1,0,차대차 - 측면충돌,안전운전불이행,건조,맑음,교차로 - 교차로안,승용,남,80세,상해없음,승용,남,37세,경상
2023053100100372,2023년 5월 31일 16시,수요일,전라북도 진안군 안천면,부상신고사고,0,0,0,1,차량단독 - 공작물충돌,안전운전불이행,건조,맑음,단일로 - 기타,승용,남,86세,부상신고,,,,
2023053100100462,2023년 5월 31일 18시,수요일,전라북도 익산시 모현동1가,경상사고,0,0,1,0,차대사람 - 횡단중,안전운전불이행,건조,맑음,교차로 - 교차로부근,승용,남,58세,상해없음,보행자,여,9세,경상
2023053100100463,2023년 5월 31일 18시,수요일,전라북도 남원시 이백면,경상사고,0,0,2,0,차대차 - 정면충돌,중앙선침범,건조,맑음,단일로 - 기타,승용,여,66세,경상,승용,남,46세,경상
2023053100100578,2023년 5월 31일 22시,수요일,전라북도 전주시 덕진구 덕진동1가,경상사고,0,0,3,0,차대차 - 추돌,안전운전불이행,건조,맑음,교차로 - 교차로부근,화물,남,44세,상해없음,승용,남,24세,경상
2023060100100023,2023년 6월 1일 02시,목요일,전라북도 익산시 부송동,중상사고,0,2,1,0,차대차 - 정면충돌,직진우회전진행방해,건조,맑음,교차로 - 교차로안,승용,남,38세,경상,승용,여,25세,중상
2023060100100026,2023년 6월 1일 04시,목요일,전라북도 전주시 완산구 효자동3가,경상사고,0,0,1,0,차대차 - 후진중충돌,안전운전불이행,건조,맑음,주차장 - 주차장,특수,남,26세,상해없음,승용,남,37세,경상
2023060100100053,2023년 6월 1일 07시,목요일,전라북도 전주시 완산구 동서학동,경상사고,0,0,1,0,차대차 - 기타,안전운전불이행,건조,맑음,기타 - 기타,원동기,여,73세,기타불명,승용,남,74세,경상
2023060100100184,2023년 6월 1일 12시,목요일,전라북도 전주시 덕진구 금암동,경상사고,0,0,1,0,차대차 - 후진중충돌,안전운전불이행,건조,맑음,단일로 - 기타,승용,여,42세,상해없음,승용,여,33세,경상
2023060100100282,2023년 6월 1일 15시,목요일,전라북도 전주시 덕진구 금암동,경상사고,0,0,1,0,차대차 - 측면충돌,안전운전불이행,건조,맑음,교차로 - 교차로부근,승용,남,73세,상해없음,승용,남,31세,경상
2023060100100283,2023년 6월 1일 15시,목요일,전라북도 익산시 신동,경상사고,0,0,1,0,차대차 - 측면충돌,중앙선침범,건조,맑음,단일로 - 기타,자전거,남,75세,경상,승용,여,35세,상해없음
2023060100100356,2023년 6월 1일 17시,목요일,전라북도 군산시 금광동,경상사고,0,0,1,0,차대차 - 기타,교차로운행방법위반,건조,맑음,교차로 - 교차로안,승합,여,56세,상해없음,이륜,남,80세,경상
2023060100100357,2023년 6월 1일 17시,목요일,전라북도 남원시 월락동,경상사고,0,0,3,0,차대차 - 기타,안전운전불이행,젖음/습기,맑음,교차로 - 교차로안,승용,여,74세,경상,승용,남,51세,경상
2023060100100358,2023년 6월 1일 17시,목요일,전라북도 부안군 부안읍,중상사고,0,1,0,0,차대차 - 측면충돌,기타,건조,맑음,교차로 - 교차로안,화물,남,50세,상해없음,이륜,남,84세,중상
2023060100100403,2023년 6월 1일 18시,목요일,전라북도 부안군 부안읍,경상사고,0,0,1,0,차대차 - 측면충돌,안전운전불이행,건조,맑음,교차로 - 교차로부근,화물,남,56세,상해없음,승용,남,61세,경상
2023060100100427,2023년 6월 1일 19시,목요일,전라북도 군산시 나운동,경상사고,0,0,1,0,차대차 - 측면충돌,신호위반,건조,맑음,교차로 - 교차로안,승용,여,47세,상해없음,승용,남,32세,경상
2023060100100523,2023년 6월 1일 23시,목요일,전라북도 전주시 완산구 중화산동2가,경상사고,0,0,1,0,차대차 - 추돌,안전거리미확보,건조,맑음,단일로 - 기타,승용,남,19세,상해없음,승용,남,62세,경상
2023060200100048,2023년 6월 2일 06시,금요일,전라북도 전주시 완산구 평화동2가,중상사고,0,1,0,0,차대사람 - 횡단중,안전운전불이행,건조,맑음,교차로 - 교차로안,승용,남,56세,상해없음,보행자,여,76세,중상
2023060200100064,2023년 6월 2일 07시,금요일,전라북도 김제시 용지면,중상사고,0,1,0,0,차대사람 - 차도통행중,안전운전불이행,건조,맑음,교차로 - 교차로안,승용,남,76세,상해없음,보행자,남,60세,중상
2023060200100136,2023년 6월 2일 09시,금요일,전라북도 군산시 문화동,경상사고,0,0,1,0,차대차 - 측면충돌,안전운전불이행,건조,맑음,교차로 - 교차로횡단보도내,승용,여,46세,상해없음,개인형이동수단(PM),남,15세,경상
2023060200100169,2023년 6월 2일 10시,금요일,전라북도 군산시 수송동,경상사고,0,0,1,0,차대차 - 측면충돌,안전운전불이행,건조,맑음,교차로 - 교차로안,승용,남,68세,상해없음,승용,여,56세,경상
2023060200100342,2023년 6월 2일 15시,금요일,전라북도 남원시 산내면,경상사고,0,0,1,0,차대차 - 측면충돌,중앙선침범,건조,맑음,교차로 - 교차로안,사륜오토바이(ATV),남,91세,상해없음,승용,남,49세,상해없음
2023060200100391,2023년 6월 2일 16시,금요일,전라북도 군산시 회현면,중상사고,0,1,0,0,차대차 - 측면충돌,안전운전불이행,건조,맑음,교차로 - 교차로안,승용,남,51세,상해없음,이륜,남,76세,중상
2023060200100392,2023년 6월 2일 16시,금요일,전라북도 남원시 운봉읍,중상사고,0,1,0,0,차대차 - 측면충돌,직진우회전진행방해,건조,맑음,교차로 - 교차로안,화물,남,73세,상해없음,이륜,남,65세,중상
2023060200100448,2023년 6월 2일 17시,금요일,전라북도 익산시 마동,경상사고,0,0,2,0,차대차 - 추돌,안전운전불이행,건조,맑음,교차로 - 교차로부근,승용,여,67세,상해없음,승용,남,33세,경상
2023060200100505,2023년 6월 2일 18시,금요일,전라북도 전주시 완산구 서신동,경상사고,0,0,1,0,차대차 - 추돌,안전운전불이행,건조,맑음,단일로 - 교량,승용,여,26세,상해없음,승용,남,52세,경상
2023060200100506,2023년 6월 2일 18시,금요일,전라북도 정읍시 덕천면,중상사고,0,1,4,0,차대차 - 추돌,안전운전불이행,건조,맑음,단일로 - 기타,승용,여,47세,상해없음,승용,남,75세,경상
2023060200100549,2023년 6월 2일 19시,금요일,전라북도 익산시 부송동,중상사고,0,1,0,0,차대사람 - 횡단중,기타,건조,맑음,단일로 - 기타,승용,여,52세,상해없음,보행자,여,6세,중상
2023060200100585,2023년 6월 2일 20시,금요일,전라북도 익산시 신동,중상사고,0,1,2,0,차대차 - 측면충돌,직진우회전진행방해,건조,맑음,교차로 - 교차로안,승용,남,38세,상해없음,승용,남,67세,경상
2023060200100637,2023년 6월 2일 22시,금요일,전라북도 전주시 덕진구 진북동,중상사고,0,1,0,0,차대사람 - 횡단중,안전운전불이행,건조,맑음,교차로 - 교차로부근,승용,남,59세,상해없음,보행자,여,73세,중상
2023060200100657,2023년 6월 2일 23시,금요일,전라북도 고창군 신림면,중상사고,0,1,0,0,차대사람 - 기타,기타,건조,맑음,기타 - 기타,승용,남,29세,상해없음,보행자,남,63세,중상
2023060300100035,2023년 6월 3일 04시,토요일,전라북도 전주시 완산구 효자동2가,경상사고,0,0,2,0,차대차 - 추돌,기타,건조,맑음,교차로 - 교차로안,승용,남,25세,경상,승용,남,39세,경상
2023060300100039,2023년 6월 3일 05시,토요일,전라북도 익산시 용안면,중상사고,0,1,0,0,차량단독 - 공작물충돌,기타,건조,맑음,단일로 - 기타,승용,남,21세,상해없음,,,,
2023060300100063,2023년 6월 3일 07시,토요일,전라북도 정읍시 수성동,경상사고,0,0,1,0,차대차 - 기타,안전운전불이행,건조,맑음,기타 - 기타,자전거,남,70세,경상,승용,여,38세,기타불명
2023060300100081,2023년 6월 3일 08시,토요일,전라북도 전주시 완산구 효자동1가,중상사고,0,1,0,0,차대사람 - 횡단중,보행자보호의무위반,건조,맑음,단일로 - 기타,이륜,남,20세,상해없음,보행자,여,62세,중상
2023060300100221,2023년 6월 3일 12시,토요일,전라북도 전주시 덕진구 인후동1가,경상사고,0,0,1,0,차대차 - 측면충돌,신호위반,건조,맑음,교차로 - 교차로안,승용,남,53세,상해없음,승용,남,54세,경상
2023060300100258,2023년 6월 3일 13시,토요일,전라북도 남원시 왕정동,경상사고,0,0,2,0,차대차 - 측면충돌,직진우회전진행방해,건조,맑음,교차로 - 교차로안,화물,남,32세,경상,승용,여,37세,경상
2023060300100336,2023년 6월 3일 15시,토요일,전라북도 부안군 보안면,중상사고,0,1,0,0,차대차 - 측면충돌,교차로운행방법위반,건조,맑음,교차로 - 교차로안,승용,남,60세,상해없음,원동기,남,43세,중상
2023060300100400,2023년 6월 3일 17시,토요일,전라북도 군산시 나운동,부상신고사고,0,0,0,1,차대사람 - 횡단중,기타,건조,맑음,기타 - 기타,개인형이동수단(PM),여,16세,상해없음,보행자,남,56세,부상신고
2023060300100401,2023년 6월 3일 17시,토요일,전라북도 익산시 모현동1가,중상사고,0,1,0,0,차대사람 - 횡단중,안전운전불이행,건조,맑음,단일로 - 기타,승용,남,52세,상해없음,보행자,여,72세,중상
2023060300100402,2023년 6월 3일 17시,토요일,전라북도 남원시 사매면,중상사고,0,1,0,0,차대차 - 정면충돌,신호위반,건조,맑음,교차로 - 교차로안,승용,여,39세,상해없음,이륜,남,74세,중상
2023060300100444,2023년 6월 3일 18시,토요일,전라북도 군산시 서수면,중상사고,0,1,0,0,차대차 - 측면충돌,안전거리미확보,건조,맑음,단일로 - 지하차도(도로)내,승용,남,43세,상해없음,승용,남,56세,중상
2023060300100523,2023년 6월 3일 21시,토요일,전라북도 전주시 덕진구 송천동2가,중상사고,0,1,0,0,차대사람 - 횡단중,보행자보호의무위반,건조,맑음,기타 - 기타,개인형이동수단(PM),남,16세,상해없음,보행자,여,24세,중상
2023060300100524,2023년 6월 3일 21시,토요일,전라북도 군산시 나운동,중상사고,0,1,0,0,차대사람 - 차도통행중,안전운전불이행,건조,맑음,교차로 - 교차로부근,승용,남,25세,상해없음,보행자,남,56세,중상
2023060400100006,2023년 6월 4일 00시,일요일,전라북도 군산시 소룡동,중상사고,0,1,0,0,차대사람 - 횡단중,보행자보호의무위반,건조,맑음,교차로 - 교차로횡단보도내,승용,남,49세,상해없음,보행자,여,52세,중상
2023060400100015,2023년 6월 4일 01시,일요일,전라북도 전주시 완산구 서신동,경상사고,0,0,2,0,차대차 - 기타,안전운전불이행,건조,맑음,단일로 - 기타,승용,여,43세,상해없음,승용,남,29세,경상
2023060400100037,2023년 6월 4일 04시,일요일,전라북도 순창군 순창읍,부상신고사고,0,0,0,1,차량단독 - 공작물충돌,안전운전불이행,건조,맑음,단일로 - 기타,승용,남,52세,부상신고,,,,