사고번호,사고일시,요일,시군구,사고내용,사망자수,중상자수,경상자수,부상신고자수,사고유형,법규위반,노면상태,기상상태,도로형태,가해운전자 차종,가해운전자 성별,가해운전자 연령,가해운전자 상해정도,피해운전자 차종,피해운전자 성별,피해운전자 연령,피해운전자 상해정도
2023060400100139,2023년 6월 4일 11시,일요일,전라북도 진안군 진안읍,경상사고,0,0,1,0,차대사람 - 횡단중,보행자보호의무위반,건조,맑음,교차로 - 교차로횡단보도내,승용,남,71세,상해없음,보행자,여,73세,경상
2023060400100165,2023년 6월 4일 12시,일요일,전라북도 전주시 완산구 효자동3가,중상사고,0,1,3,0,차대차 - 정면충돌,신호위반,건조,맑음,교차로 - 교차로안,이륜,남,39세,중상,승용,남,27세,경상
2023060400100202,2023년 6월 4일 13시,일요일,전라북도 군산시 조촌동,경상사고,0,0,4,0,차대차 - 기타,안전거리미확보,건조,맑음,교차로 - 교차로안,승용,남,77세,상해없음,승용,남,40세,경상
2023060400100203,2023년 6월 4일 13시,일요일,전라북도 완주군 봉동읍,경상사고,0,0,5,0,차대차 - 정면충돌,중앙선침범,건조,맑음,단일로 - 기타,화물,여,58세,상해없음,승용,여,61세,경상
2023060400100308,2023년 6월 4일 16시,일요일,전라북도 전주시 완산구 교동,경상사고,0,0,1,0,차대사람 - 기타,안전운전불이행,건조,맑음,단일로 - 기타,이륜,남,55세,기타불명,보행자,여,14세,경상
2023060400100309,2023년 6월 4일 16시,일요일,전라북도 전주시 완산구 효자동3가,경상사고,0,0,1,0,차대차 - 추돌,안전운전불이행,건조,맑음,단일로 - 기타,승용,남,25세,상해없음,승용,여,50세,경상
2023060400100310,2023년 6월 4일 16시,일요일,전라북도 군산시 오식도동,경상사고,0,0,5,0,차대차 - 측면충돌,신호위반,건조,맑음,교차로 - 교차로부근,승용,남,32세,기타불명,승용,남,62세,경상
2023060400100311,2023년 6월 4일 16시,일요일,전라북도 김제시 진봉면,경상사고,0,0,3,0,차량단독 - 공작물충돌,안전운전불이행,건조,맑음,단일로 - 지하차도(도로)내,승용,남,54세,경상,,,,
2023060400100377,2023년 6월 4일 18시,일요일,전라북도 전주시 완산구 중화산동2가,중상사고,0,1,0,0,차대사람 - 기타,기타,건조,맑음,단일로 - 기타,승용,남,71세,상해없음,보행자,남,12세,중상
2023060400100456,2023년 6월 4일 22시,일요일,전라북도 전주시 덕진구 인후동1가,경상사고,0,0,1,0,차대차 - 측면충돌,안전운전불이행,건조,맑음,교차로 - 교차로안,승용,남,61세,상해없음,이륜,남,28세,경상
2023060400100457,2023년 6월 4일 22시,일요일,전라북도 무주군 설천면,경상사고,0,0,1,0,차대차 - 추돌,안전운전불이행,건조,맑음,단일로 - 지하차도(도로)내,승용,남,41세,상해없음,승용,남,42세,기타불명
2023060500100109,2023년 6월 5일 09시,월요일,전라북도 익산시 삼기면,경상사고,0,0,1,0,차대차 - 추돌,안전운전불이행,건조,맑음,단일로 - 기타,화물,남,52세,상해없음,승용,남,59세,경상
2023060500100110,2023년 6월 5일 09시,월요일,전라북도 임실군 덕치면,중상사고,0,1,0,0,차대차 - 측면충돌,교차로운행방법위반,건조,맑음,교차로 - 교차로안,자전거,여,48세,중상,화물,남,66세,상해없음
2023060500100142,2023년 6월 5일 10시,월요일,전라북도 김제시 백구면,경상사고,0,0,5,0,차대차 - 추돌,안전운전불이행,건조,맑음,단일로 - 지하차도(도로)내,승합,남,71세,상해없음,승용,남,31세,경상
2023060500100143,2023년 6월 5일 10시,월요일,전라북도 완주군 봉동읍,경상사고,0,0,1,0,차대차 - 측면충돌,안전거리미확보,건조,맑음,교차로 - 교차로부근,승용,여,46세,상해없음,승용,남,23세,경상
2023060500100219,2023년 6월 5일 12시,월요일,전라북도 전주시 완산구 중노송동,중상사고,0,2,2,0,차대차 - 측면충돌,직진우회전진행방해,건조,맑음,교차로 - 교차로안,승용,남,26세,상해없음,화물,남,53세,중상
2023060500100220,2023년 6월 5일 12시,월요일,전라북도 전주시 완산구 효자동3가,경상사고,0,0,2,0,차대차 - 기타,안전운전불이행,건조,맑음,단일로 - 기타,승용,여,69세,상해없음,승용,남,24세,상해없음
2023060500100256,2023년 6월 5일 13시,월요일,전라북도 익산시 금강동,경상사고,0,0,1,0,차대차 - 측면충돌,안전운전불이행,건조,맑음,교차로 - 교차로안,승용,남,50세,상해없음,승용,남,51세,경상
2023060500100293,2023년 6월 5일 14시,월요일,전라북도 전주시 완산구 중인동,경상사고,0,0,2,0,차대차 - 측면충돌,교차로운행방법위반,건조,맑음,교차로 - 교차로안,승용,남,28세,상해없음,승합,남,41세,경상
2023060500100294,2023년 6월 5일 14시,월요일,전라북도 익산시 신동,경상사고,0,0,4,0,차대차 - 측면충돌,안전운전불이행,건조,맑음,단일로 - 기타,건설기계,남,53세,상해없음,승용,남,51세,경상
2023060500100336,2023년 6월 5일 15시,월요일,전라북도 전주시 덕진구 금암동,경상사고,0,0,1,0,차대차 - 측면충돌,안전운전불이행,건조,맑음,단일로 - 지하차도(도로)내,승용,남,72세,상해없음,승용,여,51세,경상
2023060500100337,2023년 6월 5일 15시,월요일,전라북도 고창군 고창읍,경상사고,0,0,1,0,차대사람 - 차도통행중,보행자보호의무위반,건조,맑음,단일로 - 기타,승용,여,36세,상해없음,보행자,여,61세,경상
2023060500100420,2023년 6월 5일 17시,월요일,전라북도 전주시 완산구 중화산동2가,경상사고,0,0,2,0,차대차 - 측면충돌,신호위반,건조,맑음,교차로 - 교차로안,승용,남,68세,상해없음,화물,남,45세,상해없음
2023060500100465,2023년 6월 5일 18시,월요일,전라북도 전주시 완산구 효자동3가,경상사고,0,0,4,0,차대차 - 기타,교차로운행방법위반,건조,맑음,교차로 - 교차로안,승용,남,41세,경상,화물,남,42세,경상
2023060500100466,2023년 6월 5일 18시,월요일,전라북도 전주시 완산구 평화동2가,경상사고,0,0,2,0,차대사람 - 횡단중,보행자보호의무위반,건조,맑음,교차로 - 교차로부근,승용,남,26세,상해없음,보행자,여,41세,경상
2023060500100467,2023년 6월 5일 18시,월요일,전라북도 전주시 덕진구 금암동,경상사고,0,0,1,0,차대사람 - 기타,안전운전불이행,건조,맑음,교차로 - 교차로부근,승합,남,43세,상해없음,보행자,남,34세,경상
2023060500100468,2023년 6월 5일 18시,월요일,전라북도 전주시 덕진구 금암동,경상사고,0,0,1,0,차대사람 - 횡단중,안전운전불이행,건조,맑음,교차로 - 교차로부근,개인형이동수단(PM),남,18세,상해없음,보행자,남,26세,경상
2023060500100469,2023년 6월 5일 18시,월요일,전라북도 남원시 아영면,중상사고,0,1,0,0,차대사람 - 기타,안전운전불이행,건조,맑음,단일로 - 기타,승용,남,45세,상해없음,보행자,여,80세,중상
2023060500100513,2023년 6월 5일 19시,월요일,전라북도 전주시 덕진구 금암동,경상사고,0,0,1,0,차대사람 - 횡단중,보행자보호의무위반,건조,맑음,교차로 - 교차로횡단보도내,승용,남,68세,상해없음,보행자,남,28세,경상
2023060500100514,2023년 6월 5일 19시,월요일,전라북도 무주군 무주읍,경상사고,0,0,1,0,차대차 - 측면충돌,안전거리미확보,건조,맑음,단일로 - 지하차도(도로)내,승용,남,31세,상해없음,승용,남,36세,경상
2023060500100536,2023년 6월 5일 20시,월요일,전라북도 순창군 복흥면,중상사고,0,1,0,0,차대차 - 추돌,안전운전불이행,건조,맑음,단일로 - 기타,화물,남,50세,상해없음,농기계,남,56세,중상
2023060500100602,2023년 6월 5일 22시,월요일,전라북도 전주시 완산구 중화산동2가,중상사고,0,1,1,0,차대차 - 기타,교차로운행방법위반,건조,맑음,교차로 - 교차로안,승용,남,30세,경상,개인형이동수단(PM),남,57세,중상
2023060500100603,2023년 6월 5일 22시,월요일,전라북도 익산시 신동,경상사고,0,0,1,0,차대차 - 측면충돌,교차로운행방법위반,건조,맑음,교차로 - 교차로안,승용,여,61세,상해없음,승용,남,23세,경상
2023060600100020,2023년 6월 6일 02시,화요일,전라북도 군산시 소룡동,경상사고,0,0,1,0,차대차 - 측면충돌,신호위반,건조,맑음,교차로 - 교차로안,승용,남,44세,상해없음,화물,남,70세,경상
2023060600100064,2023년 6월 6일 07시,화요일,전라북도 전주시 덕진구 덕진동1가,경상사고,0,0,1,0,차대차 - 정면충돌,중앙선침범,건조,맑음,단일로 - 기타,승용,여,27세,상해없음,승용,남,23세,경상
2023060600100116,2023년 6월 6일 10시,화요일,전라북도 군산시 옥산면,경상사고,0,0,3,0,차대차 - 추돌,안전운전불이행,건조,맑음,교차로 - 교차로안,화물,여,70세,상해없음,승용,여,66세,경상
2023060600100117,2023년 6월 6일 10시,화요일,전라북도 임실군 운암면,중상사고,0,1,0,0,차대차 - 기타,안전운전불이행,건조,맑음,기타 - 기타,승용,남,42세,기타불명,자전거,남,43세,중상
2023060600100152,2023년 6월 6일 11시,화요일,전라북도 전주시 완산구 중화산동2가,경상사고,0,0,1,0,차대차 - 추돌,안전거리미확보,건조,맑음,단일로 - 기타,승용,남,52세,상해없음,승용,남,27세,경상
2023060600100153,2023년 6월 6일 11시,화요일,전라북도 군산시 수송동,경상사고,0,0,1,0,차대차 - 기타,교차로운행방법위반,건조,맑음,교차로 - 교차로안,승용,남,37세,상해없음,이륜,남,39세,경상
2023060600100214,2023년 6월 6일 13시,화요일,전라북도 전주시 완산구 평화동1가,경상사고,0,0,2,0,차대차 - 추돌,안전운전불이행,건조,맑음,교차로 - 교차로부근,승용,남,46세,기타불명,승용,남,47세,경상
2023060600100245,2023년 6월 6일 14시,화요일,전라북도 전주시 덕진구 송천동2가,경상사고,0,0,2,0,차대차 - 추돌,안전운전불이행,건조,맑음,교차로 - 교차로부근,승용,여,67세,상해없음,승용,남,70세,경상
2023060600100304,2023년 6월 6일 16시,화요일,전라북도 순창군 순창읍,경상사고,0,0,1,0,차대차 - 후진중충돌,안전운전불이행,건조,맑음,교차로 - 교차로부근,화물,남,52세,상해없음,승용,남,50세,경상
2023060600100383,2023년 6월 6일 18시,화요일,전라북도 부안군 부안읍,중상사고,0,1,0,0,차대차 - 측면충돌,교차로운행방법위반,건조,맑음,교차로 - 교차로안,승용,남,37세,상해없음,원동기,남,76세,중상
2023060600100413,2023년 6월 6일 19시,화요일,전라북도 전주시 완산구 동서학동,중상사고,0,1,0,0,차대차 - 측면충돌,안전운전불이행,건조,맑음,교차로 - 교차로부근,화물,남,69세,상해없음,이륜,남,49세,중상
2023060700100033,2023년 6월 7일 06시,수요일,전라북도 전주시 덕진구 덕진동1가,경상사고,0,0,1,0,차대차 - 측면충돌,신호위반,건조,맑음,교차로 - 교차로안,화물,남,56세,상해없음,승합,남,71세,경상
2023060700100054,2023년 6월 7일 07시,수요일,전라북도 전주시 덕진구 금암동,경상사고,0,0,1,0,차대차 - 측면충돌,안전운전불이행,건조,맑음,교차로 - 교차로부근,승용,여,70세,상해없음,승용,여,25세,경상
2023060700100089,2023년 6월 7일 08시,수요일,전라북도 김제시 검산동,중상사고,0,1,0,0,차대차 - 측면충돌,직진우회전진행방해,건조,맑음,교차로 - 교차로안,승용,남,74세,상해없음,자전거,남,36세,중상
2023060700100135,2023년 6월 7일 09시,수요일,전라북도 남원시 노암동,중상사고,0,1,0,0,차대차 - 추돌,안전운전불이행,건조,맑음,단일로 - 기타,승용,남,74세,상해없음,이륜,여,66세,중상
2023060700100136,2023년 6월 7일 09시,수요일,전라북도 완주군 화산면,경상사고,0,0,1,0,차대차 - 측면충돌,안전운전불이행,건조,맑음,단일로 - 기타,이륜,남,58세,경상,승용,남,74세,상해없음
2023060700100241,2023년 6월 7일 12시,수요일,전라북도 남원시 대강면,경상사고,0,0,1,0,차량단독 - 전도전복 - 전도,안전운전불이행,건조,맑음,단일로 - 기타,원동기,남,85세,경상,,,,
2023060700100242,2023년 6월 7일 12시,수요일,전라북도 순창군 쌍치면,중상사고,0,1,1,0,차대차 - 측면충돌,중앙선침범,건조,맑음,단일로 - 기타,승용,남,18세,경상,승용,여,69세,중상
2023060700100243,2023년 6월 7일 12시,수요일,전라북도 완주군 봉동읍,경상사고,0,0,2,1,차대차 - 측면충돌,안전운전불이행,건조,맑음,단일로 - 기타,승용,남,26세,부상신고,승용,여,61세,경상
2023060700100305,2023년 6월 7일 14시,수요일,전라북도 전주시 완산구 효자동3가,경상사고,0,0,2,0,차대차 - 정면충돌,신호위반,건조,맑음,교차로 - 교차로안,승용,여,63세,경상,승용,남,45세,경상
2023060700100343,2023년 6월 7일 15시,수요일,전라북도 군산시 옥산면,경상사고,0,0,2,0,차대차 - 측면충돌,안전운전불이행,건조,맑음,단일로 - 지하차도(도로)내,화물,남,47세,상해없음,승용,여,25세,경상
2023060700100344,2023년 6월 7일 15시,수요일,전라북도 무주군 부남면,경상사고,0,0,1,0,차대차 - 측면충돌,안전운전불이행,건조,맑음,단일로 - 지하차도(도로)내,건설기계,남,58세,상해없음,승용,여,57세,경상
2023060700100436,2023년 6월 7일 17시,수요일,전라북도 남원시 동충동,경상사고,0,0,1,0,차대사람 - 횡단중,안전운전불이행,건조,맑음,단일로 - 기타,이륜,여,34세,상해없음,보행자,남,73세,경상
2023060700100437,2023년 6월 7일 17시,수요일,전라북도 순창군 순창읍,경상사고,0,0,1,0,차대차 - 추돌,안전운전불이행,건조,맑음,단일로 - 기타,승용,남,52세,경상,승용,여,53세,기타불명
2023060700100541,2023년 6월 7일 20시,수요일,전라북도 전주시 완산구 효자동3가,중상사고,0,1,1,0,차대사람 - 횡단중,보행자보호의무위반,건조,맑음,교차로 - 교차로횡단보도내,승용,여,55세,상해없음,보행자,여,56세,중상
2023060700100542,2023년 6월 7일 20시,수요일,전라북도 전주시 덕진구 송천동1가,경상사고,0,0,1,0,차대차 - 추돌,안전운전불이행,건조,맑음,교차로 - 교차로안,화물,남,59세,상해없음,이륜,남,46세,경상
2023060700100543,2023년 6월 7일 20시,수요일,전라북도 정읍시 시기동,부상신고사고,0,0,0,1,차대차 - 기타,교차로운행방법위반,건조,맑음,교차로 - 교차로안,이륜,남,49세,상해없음,자전거,남,28세,부상신고
2023060700100591,2023년 6월 7일 22시,수요일,전라북도 전주시 덕진구 송천동2가,경상사고,0,0,1,0,차대차 - 추돌,안전운전불이행,건조,맑음,교차로 - 교차로안,화물,남,55세,상해없음,승용,남,37세,경상
2023060800100104,2023년 6월 8일 08시,목요일,전라북도 전주시 덕진구 금암동,중상사고,0,1,0,0,차대사람 - 횡단중,기타,건조,맑음,단일로 - 기타,승용,남,29세,상해없음,보행자,남,81세,중상
2023060800100105,2023년 6월 8일 08시,목요일,전라북도 군산시 나운동,경상사고,0,0,2,0,차대차 - 측면충돌,안전운전불이행,건조,맑음,교차로 - 교차로안,승용,남,28세,상해없음,승용,남,48세,경상
2023060800100106,2023년 6월 8일 08시,목요일,전라북도 부안군 주산면,경상사고,0,0,1,0,차대차 - 측면충돌,안전운전불이행,건조,맑음,단일로 - 기타,건설기계,남,42세,상해없음,승용,남,80세,경상
2023060800100203,2023년 6월 8일 11시,목요일,전라북도 군산시 사정동,경상사고,0,0,1,0,차대차 - 측면충돌,안전운전불이행,건조,맑음,교차로 - 교차로안,승용,남,69세,상해없음,이륜,남,72세,경상
2023060800100204,2023년 6월 8일 11시,목요일,전라북도 군산시 장재동,경상사고,0,0,1,0,차대차 - 측면충돌,안전운전불이행,건조,맑음,단일로 - 기타,화물,남,75세,상해없음,승용,여,46세,경상
2023060800100205,2023년 6월 8일 11시,목요일,전라북도 임실군 관촌면,중상사고,0,1,2,0,차대차 - 추돌,안전운전불이행,건조,맑음,교차로 - 교차로부근,승용,남,62세,상해없음,승용,여,50세,중상
2023060800100206,2023년 6월 8일 11시,목요일,전라북도 장수군 계북면,경상사고,0,0,1,0,차대차 - 측면충돌,교차로운행방법위반,건조,맑음,교차로 - 교차로안,화물,남,60세,상해없음,승용,남,51세,경상
2023060800100255,2023년 6월 8일 13시,목요일,전라북도 전주시 덕진구 우아동2가,경상사고,0,0,2,0,차대차 - 후진중충돌,안전운전불이행,건조,맑음,단일로 - 기타,승용,여,55세,상해없음,승용,남,31세,경상
2023060800100256,2023년 6월 8일 13시,목요일,전라북도 남원시 아영면,경상사고,0,0,2,0,차대차 - 측면충돌,기타,건조,맑음,교차로 - 교차로안,승용,여,58세,상해없음,이륜,남,63세,경상
2023060800100287,2023년 6월 8일 14시,목요일,전라북도 고창군 성내면,경상사고,0,0,1,0,차대차 - 측면충돌,교차로운행방법위반,건조,맑음,교차로 - 교차로안,승용,여,54세,상해없음,승용,남,34세,경상
2023060800100315,2023년 6월 8일 15시,목요일,전라북도 전주시 완산구 효자동1가,경상사고,0,0,1,0,차대차 - 측면충돌,안전운전불이행,건조,맑음,교차로 - 교차로횡단보도내,승용,남,66세,상해없음,자전거,남,46세,경상
2023060800100316,2023년 6월 8일 15시,목요일,전라북도 전주시 덕진구 금암동,경상사고,0,0,1,0,차대차 - 추돌,안전운전불이행,건조,맑음,단일로 - 기타,승용,남,65세,상해없음,승합,남,57세,경상
2023060800100317,2023년 6월 8일 15시,목요일,전라북도 남원시 도통동,경상사고,0,0,1,0,차대차 - 추돌,안전운전불이행,건조,맑음,교차로 - 교차로부근,승용,남,69세,경상,승용,남,73세,상해없음
2023060800100349,2023년 6월 8일 16시,목요일,전라북도 군산시 신영동,중상사고,0,1,0,0,차대사람 - 기타,안전운전불이행,건조,맑음,단일로 - 기타,화물,남,54세,상해없음,보행자,여,80세,중상
2023060800100387,2023년 6월 8일 17시,목요일,전라북도 군산시 조촌동,경상사고,0,0,5,0,차대차 - 측면충돌,안전운전불이행,건조,맑음,교차로 - 교차로안,승용,남,76세,경상,승용,여,50세,경상
2023060800100524,2023년 6월 8일 21시,목요일,전라북도 고창군 고창읍,경상사고,0,0,1,0,차대차 - 측면충돌,교차로운행방법위반,건조,맑음,교차로 - 교차로안,승용,남,23세,상해없음,승합,남,57세,경상
2023060800100548,2023년 6월 8일 22시,목요일,전라북도 익산시 오산면,경상사고,0,0,1,0,차대차 - 측면충돌,직진우회전진행방해,건조,맑음,교차로 - 교차로안,승용,여,26세,상해없음,승용,남,59세,경상
2023060900100049,2023년 6월 9일 06시,금요일,전라북도 김제시 입석동,중상사고,0,1,0,0,차대차 - 정면충돌,중앙선침범,건조,맑음,단일로 - 기타,이륜,여,70세,중상,화물,남,24세,상해없음
2023060900100064,2023년 6월 9일 07시,금요일,전라북도 군산시 옥구읍,경상사고,0,0,1,0,차대차 - 측면충돌,신호위반,건조,맑음,교차로 - 교차로안,승용,여,21세,상해없음,승용,남,22세,경상
2023060900100092,2023년 6월 9일 08시,금요일,전라북도 군산시 조촌동,경상사고,0,0,1,0,차대차 - 추돌,안전운전불이행,건조,맑음,교차로 - 교차로부근,승용,여,43세,상해없음,승용,남,45세,경상
2023060900100133,2023년 6월 9일 09시,금요일,전라북도 전주시 덕진구 금암동,경상사고,0,0,1,0,차대차 - 추돌,안전거리미확보,건조,맑음,단일로 - 기타,승용,여,50세,상해없음,승용,남,24세,경상
2023060900100134,2023년 6월 9일 09시,금요일,전라북도 부안군 동진면,경상사고,0,0,1,0,차대차 - 기타,안전운전불이행,건조,맑음,단일로 - 기타,화물,남,54세,상해없음,승용,남,33세,경상
2023060900100205,2023년 6월 9일 11시,금요일,전라북도 전주시 완산구 삼천동1가,중상사고,0,1,0,0,차대사람 - 차도통행중,안전운전불이행,건조,맑음,기타 - 기타,승용,남,65세,상해없음,보행자,남,71세,중상
2023060900100206,2023년 6월 9일 11시,금요일,전라북도 군산시 소룡동,경상사고,0,0,1,0,차대차 - 측면충돌,안전거리미확보,건조,맑음,교차로 - 교차로부근,승용,여,59세,상해없음,승용,여,27세,경상
2023060900100207,2023년 6월 9일 11시,금요일,전라북도 무주군 무주읍,중상사고,0,1,0,0,차대사람 - 횡단중,안전운전불이행,건조,맑음,단일로 - 지하차도(도로)내,승합,남,81세,상해없음,보행자,남,74세,중상
2023060900100248,2023년 6월 9일 12시,금요일,전라북도 전주시 완산구 전동,중상사고,0,1,0,0,차대차 - 기타,안전운전불이행,건조,맑음,기타 - 기타,승용,여,32세,상해없음,자전거,남,41세,중상
2023060900100302,2023년 6월 9일 14시,금요일,전라북도 익산시 신흥동,경상사고,0,0,3,0,차대차 - 측면충돌,교차로운행방법위반,건조,맑음,교차로 - 교차로안,화물,남,54세,상해없음,승용,여,64세,상해없음
2023060900100303,2023년 6월 9일 14시,금요일,전라북도 완주군 봉동읍,경상사고,0,0,1,0,차대차 - 기타,안전거리미확보,건조,맑음,기타 - 기타,승용,남,51세,상해없음,승용,남,41세,경상
2023060900100333,2023년 6월 9일 15시,금요일,전라북도 전주시 완산구 효자동3가,경상사고,0,0,2,0,차대차 - 후진중충돌,안전운전불이행,건조,맑음,기타 - 기타,승용,남,80세,상해없음,승용,남,22세,경상
2023060900100334,2023년 6월 9일 15시,금요일,전라북도 군산시 대명동,부상신고사고,0,0,0,1,차대차 - 후진중충돌,안전운전불이행,건조,맑음,기타 - 기타,승용,남,66세,상해없음,승용,남,45세,부상신고
2023060900100389,2023년 6월 9일 16시,금요일,전라북도 정읍시 연지동,중상사고,0,1,0,0,차대사람 - 횡단중,보행자보호의무위반,건조,맑음,단일로 - 기타,화물,남,39세,상해없음,보행자,여,14세,중상
2023060900100390,2023년 6월 9일 16시,금요일,전라북도 고창군 고수면,경상사고,0,0,1,0,차대차 - 측면충돌,교차로운행방법위반,건조,맑음,교차로 - 교차로안,승용,여,62세,상해없음,승용,여,65세,경상
2023060900100505,2023년 6월 9일 18시,금요일,전라북도 군산시 나운동,경상사고,0,0,1,0,차대차 - 측면충돌,안전운전불이행,건조,맑음,단일로 - 기타,승용,남,37세,기타불명,이륜,남,16세,경상
2023060900100506,2023년 6월 9일 18시,금요일,전라북도 김제시 백구면,경상사고,0,0,2,0,차대차 - 측면충돌,직진우회전진행방해,건조,맑음,교차로 - 교차로안,화물,남,48세,상해없음,승용,여,27세,경상
2023060900100576,2023년 6월 9일 20시,금요일,전라북도 군산시 수송동,경상사고,0,0,1,0,차대차 - 추돌,안전운전불이행,건조,맑음,교차로 - 교차로안,승용,남,20세,상해없음,승용,남,31세,경상
2023060900100644,2023년 6월 9일 23시,금요일,전라북도 전주시 완산구 효자동1가,경상사고,0,0,1,0,차대사람 - 횡단중,신호위반,건조,맑음,교차로 - 교차로횡단보도내,승용,남,70세,상해없음,보행자,남,32세,경상
2023061000100012,2023년 6월 10일 00시,토요일,전라북도 전주시 완산구 평화동1가,경상사고,0,0,1,0,차대차 - 추돌,안전운전불이행,건조,맑음,단일로 - 기타,승용,남,74세,상해없음,승용,남,52세,상해없음
2023061000100200,2023년 6월 10일 12시,토요일,전라북도 전주시 완산구 평화동2가,경상사고,0,0,2,0,차대차 - 후진중충돌,안전운전불이행,건조,맑음,교차로 - 교차로부근,승용,남,65세,상해없음,승용,남,29세,경상
2023061000100201,2023년 6월 10일 12시,토요일,전라북도 정읍시 공평동,경상사고,0,0,5,0,차대차 - 기타,교차로운행방법위반,건조,맑음,교차로 - 교차로안,승용,남,51세,상해없음,승용,남,36세,경상
2023061000100276,2023년 6월 10일 14시,토요일,전라북도 익산시 목천동,경상사고,0,0,3,0,차대차 - 측면충돌,안전운전불이행,건조,맑음,기타 - 기타,승용,여,27세,경상,승용,여,46세,경상
2023061000100380,2023년 6월 10일 17시,토요일,전라북도 전주시 완산구 서신동,중상사고,0,2,16,0,차대차 - 추돌,안전거리미확보,건조,맑음,단일로 - 기타,승합,남,53세,상해없음,승합,남,58세,상해없음
2023061000100410,2023년 6월 10일 18시,토요일,전라북도 전주시 덕진구 송천동2가,경상사고,0,0,1,0,차대차 - 측면충돌,안전운전불이행,건조,맑음,교차로 - 교차로안,승용,남,20세,상해없음,원동기,남,40세,경상
2023061000100440,2023년 6월 10일 19시,토요일,전라북도 군산시 수송동,경상사고,0,0,3,0,차대차 - 측면충돌,신호위반,건조,맑음,교차로 - 교차로안,승합,남,67세,경상,승용,남,26세,경상
2023061000100487,2023년 6월 10일 21시,토요일,전라북도 무주군 무풍면,경상사고,0,0,1,0,차량단독 - 전도전복 - 전도,안전운전불이행,건조,맑음,단일로 - 지하차도(도로)내,이륜,남,54세,경상,,,,
2023061000100534,2023년 6월 10일 23시,토요일,전라북도 익산시 영등동,경상사고,0,0,2,0,차대차 - 추돌,안전운전불이행,건조,맑음,교차로 - 교차로부근,승용,여,29세,상해없음,승용,남,48세,경상
2023061100100005,2023년 6월 11일 00시,일요일,전라북도 전주시 덕진구 덕진동2가,중상사고,0,1,3,0,차대차 - 추돌,신호위반,건조,맑음,교차로 - 교차로안,승용,여,27세,상해없음,승용,남,27세,경상
2023061100100006,2023년 6월 11일 00시,일요일,전라북도 군산시 나운동,중상사고,0,1,0,0,차대차 - 추돌,안전운전불이행,건조,맑음,단일로 - 기타,이륜,남,24세,상해없음,개인형이동수단(PM),남,14세,중상
2023061100100105,2023년 6월 11일 10시,일요일,전라북도 전주시 덕진구 덕진동1가,경상사고,0,0,2,0,차대차 - 측면충돌,안전운전불이행,건조,맑음,교차로 - 교차로부근,승용,남,67세,상해없음,승용,남,22세,경상
2023061100100106,2023년 6월 11일 10시,일요일,전라북도 전주시 덕진구 우아동1가,경상사고,0,0,1,0,차대차 - 후진중충돌,안전운전불이행,건조,맑음,교차로 - 교차로안,승용,여,52세,상해없음,승용,남,51세,경상
2023061100100126,2023년 6월 11일 11시,일요일,전라북도 군산시 경장동,경상사고,0,0,1,0,차대차 - 측면충돌,신호위반,건조,맑음,교차로 - 교차로안,승용,남,18세,상해없음,승용,남,33세,경상
2023061100100155,2023년 6월 11일 12시,일요일,전라북도 정읍시 북면,경상사고,0,0,2,0,차대차 - 추돌,신호위반,건조,맑음,단일로 - 기타,승용,여,66세,경상,승용,남,25세,경상
2023061100100156,2023년 6월 11일 12시,일요일,전라북도 김제시 검산동,경상사고,0,0,1,0,차대차 - 측면충돌,안전운전불이행,건조,맑음,교차로 - 교차로안,승용,남,56세,상해없음,승용,남,26세,경상
2023061100100247,2023년 6월 11일 15시,일요일,전라북도 군산시 경암동,부상신고사고,0,0,0,1,차대사람 - 횡단중,안전운전불이행,건조,맑음,단일로 - 지하차도(도로)내,승용,여,67세,상해없음,보행자,남,7세,부상신고
2023061100100248,2023년 6월 11일 15시,일요일,전라북도 익산시 영등동,경상사고,0,0,4,0,차대차 - 측면충돌,안전운전불이행,건조,맑음,단일로 - 기타,화물,남,58세,상해없음,승용,여,26세,경상
2023061100100336,2023년 6월 11일 18시,일요일,전라북도 고창군 고창읍,경상사고,0,0,4,0,차대차 - 측면충돌,안전거리미확보,건조,맑음,단일로 - 기타,승용,여,67세,상해없음,승용,남,38세,경상
2023061100100356,2023년 6월 11일 19시,일요일,전라북도 정읍시 칠보면,경상사고,0,0,1,0,차대차 - 기타,중앙선침범,건조,맑음,단일로 - 기타,이륜,남,74세,경상,화물,남,55세,상해없음
2023061100100382,2023년 6월 11일 20시,일요일,전라북도 전주시 완산구 서서학동,경상사고,0,0,1,0,차대차 - 정면충돌,신호위반,건조,맑음,단일로 - 기타,승용,남,73세,상해없음,승용,남,23세,경상
2023061100100383,2023년 6월 11일 20시,일요일,전라북도 완주군 상관면,경상사고,0,0,5,0,차대차 - 추돌,차로위반,건조,맑음,단일로 - 터널,승용,남,61세,상해없음,승용,여,58세,경상
2023061100100414,2023년 6월 11일 22시,일요일,전라북도 전주시 완산구 서신동,경상사고,0,0,1,0,차대차 - 측면충돌,안전운전불이행,건조,맑음,단일로 - 기타,승용,남,26세,상해없음,이륜,남,57세,경상
2023061200100015,2023년 6월 12일 03시,월요일,전라북도 전주시 덕진구 덕진동1가,경상사고,0,0,1,0,차대차 - 측면충돌,신호위반,건조,맑음,기타 - 기타,이륜,남,49세,상해없음,승용,남,25세,경상
2023061200100019,2023년 6월 12일 04시,월요일,전라북도 군산시 나운동,경상사고,0,0,1,0,차대차 - 측면충돌,신호위반,건조,맑음,교차로 - 교차로안,승용,남,68세,상해없음,승용,남,22세,경상