사고번호,사고일시,요일,시군구,사고내용,사망자수,중상자수,경상자수,부상신고자수,사고유형,법규위반,노면상태,기상상태,도로형태,가해운전자 차종,가해운전자 성별,가해운전자 연령,가해운전자 상해정도,피해운전자 차종,피해운전자 성별,피해운전자 연령,피해운전자 상해정도
2023070300100423,2023년 7월 3일 17시,월요일,전라북도 군산시 대명동,부상신고사고,0,0,0,1,차대사람 - 기타,기타,건조,맑음,기타 - 기타,자전거,남,67세,상해없음,보행자,여,49세,부상신고
2023070300100424,2023년 7월 3일 17시,월요일,전라북도 익산시 영등동,경상사고,0,0,1,0,차대사람 - 차도통행중,안전운전불이행,건조,맑음,단일로 - 기타,승용,남,58세,상해없음,보행자,여,72세,경상
2023070300100425,2023년 7월 3일 17시,월요일,전라북도 정읍시 시기동,중상사고,0,1,0,0,차대차 - 기타,불법유턴,건조,맑음,단일로 - 기타,화물,남,37세,상해없음,원동기,남,27세,중상
2023070300100426,2023년 7월 3일 17시,월요일,전라북도 김제시 검산동,경상사고,0,0,1,0,차대사람 - 차도통행중,안전운전불이행,건조,맑음,교차로 - 교차로부근,승용,여,68세,상해없음,보행자,남,37세,경상
2023070300100427,2023년 7월 3일 17시,월요일,전라북도 완주군 삼례읍,중상사고,0,3,0,0,차대차 - 측면충돌,기타,건조,흐림,교차로 - 교차로안,승용,남,47세,상해없음,화물,남,69세,중상
2023070300100466,2023년 7월 3일 18시,월요일,전라북도 익산시 어양동,경상사고,0,0,2,0,차대차 - 추돌,안전운전불이행,건조,맑음,단일로 - 기타,승용,여,26세,상해없음,승용,여,45세,경상
2023070300100494,2023년 7월 3일 19시,월요일,전라북도 전주시 완산구 삼천동1가,경상사고,0,0,1,0,차대차 - 측면충돌,신호위반,건조,맑음,교차로 - 교차로안,승용,남,70세,상해없음,승용,여,29세,경상
2023070300100495,2023년 7월 3일 19시,월요일,전라북도 전주시 완산구 삼천동2가,경상사고,0,0,1,0,차대차 - 추돌,안전운전불이행,건조,맑음,교차로 - 교차로부근,기타불명,기타불명,미분류,기타불명,승용,여,49세,경상
2023070300100516,2023년 7월 3일 20시,월요일,전라북도 군산시 옥산면,경상사고,0,0,4,0,차대차 - 추돌,안전거리미확보,건조,맑음,단일로 - 기타,승용,여,44세,상해없음,승용,여,69세,경상
2023070300100553,2023년 7월 3일 22시,월요일,전라북도 전주시 완산구 효자동1가,경상사고,0,0,2,0,차대차 - 정면충돌,안전운전불이행,건조,맑음,교차로 - 교차로안,승용,여,49세,상해없음,승용,여,48세,경상
2023070300100554,2023년 7월 3일 22시,월요일,전라북도 고창군 고수면,경상사고,0,0,2,0,차대차 - 측면충돌,신호위반,건조,맑음,기타 - 기타,승용,남,61세,상해없음,승용,남,52세,경상
2023070300100566,2023년 7월 3일 23시,월요일,전라북도 전주시 완산구 중화산동2가,경상사고,0,0,3,0,차대차 - 정면충돌,신호위반,건조,맑음,교차로 - 교차로안,승용,여,53세,상해없음,승용,여,28세,경상
2023070400100039,2023년 7월 4일 04시,화요일,전라북도 전주시 완산구 효자동2가,경상사고,0,0,1,0,차대차 - 측면충돌,신호위반,건조,흐림,교차로 - 교차로안,승용,남,39세,상해없음,승용,남,53세,경상
2023070400100046,2023년 7월 4일 05시,화요일,전라북도 완주군 삼례읍,경상사고,0,0,1,0,차대차 - 측면충돌,신호위반,건조,흐림,교차로 - 교차로안,승용,남,44세,상해없음,화물,남,68세,경상
2023070400100082,2023년 7월 4일 07시,화요일,전라북도 익산시 동산동,경상사고,0,0,1,0,차대차 - 측면충돌,직진우회전진행방해,젖음/습기,흐림,교차로 - 교차로안,승용,남,50세,상해없음,승용,여,58세,경상
2023070400100083,2023년 7월 4일 07시,화요일,전라북도 완주군 운주면,경상사고,0,0,1,0,차대차 - 측면충돌,중앙선침범,젖음/습기,비,교차로 - 교차로안,승용,여,67세,상해없음,승용,여,52세,경상
2023070400100114,2023년 7월 4일 08시,화요일,전라북도 남원시 광치동,사망사고,2,0,0,0,차량단독 - 공작물충돌,기타,젖음/습기,비,단일로 - 기타,승용,남,49세,사망,,,,
2023070400100154,2023년 7월 4일 09시,화요일,전라북도 익산시 신동,경상사고,0,0,1,0,차대차 - 정면충돌,신호위반,젖음/습기,비,교차로 - 교차로횡단보도내,승용,남,84세,상해없음,화물,남,46세,경상
2023070400100155,2023년 7월 4일 09시,화요일,전라북도 완주군 삼례읍,경상사고,0,0,1,0,차대차 - 추돌,안전운전불이행,젖음/습기,비,기타 - 기타,승용,남,22세,상해없음,승용,여,59세,경상
2023070400100214,2023년 7월 4일 11시,화요일,전라북도 정읍시 용계동,경상사고,0,0,2,0,차대차 - 추돌,안전운전불이행,젖음/습기,비,교차로 - 교차로안,화물,남,68세,상해없음,승용,남,72세,경상
2023070400100236,2023년 7월 4일 12시,화요일,전라북도 전주시 덕진구 금암동,경상사고,0,0,1,0,차대사람 - 횡단중,보행자보호의무위반,젖음/습기,비,기타 - 기타,이륜,남,32세,상해없음,보행자,여,22세,경상
2023070400100237,2023년 7월 4일 12시,화요일,전라북도 김제시 황산동,경상사고,0,0,1,0,차대사람 - 기타,안전운전불이행,젖음/습기,비,단일로 - 기타,승합,남,64세,상해없음,보행자,남,30세,경상
2023070400100293,2023년 7월 4일 14시,화요일,전라북도 전주시 완산구 색장동,중상사고,0,2,1,0,차대차 - 추돌,안전운전불이행,젖음/습기,비,단일로 - 기타,승용,남,60세,경상,승용,남,56세,중상
2023070400100294,2023년 7월 4일 14시,화요일,전라북도 전주시 덕진구 금암동,중상사고,0,1,0,0,차대사람 - 횡단중,보행자보호의무위반,젖음/습기,비,기타 - 기타,승용,남,59세,상해없음,보행자,여,28세,중상
2023070400100326,2023년 7월 4일 15시,화요일,전라북도 군산시 조촌동,경상사고,0,0,1,0,차대차 - 측면충돌,안전운전불이행,젖음/습기,흐림,교차로 - 교차로안,승용,여,31세,상해없음,승용,남,59세,경상
2023070400100403,2023년 7월 4일 17시,화요일,전라북도 군산시 옥산면,경상사고,0,0,1,0,차대차 - 기타,안전운전불이행,건조,맑음,교차로 - 교차로안,승용,여,22세,상해없음,승용,남,23세,경상
2023070400100404,2023년 7월 4일 17시,화요일,전라북도 남원시 쌍교동,경상사고,0,0,1,0,차대차 - 기타,안전거리미확보,기타,맑음,단일로 - 기타,승용,여,46세,상해없음,이륜,남,64세,경상
2023070400100498,2023년 7월 4일 19시,화요일,전라북도 완주군 이서면,경상사고,0,0,1,0,차대차 - 기타,안전운전불이행,젖음/습기,비,교차로 - 교차로안,승용,여,39세,상해없음,승용,여,66세,경상
2023070400100570,2023년 7월 4일 21시,화요일,전라북도 전주시 덕진구 인후동1가,경상사고,0,0,2,0,차대사람 - 횡단중,보행자보호의무위반,젖음/습기,비,교차로 - 교차로횡단보도내,승용,남,27세,상해없음,보행자,여,46세,경상
2023070400100595,2023년 7월 4일 22시,화요일,전라북도 전주시 덕진구 우아동2가,경상사고,0,0,1,0,차대차 - 추돌,안전운전불이행,젖음/습기,비,교차로 - 교차로부근,승용,남,48세,상해없음,승용,여,51세,경상
2023070400100620,2023년 7월 4일 23시,화요일,전라북도 전주시 덕진구 만성동,경상사고,0,0,1,0,차대차 - 정면충돌,중앙선침범,젖음/습기,비,교차로 - 교차로부근,승용,남,36세,상해없음,승용,남,59세,경상
2023070400100621,2023년 7월 4일 23시,화요일,전라북도 정읍시 입암면,경상사고,0,0,1,0,차대차 - 추돌,안전운전불이행,젖음/습기,비,단일로 - 기타,화물,남,47세,상해없음,승용,남,36세,경상
2023070500100019,2023년 7월 5일 02시,수요일,전라북도 군산시 나운동,중상사고,0,1,0,0,차대사람 - 횡단중,기타,젖음/습기,흐림,단일로 - 기타,승용,남,65세,상해없음,보행자,여,42세,중상
2023070500100057,2023년 7월 5일 07시,수요일,전라북도 익산시 금마면,경상사고,0,0,2,0,차대차 - 정면충돌,안전운전불이행,건조,맑음,단일로 - 기타,승용,여,62세,경상,승용,남,67세,경상
2023070500100085,2023년 7월 5일 08시,수요일,전라북도 전주시 완산구 효자동3가,중상사고,0,1,0,0,차대차 - 측면충돌,신호위반,건조,맑음,교차로 - 교차로안,승용,남,58세,상해없음,승용,남,53세,중상
2023070500100086,2023년 7월 5일 08시,수요일,전라북도 진안군 진안읍,경상사고,0,0,1,0,차대차 - 정면충돌,직진우회전진행방해,젖음/습기,비,교차로 - 교차로안,승용,여,32세,기타불명,승용,남,42세,경상
2023070500100126,2023년 7월 5일 09시,수요일,전라북도 정읍시 용계동,경상사고,0,0,1,0,차대차 - 측면충돌,신호위반,건조,맑음,교차로 - 교차로안,승합,남,50세,상해없음,화물,남,50세,경상
2023070500100197,2023년 7월 5일 11시,수요일,전라북도 군산시 조촌동,경상사고,0,0,2,0,차대차 - 후진중충돌,안전운전불이행,건조,맑음,교차로 - 교차로부근,승용,남,77세,기타불명,승용,남,71세,경상
2023070500100198,2023년 7월 5일 11시,수요일,전라북도 익산시 인화동2가,경상사고,0,0,2,0,차대차 - 측면충돌,안전운전불이행,건조,맑음,단일로 - 기타,승용,여,48세,상해없음,승용,남,39세,경상
2023070500100227,2023년 7월 5일 12시,수요일,전라북도 군산시 수송동,경상사고,0,0,1,0,차대사람 - 보도통행중,기타,건조,맑음,기타 - 기타,이륜,남,44세,상해없음,보행자,여,8세,경상
2023070500100228,2023년 7월 5일 12시,수요일,전라북도 익산시 남중동,경상사고,0,0,1,0,차대차 - 측면충돌,안전운전불이행,건조,맑음,교차로 - 교차로안,승용,남,64세,상해없음,이륜,남,34세,경상
2023070500100229,2023년 7월 5일 12시,수요일,전라북도 익산시 부송동,중상사고,0,1,0,0,차대차 - 측면충돌,안전운전불이행,건조,맑음,교차로 - 교차로안,화물,남,51세,상해없음,승용,남,60세,중상
2023070500100260,2023년 7월 5일 13시,수요일,전라북도 전주시 덕진구 우아동3가,중상사고,0,1,1,0,차대차 - 기타,중앙선침범,건조,맑음,교차로 - 교차로부근,승용,남,56세,상해없음,승용,남,38세,중상
2023070500100261,2023년 7월 5일 13시,수요일,전라북도 전주시 덕진구 진북동,경상사고,0,0,1,0,차대차 - 측면충돌,신호위반,건조,맑음,교차로 - 교차로안,승용,남,72세,상해없음,화물,남,56세,경상
2023070500100291,2023년 7월 5일 14시,수요일,전라북도 무주군 안성면,중상사고,0,1,3,0,차대차 - 추돌,안전운전불이행,건조,맑음,단일로 - 기타,승용,여,62세,경상,승용,남,60세,경상
2023070500100358,2023년 7월 5일 16시,수요일,전라북도 전주시 덕진구 팔복동2가,경상사고,0,0,1,0,차대차 - 기타,안전운전불이행,건조,맑음,교차로 - 교차로부근,화물,남,35세,기타불명,개인형이동수단(PM),여,17세,경상
2023070500100408,2023년 7월 5일 17시,수요일,전라북도 군산시 신영동,부상신고사고,0,0,0,1,차대사람 - 기타,안전운전불이행,건조,맑음,단일로 - 기타,기타불명,기타불명,미분류,기타불명,보행자,남,62세,부상신고
2023070500100409,2023년 7월 5일 17시,수요일,전라북도 익산시 모현동1가,중상사고,0,1,0,0,차대사람 - 차도통행중,안전운전불이행,건조,흐림,단일로 - 기타,승용,여,24세,상해없음,보행자,남,12세,중상
2023070500100410,2023년 7월 5일 17시,수요일,전라북도 정읍시 농소동,경상사고,0,0,4,3,차대차 - 추돌,안전운전불이행,건조,맑음,단일로 - 기타,화물,남,57세,상해없음,승용,여,32세,경상
2023070500100411,2023년 7월 5일 17시,수요일,전라북도 완주군 삼례읍,경상사고,0,0,1,0,차대차 - 정면충돌,안전운전불이행,건조,맑음,교차로 - 교차로안,승용,여,25세,상해없음,승용,남,22세,경상
2023070500100478,2023년 7월 5일 19시,수요일,전라북도 완주군 소양면,경상사고,0,0,1,0,차대차 - 추돌,안전운전불이행,건조,맑음,교차로 - 교차로부근,승용,여,34세,상해없음,이륜,남,19세,경상
2023070500100529,2023년 7월 5일 21시,수요일,전라북도 군산시 사정동,경상사고,0,0,1,0,차대차 - 측면충돌,신호위반,건조,맑음,교차로 - 교차로안,승용,여,60세,상해없음,승용,남,36세,경상
2023070500100530,2023년 7월 5일 21시,수요일,전라북도 부안군 동진면,경상사고,0,0,2,0,차대차 - 추돌,안전거리미확보,건조,흐림,교차로 - 교차로안,승용,남,39세,경상,승용,남,50세,경상
2023070600100071,2023년 7월 6일 07시,목요일,전라북도 전주시 완산구 중화산동2가,경상사고,0,0,3,0,차대차 - 기타,신호위반,건조,맑음,교차로 - 교차로안,승용,여,19세,경상,승용,여,57세,경상
2023070600100117,2023년 7월 6일 08시,목요일,전라북도 군산시 개정면,경상사고,0,0,1,0,차대차 - 추돌,기타,건조,맑음,단일로 - 기타,승용,남,65세,기타불명,승용,여,28세,경상
2023070600100118,2023년 7월 6일 08시,목요일,전라북도 익산시 신흥동,경상사고,0,0,1,0,차대사람 - 차도통행중,안전운전불이행,건조,맑음,단일로 - 기타,승용,남,34세,상해없음,보행자,남,31세,경상
2023070600100119,2023년 7월 6일 08시,목요일,전라북도 진안군 진안읍,중상사고,0,1,1,0,차대차 - 측면충돌,불법유턴,건조,맑음,단일로 - 기타,승용,여,52세,기타불명,승용,여,57세,중상
2023070600100234,2023년 7월 6일 11시,목요일,전라북도 완주군 봉동읍,중상사고,0,1,0,0,차대차 - 측면충돌,안전운전불이행,건조,맑음,교차로 - 교차로부근,승용,여,63세,상해없음,화물,남,71세,중상
2023070600100316,2023년 7월 6일 14시,목요일,전라북도 군산시 지곡동,부상신고사고,0,0,0,1,차대사람 - 횡단중,안전운전불이행,건조,맑음,교차로 - 교차로부근,승용,남,55세,상해없음,보행자,여,65세,부상신고
2023070600100317,2023년 7월 6일 14시,목요일,전라북도 익산시 동산동,경상사고,0,0,1,0,차대차 - 측면충돌,안전운전불이행,건조,맑음,단일로 - 기타,화물,남,64세,상해없음,승용,남,64세,경상
2023070600100343,2023년 7월 6일 15시,목요일,전라북도 전주시 완산구 서신동,중상사고,0,1,0,0,차대차 - 기타,안전거리미확보,젖음/습기,비,단일로 - 기타,승용,남,67세,상해없음,승합,남,67세,중상
2023070600100384,2023년 7월 6일 16시,목요일,전라북도 남원시 향교동,중상사고,0,1,0,0,차대사람 - 횡단중,안전운전불이행,건조,맑음,교차로 - 교차로안,승용,남,71세,상해없음,보행자,여,87세,중상
2023070600100464,2023년 7월 6일 18시,목요일,전라북도 전주시 완산구 평화동1가,경상사고,0,0,1,0,차대차 - 기타,안전거리미확보,건조,맑음,교차로 - 교차로안,승용,남,72세,상해없음,승용,남,29세,경상
2023070600100465,2023년 7월 6일 18시,목요일,전라북도 정읍시 농소동,경상사고,0,0,4,0,차대차 - 정면충돌,중앙선침범,건조,맑음,교차로 - 교차로안,승용,여,55세,경상,승용,남,42세,경상
2023070600100466,2023년 7월 6일 18시,목요일,전라북도 정읍시 북면,경상사고,0,0,1,0,차대차 - 정면충돌,중앙선침범,건조,맑음,교차로 - 교차로부근,승용,여,23세,상해없음,승용,남,26세,경상
2023070600100492,2023년 7월 6일 19시,목요일,전라북도 전주시 덕진구 중동,중상사고,0,1,0,0,차대차 - 측면충돌,안전운전불이행,건조,맑음,단일로 - 기타,승용,여,34세,상해없음,이륜,남,41세,중상
2023070700100011,2023년 7월 7일 01시,금요일,전라북도 익산시 주현동,경상사고,0,0,2,0,차대차 - 측면충돌,신호위반,건조,맑음,교차로 - 교차로안,승용,남,26세,경상,승용,남,60세,경상
2023070700100017,2023년 7월 7일 02시,금요일,전라북도 완주군 용진읍,중상사고,0,1,0,0,차대차 - 측면충돌,중앙선침범,건조,맑음,단일로 - 기타,승용,남,28세,상해없음,승용,남,61세,중상
2023070700100042,2023년 7월 7일 06시,금요일,전라북도 익산시 영등동,경상사고,0,0,1,0,차대사람 - 기타,안전운전불이행,건조,흐림,기타 - 기타,화물,남,63세,상해없음,보행자,여,65세,경상
2023070700100065,2023년 7월 7일 07시,금요일,전라북도 전주시 덕진구 우아동3가,중상사고,0,1,0,0,차대사람 - 기타,보행자보호의무위반,건조,맑음,교차로 - 교차로횡단보도내,승합,남,51세,상해없음,보행자,여,35세,중상
2023070700100105,2023년 7월 7일 08시,금요일,전라북도 전주시 완산구 효자동3가,경상사고,0,0,2,0,차대차 - 기타,신호위반,건조,맑음,단일로 - 기타,승용,여,69세,상해없음,승합,남,40세,경상
2023070700100106,2023년 7월 7일 08시,금요일,전라북도 완주군 삼례읍,경상사고,0,0,1,0,차대차 - 측면충돌,신호위반,건조,맑음,교차로 - 교차로안,승합,남,44세,상해없음,승용,여,33세,경상
2023070700100207,2023년 7월 7일 11시,금요일,전라북도 전주시 완산구 경원동3가,경상사고,0,0,4,0,차대차 - 측면충돌,안전운전불이행,젖음/습기,비,교차로 - 교차로부근,승합,남,31세,상해없음,승용,남,19세,경상
2023070700100283,2023년 7월 7일 13시,금요일,전라북도 정읍시 농소동,경상사고,0,0,1,0,차대차 - 측면충돌,안전운전불이행,젖음/습기,비,교차로 - 교차로안,승용,남,70세,상해없음,승용,남,39세,경상
2023070700100318,2023년 7월 7일 14시,금요일,전라북도 무주군 무주읍,경상사고,0,0,2,0,차량단독 - 공작물충돌,안전운전불이행,젖음/습기,비,단일로 - 지하차도(도로)내,승용,남,78세,경상,,,,
2023070700100319,2023년 7월 7일 14시,금요일,전라북도 무주군 무주읍,경상사고,0,0,1,0,차대차 - 측면충돌,직진우회전진행방해,젖음/습기,비,교차로 - 교차로안,승용,남,76세,상해없음,승용,여,43세,경상
2023070700100353,2023년 7월 7일 15시,금요일,전라북도 전주시 완산구 효자동3가,중상사고,0,1,2,0,차량단독 - 공작물충돌,안전운전불이행,건조,맑음,단일로 - 기타,승용,여,58세,상해없음,,,,
2023070700100401,2023년 7월 7일 16시,금요일,전라북도 전주시 완산구 용복동,경상사고,0,0,1,0,차대차 - 기타,안전운전불이행,건조,맑음,단일로 - 기타,승용,남,21세,기타불명,화물,남,36세,경상
2023070700100402,2023년 7월 7일 16시,금요일,전라북도 전주시 덕진구 송천동2가,경상사고,0,0,1,0,차대사람 - 보도통행중,보행자보호의무위반,젖음/습기,흐림,교차로 - 교차로부근,화물,여,43세,상해없음,보행자,여,6세,경상
2023070700100465,2023년 7월 7일 17시,금요일,전라북도 익산시 부송동,경상사고,0,0,1,0,차대사람 - 기타,안전운전불이행,젖음/습기,비,단일로 - 기타,승용,남,28세,상해없음,보행자,남,10세,경상
2023070700100583,2023년 7월 7일 20시,금요일,전라북도 전주시 완산구 효자동1가,경상사고,0,0,1,0,차대차 - 측면충돌,안전거리미확보,건조,맑음,교차로 - 교차로안,승용,남,56세,상해없음,승용,남,48세,경상
2023070700100584,2023년 7월 7일 20시,금요일,전라북도 군산시 서흥남동,중상사고,0,1,0,0,차대차 - 측면충돌,중앙선침범,건조,맑음,단일로 - 기타,승용,남,75세,상해없음,이륜,남,67세,중상
2023070700100615,2023년 7월 7일 21시,금요일,전라북도 전주시 완산구 효자동3가,경상사고,0,0,2,1,차대차 - 기타,교차로운행방법위반,건조,맑음,교차로 - 교차로안,승용,남,43세,경상,승용,남,76세,경상
2023070700100616,2023년 7월 7일 21시,금요일,전라북도 군산시 조촌동,경상사고,0,0,2,0,차대차 - 정면충돌,안전운전불이행,건조,맑음,교차로 - 교차로부근,승용,남,44세,상해없음,승용,여,49세,경상
2023070800100009,2023년 7월 8일 00시,토요일,전라북도 전주시 완산구 효자동3가,경상사고,0,0,1,0,차대차 - 기타,안전운전불이행,건조,맑음,단일로 - 기타,승용,남,78세,상해없음,승용,남,63세,상해없음
2023070800100028,2023년 7월 8일 01시,토요일,전라북도 전주시 완산구 중화산동2가,중상사고,0,1,0,0,차대사람 - 기타,안전운전불이행,젖음/습기,비,교차로 - 교차로부근,화물,남,48세,상해없음,보행자,여,53세,중상
2023070800100091,2023년 7월 8일 08시,토요일,전라북도 부안군 부안읍,경상사고,0,0,1,0,차대사람 - 기타,신호위반,건조,맑음,단일로 - 기타,이륜,남,77세,상해없음,보행자,남,51세,경상
2023070800100118,2023년 7월 8일 09시,토요일,전라북도 익산시 부송동,경상사고,0,0,1,0,차대사람 - 횡단중,보행자보호의무위반,건조,맑음,교차로 - 교차로횡단보도내,승용,여,55세,상해없음,보행자,남,46세,경상
2023070800100203,2023년 7월 8일 12시,토요일,전라북도 전주시 완산구 중화산동2가,경상사고,0,0,1,0,차대차 - 정면충돌,신호위반,건조,맑음,교차로 - 교차로안,승용,남,74세,상해없음,승용,남,39세,경상
2023070800100243,2023년 7월 8일 13시,토요일,전라북도 전주시 덕진구 덕진동1가,경상사고,0,0,6,0,차대차 - 추돌,중앙선침범,건조,맑음,단일로 - 기타,승용,여,63세,상해없음,승합,여,41세,경상
2023070800100244,2023년 7월 8일 13시,토요일,전라북도 진안군 백운면,경상사고,0,0,1,0,차량단독 - 기타,안전운전불이행,건조,맑음,기타 - 기타,화물,남,59세,경상,,,,
2023070800100278,2023년 7월 8일 14시,토요일,전라북도 전주시 완산구 평화동2가,중상사고,0,1,0,0,차대차 - 추돌,안전운전불이행,건조,맑음,단일로 - 기타,승용,남,65세,상해없음,승용,남,60세,기타불명
2023070800100308,2023년 7월 8일 15시,토요일,전라북도 익산시 어양동,중상사고,0,1,0,0,차대차 - 측면충돌,안전운전불이행,건조,맑음,교차로 - 교차로안,승용,여,56세,상해없음,승용,남,25세,중상
2023070800100340,2023년 7월 8일 16시,토요일,전라북도 익산시 오산면,중상사고,0,1,0,0,차대차 - 기타,기타,건조,맑음,단일로 - 기타,승용,남,68세,상해없음,자전거,남,61세,중상
2023070800100341,2023년 7월 8일 16시,토요일,전라북도 익산시 용안면,중상사고,0,1,1,0,차량단독 - 기타,안전운전불이행,건조,맑음,단일로 - 기타,승용,여,65세,상해없음,,,,
2023070800100408,2023년 7월 8일 18시,토요일,전라북도 전주시 완산구 중화산동2가,중상사고,0,1,0,0,차대차 - 측면충돌,교차로운행방법위반,건조,맑음,교차로 - 교차로안,승용,여,55세,상해없음,승용,남,61세,중상
2023070800100409,2023년 7월 8일 18시,토요일,전라북도 고창군 성내면,경상사고,0,0,2,0,차대차 - 측면충돌,안전운전불이행,건조,맑음,교차로 - 교차로부근,화물,남,52세,상해없음,승용,남,75세,경상
2023070800100456,2023년 7월 8일 20시,토요일,전라북도 무주군 부남면,사망사고,1,0,0,0,차대사람 - 기타,안전운전불이행,건조,맑음,단일로 - 지하차도(도로)내,승용,남,52세,상해없음,보행자,남,72세,사망
2023070800100491,2023년 7월 8일 21시,토요일,전라북도 익산시 삼기면,경상사고,0,0,3,0,차대차 - 추돌,안전운전불이행,건조,맑음,교차로 - 교차로부근,승용,남,50세,상해없음,승용,여,58세,경상
2023070800100533,2023년 7월 8일 23시,토요일,전라북도 전주시 완산구 다가동3가,경상사고,0,0,1,0,차대차 - 측면충돌,안전운전불이행,건조,맑음,교차로 - 교차로안,이륜,남,31세,상해없음,승용,남,66세,경상
2023070900100009,2023년 7월 9일 00시,일요일,전라북도 정읍시 농소동,경상사고,0,0,1,0,차대차 - 기타,신호위반,건조,맑음,교차로 - 교차로안,승용,남,59세,상해없음,승용,남,30세,경상
2023070900100037,2023년 7월 9일 04시,일요일,전라북도 부안군 하서면,경상사고,0,0,1,0,차량단독 - 공작물충돌,안전운전불이행,건조,맑음,교차로 - 교차로안,승용,남,24세,경상,,,,
2023070900100050,2023년 7월 9일 06시,일요일,전라북도 고창군 상하면,중상사고,0,1,1,0,차대차 - 추돌,안전운전불이행,건조,흐림,기타 - 기타,승용,남,33세,상해없음,농기계,남,55세,경상
2023070900100096,2023년 7월 9일 10시,일요일,전라북도 익산시 함열읍,경상사고,0,0,2,0,차대차 - 측면충돌,안전운전불이행,건조,맑음,교차로 - 교차로안,승용,여,62세,상해없음,승용,남,52세,경상
2023070900100198,2023년 7월 9일 14시,일요일,전라북도 김제시 금산면,경상사고,0,0,2,0,차대차 - 추돌,안전운전불이행,건조,맑음,단일로 - 지하차도(도로)내,화물,남,66세,상해없음,승용,남,75세,경상
2023070900100224,2023년 7월 9일 15시,일요일,전라북도 정읍시 산외면,경상사고,0,0,1,0,차대차 - 기타,안전거리미확보,건조,맑음,기타 - 기타,승용,여,34세,상해없음,승용,남,43세,경상
2023070900100253,2023년 7월 9일 16시,일요일,전라북도 완주군 구이면,경상사고,0,0,2,0,차대차 - 측면충돌,안전운전불이행,건조,맑음,기타 - 기타,승용,남,37세,상해없음,승용,남,44세,상해없음
2023070900100306,2023년 7월 9일 18시,일요일,전라북도 전주시 완산구 서완산동2가,중상사고,0,1,0,0,차대차 - 정면충돌,중앙선침범,건조,맑음,단일로 - 기타,승용,남,40세,상해없음,이륜,남,26세,중상
2023070900100384,2023년 7월 9일 22시,일요일,전라북도 전주시 완산구 효자동3가,경상사고,0,0,1,0,차대차 - 측면충돌,신호위반,건조,맑음,교차로 - 교차로안,승용,남,67세,상해없음,승용,남,49세,경상
2023071000100094,2023년 7월 10일 08시,월요일,전라북도 전주시 완산구 중화산동2가,경상사고,0,0,1,0,차대차 - 측면충돌,신호위반,건조,맑음,교차로 - 교차로안,승용,남,47세,상해없음,승용,여,30세,경상
2023071000100095,2023년 7월 10일 08시,월요일,전라북도 군산시 문화동,부상신고사고,0,0,0,1,차대차 - 후진중충돌,안전운전불이행,건조,맑음,단일로 - 지하차도(도로)내,승용,남,56세,상해없음,승용,남,25세,부상신고
2023071000100179,2023년 7월 10일 11시,월요일,전라북도 무주군 무주읍,경상사고,0,0,1,0,차대차 - 후진중충돌,안전운전불이행,건조,맑음,단일로 - 지하차도(도로)내,화물,남,71세,상해없음,이륜,남,69세,경상
2023071000100206,2023년 7월 10일 12시,월요일,전라북도 익산시 어양동,경상사고,0,0,2,0,차대차 - 추돌,안전운전불이행,건조,맑음,단일로 - 기타,승용,남,68세,상해없음,승용,남,26세,경상
2023071000100269,2023년 7월 10일 14시,월요일,전라북도 전주시 덕진구 송천동2가,경상사고,0,0,2,0,차대차 - 측면충돌,안전운전불이행,건조,맑음,교차로 - 교차로부근,승용,남,77세,상해없음,승용,남,61세,경상
2023071000100270,2023년 7월 10일 14시,월요일,전라북도 임실군 관촌면,중상사고,0,1,0,0,차대사람 - 차도통행중,보행자보호의무위반,건조,맑음,단일로 - 기타,화물,남,76세,상해없음,보행자,여,85세,중상
2023071000100302,2023년 7월 10일 15시,월요일,전라북도 군산시 나운동,중상사고,0,1,0,0,차대차 - 측면충돌,신호위반,건조,맑음,교차로 - 교차로부근,승용,여,64세,상해없음,이륜,남,58세,중상
2023071000100336,2023년 7월 10일 16시,월요일,전라북도 전주시 완산구 서완산동1가,중상사고,0,1,0,0,차대차 - 측면충돌,안전운전불이행,건조,맑음,단일로 - 기타,승용,여,51세,상해없음,이륜,남,72세,중상
2023071000100390,2023년 7월 10일 17시,월요일,전라북도 전주시 완산구 중화산동1가,경상사고,0,0,1,0,차대사람 - 차도통행중,안전운전불이행,건조,맑음,단일로 - 기타,승용,남,70세,상해없음,보행자,여,79세,경상
2023071000100391,2023년 7월 10일 17시,월요일,전라북도 전주시 덕진구 인후동2가,경상사고,0,0,1,0,차대차 - 추돌,안전운전불이행,건조,맑음,교차로 - 교차로안,승용,남,48세,상해없음,승용,남,28세,경상
2023071000100392,2023년 7월 10일 17시,월요일,전라북도 전주시 덕진구 중동,중상사고,0,1,1,0,차대차 - 추돌,안전운전불이행,건조,맑음,단일로 - 기타,화물,남,45세,상해없음,승용,남,30세,중상
2023071000100441,2023년 7월 10일 18시,월요일,전라북도 전주시 완산구 효자동2가,경상사고,0,0,2,0,차대차 - 측면충돌,불법유턴,건조,맑음,교차로 - 교차로횡단보도내,개인형이동수단(PM),남,16세,경상,승용,여,41세,경상
2023071000100442,2023년 7월 10일 18시,월요일,전라북도 군산시 나운동,경상사고,0,0,2,0,차대차 - 추돌,안전운전불이행,건조,맑음,교차로 - 교차로부근,승용,남,76세,상해없음,화물,남,66세,경상
2023071000100501,2023년 7월 10일 20시,월요일,전라북도 진안군 상전면,경상사고,0,0,2,1,차대차 - 추돌,안전거리미확보,건조,맑음,교차로 - 교차로부근,승용,남,40세,기타불명,승용,여,33세,경상