사고번호,사고일시,요일,시군구,사고내용,사망자수,중상자수,경상자수,부상신고자수,사고유형,법규위반,노면상태,기상상태,도로형태,가해운전자 차종,가해운전자 성별,가해운전자 연령,가해운전자 상해정도,피해운전자 차종,피해운전자 성별,피해운전자 연령,피해운전자 상해정도
2023071000100529,2023년 7월 10일 21시,월요일,전라북도 김제시 신풍동,경상사고,0,0,1,0,차대차 - 측면충돌,신호위반,건조,맑음,교차로 - 교차로안,승용,여,64세,상해없음,승용,여,58세,경상
2023071000100558,2023년 7월 10일 23시,월요일,전라북도 익산시 남중동,경상사고,0,0,2,0,차대차 - 추돌,안전운전불이행,건조,맑음,교차로 - 교차로부근,승용,남,29세,상해없음,승용,남,55세,경상
2023071100100065,2023년 7월 11일 07시,화요일,전라북도 전주시 완산구 효자동3가,경상사고,0,0,1,0,차대사람 - 기타,기타,건조,맑음,기타 - 기타,승합,남,58세,상해없음,보행자,남,18세,경상
2023071100100109,2023년 7월 11일 08시,화요일,전라북도 전주시 완산구 서신동,경상사고,0,0,1,0,차대차 - 추돌,안전운전불이행,건조,맑음,기타 - 기타,승용,남,36세,기타불명,승용,여,39세,경상
2023071100100110,2023년 7월 11일 08시,화요일,전라북도 익산시 신동,경상사고,0,0,3,0,차대차 - 측면충돌,신호위반,젖음/습기,비,교차로 - 교차로안,승용,남,64세,상해없음,승용,여,55세,경상
2023071100100153,2023년 7월 11일 09시,화요일,전라북도 군산시 미룡동,경상사고,0,0,1,0,차대차 - 추돌,안전운전불이행,건조,맑음,단일로 - 기타,화물,남,72세,상해없음,화물,남,44세,경상
2023071100100154,2023년 7월 11일 09시,화요일,전라북도 익산시 어양동,경상사고,0,0,1,0,차대차 - 측면충돌,안전운전불이행,건조,맑음,교차로 - 교차로안,승용,여,52세,상해없음,이륜,남,46세,경상
2023071100100183,2023년 7월 11일 10시,화요일,전라북도 정읍시 수성동,경상사고,0,0,1,0,차대차 - 측면충돌,차로위반,건조,맑음,단일로 - 기타,자전거,남,83세,경상,승용,남,58세,상해없음
2023071100100251,2023년 7월 11일 12시,화요일,전라북도 군산시 조촌동,경상사고,0,0,1,0,차대차 - 측면충돌,안전운전불이행,건조,맑음,교차로 - 교차로안,자전거,남,78세,경상,승용,남,73세,상해없음
2023071100100331,2023년 7월 11일 14시,화요일,전라북도 전주시 덕진구 송천동2가,경상사고,0,0,1,0,차대차 - 측면충돌,교차로운행방법위반,건조,맑음,교차로 - 교차로안,승용,여,50세,상해없음,승용,여,66세,경상
2023071100100389,2023년 7월 11일 16시,화요일,전라북도 김제시 만경읍,중상사고,0,2,0,0,차대차 - 정면충돌,직진우회전진행방해,젖음/습기,비,교차로 - 교차로안,승용,남,29세,상해없음,승용,남,69세,중상
2023071100100425,2023년 7월 11일 17시,화요일,전라북도 익산시 목천동,경상사고,0,0,1,0,차대차 - 측면충돌,신호위반,건조,맑음,단일로 - 기타,승용,여,64세,상해없음,승용,남,25세,경상
2023071100100471,2023년 7월 11일 18시,화요일,전라북도 익산시 신흥동,경상사고,0,0,2,0,차대차 - 측면충돌,안전운전불이행,젖음/습기,비,단일로 - 기타,승용,남,63세,상해없음,승용,남,24세,경상
2023071100100535,2023년 7월 11일 20시,화요일,전라북도 전주시 완산구 평화동1가,경상사고,0,0,2,0,차대차 - 추돌,안전운전불이행,건조,맑음,단일로 - 기타,승용,남,73세,상해없음,승용,여,22세,경상
2023071200100012,2023년 7월 12일 02시,수요일,전라북도 전주시 완산구 경원동1가,경상사고,0,0,2,0,차대차 - 추돌,안전운전불이행,젖음/습기,비,교차로 - 교차로부근,승용,남,29세,상해없음,승용,남,49세,경상
2023071200100053,2023년 7월 12일 07시,수요일,전라북도 전주시 덕진구 팔복동2가,중상사고,0,1,0,0,차대차 - 측면충돌,중앙선침범,건조,맑음,단일로 - 기타,승용,남,40세,상해없음,승용,남,42세,중상
2023071200100089,2023년 7월 12일 08시,수요일,전라북도 군산시 중앙로2가,경상사고,0,0,2,0,차대차 - 측면충돌,교차로운행방법위반,건조,맑음,교차로 - 교차로안,승용,여,28세,상해없음,승용,남,47세,경상
2023071200100090,2023년 7월 12일 08시,수요일,전라북도 무주군 무주읍,경상사고,0,0,1,0,차대차 - 측면충돌,안전운전불이행,건조,맑음,교차로 - 교차로안,화물,남,64세,상해없음,승용,남,34세,경상
2023071200100119,2023년 7월 12일 09시,수요일,전라북도 익산시 평화동,중상사고,0,1,0,0,차대사람 - 기타,안전운전불이행,젖음/습기,흐림,기타 - 기타,승합,남,50세,상해없음,보행자,여,73세,중상
2023071200100164,2023년 7월 12일 11시,수요일,전라북도 남원시 금동,중상사고,0,1,0,0,차대차 - 측면충돌,직진우회전진행방해,건조,맑음,교차로 - 교차로안,자전거,여,81세,중상,화물,여,73세,상해없음
2023071200100203,2023년 7월 12일 12시,수요일,전라북도 정읍시 시기동,경상사고,0,0,1,0,차대차 - 기타,안전운전불이행,건조,맑음,주차장 - 주차장,화물,남,78세,상해없음,승용,남,65세,경상
2023071200100204,2023년 7월 12일 12시,수요일,전라북도 완주군 삼례읍,경상사고,0,0,1,0,차대차 - 추돌,안전운전불이행,건조,맑음,단일로 - 기타,화물,남,60세,상해없음,화물,남,53세,경상
2023071200100245,2023년 7월 12일 14시,수요일,전라북도 군산시 나운동,경상사고,0,0,1,0,차대사람 - 횡단중,안전운전불이행,건조,맑음,단일로 - 기타,승용,여,54세,상해없음,보행자,남,7세,경상
2023071200100246,2023년 7월 12일 14시,수요일,전라북도 김제시 신풍동,경상사고,0,0,2,0,차대차 - 추돌,안전운전불이행,건조,맑음,교차로 - 교차로부근,화물,남,81세,상해없음,승용,여,38세,경상
2023071200100293,2023년 7월 12일 15시,수요일,전라북도 군산시 삼학동,부상신고사고,0,0,0,1,차대차 - 기타,안전운전불이행,건조,맑음,단일로 - 기타,화물,남,68세,상해없음,자전거,남,74세,부상신고
2023071200100294,2023년 7월 12일 15시,수요일,전라북도 김제시 신풍동,경상사고,0,0,1,0,차대사람 - 보도통행중,보행자보호의무위반,건조,맑음,교차로 - 교차로횡단보도내,승용,남,69세,상해없음,보행자,남,36세,경상
2023071200100332,2023년 7월 12일 16시,수요일,전라북도 전주시 완산구 전동,중상사고,0,1,0,0,차대차 - 측면충돌,기타,건조,맑음,교차로 - 교차로부근,승용,여,60세,상해없음,이륜,여,65세,중상
2023071200100372,2023년 7월 12일 17시,수요일,전라북도 익산시 신흥동,경상사고,0,0,2,0,차대차 - 측면충돌,신호위반,젖음/습기,비,교차로 - 교차로안,승용,남,46세,상해없음,승용,여,71세,경상
2023071200100373,2023년 7월 12일 17시,수요일,전라북도 완주군 봉동읍,경상사고,0,0,2,0,차대차 - 측면충돌,안전거리미확보,건조,맑음,교차로 - 교차로안,승용,여,28세,경상,승용,남,36세,경상
2023071200100425,2023년 7월 12일 18시,수요일,전라북도 군산시 조촌동,중상사고,0,1,0,0,차대사람 - 보도통행중,기타,건조,맑음,단일로 - 기타,개인형이동수단(PM),여,12세,상해없음,보행자,남,9세,중상
2023071200100426,2023년 7월 12일 18시,수요일,전라북도 익산시 남중동,경상사고,0,0,1,0,차대차 - 측면충돌,안전운전불이행,건조,맑음,단일로 - 기타,승용,여,36세,상해없음,개인형이동수단(PM),남,45세,경상
2023071200100455,2023년 7월 12일 19시,수요일,전라북도 정읍시 구룡동,경상사고,0,0,1,0,차대차 - 측면충돌,안전운전불이행,건조,맑음,교차로 - 교차로안,승용,남,62세,상해없음,승용,여,43세,경상
2023071200100511,2023년 7월 12일 21시,수요일,전라북도 전주시 덕진구 금암동,경상사고,0,0,1,0,차대차 - 추돌,안전운전불이행,건조,맑음,단일로 - 기타,승용,남,30세,상해없음,승용,여,29세,경상
2023071200100512,2023년 7월 12일 21시,수요일,전라북도 김제시 월성동,사망사고,1,0,0,0,차량단독 - 도로외이탈 - 추락,안전운전불이행,건조,흐림,단일로 - 지하차도(도로)내,원동기,남,71세,사망,,,,
2023071200100536,2023년 7월 12일 22시,수요일,전라북도 전주시 덕진구 덕진동2가,경상사고,0,0,1,0,차대차 - 측면충돌,신호위반,건조,맑음,단일로 - 기타,원동기,남,36세,상해없음,자전거,남,58세,경상
2023071200100537,2023년 7월 12일 22시,수요일,전라북도 전주시 덕진구 인후동1가,경상사고,0,0,3,0,차대차 - 정면충돌,안전운전불이행,건조,맑음,교차로 - 교차로부근,승용,여,23세,상해없음,승용,남,64세,경상
2023071200100555,2023년 7월 12일 23시,수요일,전라북도 전주시 완산구 효자동3가,경상사고,0,0,2,0,차대사람 - 기타,안전운전불이행,건조,맑음,단일로 - 기타,승용,남,31세,상해없음,보행자,남,35세,경상
2023071200100556,2023년 7월 12일 23시,수요일,전라북도 전주시 덕진구 송천동2가,경상사고,0,0,1,0,차대차 - 측면충돌,안전운전불이행,건조,맑음,단일로 - 기타,승용,여,51세,상해없음,승용,남,48세,상해없음
2023071300100022,2023년 7월 13일 01시,목요일,전라북도 군산시 소룡동,경상사고,0,0,1,0,차대차 - 측면충돌,안전운전불이행,건조,맑음,단일로 - 기타,승용,남,67세,상해없음,개인형이동수단(PM),남,30세,경상
2023071300100037,2023년 7월 13일 05시,목요일,전라북도 고창군 고창읍,경상사고,0,0,1,0,차대차 - 측면충돌,안전거리미확보,젖음/습기,비,교차로 - 교차로부근,승용,남,47세,상해없음,승용,남,50세,경상
2023071300100046,2023년 7월 13일 06시,목요일,전라북도 군산시 성산면,경상사고,0,0,1,0,차대차 - 추돌,안전운전불이행,젖음/습기,비,단일로 - 기타,승용,여,50세,상해없음,승용,여,59세,경상
2023071300100047,2023년 7월 13일 06시,목요일,전라북도 익산시 모현동2가,경상사고,0,0,2,0,차대차 - 측면충돌,신호위반,젖음/습기,비,교차로 - 교차로안,승용,여,56세,상해없음,승합,남,59세,경상
2023071300100094,2023년 7월 13일 08시,목요일,전라북도 전주시 덕진구 고랑동,경상사고,0,0,1,0,차대사람 - 횡단중,보행자보호의무위반,젖음/습기,비,교차로 - 교차로횡단보도내,승용,여,47세,상해없음,보행자,여,31세,경상
2023071300100173,2023년 7월 13일 11시,목요일,전라북도 남원시 향교동,경상사고,0,0,3,0,차대차 - 측면충돌,직진우회전진행방해,젖음/습기,비,교차로 - 교차로안,승용,남,61세,경상,승용,남,57세,경상
2023071300100207,2023년 7월 13일 12시,목요일,전라북도 익산시 남중동,중상사고,0,1,0,0,차대사람 - 차도통행중,안전운전불이행,젖음/습기,비,단일로 - 기타,승용,남,21세,상해없음,보행자,여,68세,중상
2023071300100208,2023년 7월 13일 12시,목요일,전라북도 김제시 하동,경상사고,0,0,1,0,차대차 - 측면충돌,중앙선침범,젖음/습기,비,단일로 - 기타,승용,남,39세,상해없음,승용,남,44세,경상
2023071300100227,2023년 7월 13일 13시,목요일,전라북도 고창군 고창읍,경상사고,0,0,1,0,차대차 - 정면충돌,안전운전불이행,젖음/습기,비,교차로 - 교차로안,승용,남,74세,상해없음,화물,남,48세,경상
2023071300100318,2023년 7월 13일 16시,목요일,전라북도 전주시 덕진구 우아동3가,경상사고,0,0,2,0,차대차 - 추돌,안전운전불이행,건조,맑음,단일로 - 기타,승용,남,42세,상해없음,승용,남,61세,경상
2023071300100384,2023년 7월 13일 18시,목요일,전라북도 전주시 덕진구 우아동3가,경상사고,0,0,1,0,차대사람 - 횡단중,보행자보호의무위반,건조,맑음,기타 - 기타,승용,남,64세,상해없음,보행자,남,26세,경상
2023071300100414,2023년 7월 13일 19시,목요일,전라북도 전주시 완산구 효자동3가,경상사고,0,0,2,0,차대차 - 측면충돌,안전운전불이행,젖음/습기,비,단일로 - 기타,승용,여,56세,상해없음,승용,여,36세,경상
2023071300100415,2023년 7월 13일 19시,목요일,전라북도 고창군 심원면,경상사고,0,0,1,0,차대차 - 측면충돌,안전운전불이행,젖음/습기,비,교차로 - 교차로안,화물,여,65세,상해없음,승용,남,30세,경상
2023071300100472,2023년 7월 13일 21시,목요일,전라북도 전주시 완산구 효자동1가,경상사고,0,0,2,0,차대사람 - 보도통행중,보행자보호의무위반,젖음/습기,비,기타 - 기타,이륜,남,46세,상해없음,보행자,여,18세,경상
2023071300100473,2023년 7월 13일 21시,목요일,전라북도 전주시 완산구 서신동,경상사고,0,0,2,0,차대차 - 정면충돌,신호위반,젖음/습기,비,교차로 - 교차로안,승용,남,23세,상해없음,이륜,남,26세,상해없음
2023071300100506,2023년 7월 13일 22시,목요일,전라북도 전주시 완산구 서신동,경상사고,0,0,1,0,차대차 - 기타,안전운전불이행,건조,맑음,단일로 - 기타,기타불명,기타불명,미분류,기타불명,승용,남,23세,경상
2023071300100507,2023년 7월 13일 22시,목요일,전라북도 익산시 영등동,중상사고,0,1,0,0,차대차 - 기타,신호위반,젖음/습기,흐림,교차로 - 교차로안,승용,남,32세,상해없음,이륜,남,23세,중상
2023071400100077,2023년 7월 14일 07시,금요일,전라북도 전주시 완산구 효자동3가,중상사고,0,1,0,0,차대차 - 기타,안전운전불이행,젖음/습기,비,교차로 - 교차로횡단보도내,승용,남,72세,상해없음,자전거,여,18세,중상
2023071400100100,2023년 7월 14일 08시,금요일,전라북도 군산시 미장동,경상사고,0,0,3,0,차대차 - 측면충돌,신호위반,젖음/습기,비,교차로 - 교차로안,승용,여,42세,경상,승용,여,56세,경상
2023071400100101,2023년 7월 14일 08시,금요일,전라북도 익산시 모현동1가,경상사고,0,0,1,0,차대사람 - 보도통행중,보행자보호의무위반,젖음/습기,비,교차로 - 교차로횡단보도내,승용,남,56세,상해없음,보행자,여,66세,경상
2023071400100102,2023년 7월 14일 08시,금요일,전라북도 완주군 이서면,경상사고,0,0,2,0,차대차 - 정면충돌,신호위반,젖음/습기,비,교차로 - 교차로안,승용,남,43세,상해없음,승용,여,43세,경상
2023071400100137,2023년 7월 14일 09시,금요일,전라북도 익산시 춘포면,경상사고,0,0,1,0,차대차 - 추돌,안전거리미확보,젖음/습기,비,교차로 - 교차로부근,승용,남,26세,상해없음,승용,여,45세,경상
2023071400100161,2023년 7월 14일 10시,금요일,전라북도 김제시 백구면,중상사고,0,2,0,0,차대차 - 측면충돌,신호위반,젖음/습기,비,교차로 - 교차로안,승용,남,60세,상해없음,승용,남,68세,중상
2023071400100162,2023년 7월 14일 10시,금요일,전라북도 진안군 상전면,경상사고,0,0,1,0,차대차 - 기타,안전운전불이행,젖음/습기,비,단일로 - 기타,승합,남,56세,상해없음,승용,남,58세,경상
2023071400100163,2023년 7월 14일 10시,금요일,전라북도 완주군 구이면,중상사고,0,1,2,0,차대차 - 추돌,안전거리미확보,젖음/습기,비,단일로 - 기타,화물,남,67세,상해없음,승용,남,44세,경상
2023071400100184,2023년 7월 14일 11시,금요일,전라북도 순창군 순창읍,중상사고,0,1,0,0,차대차 - 측면충돌,안전운전불이행,젖음/습기,비,단일로 - 기타,승용,남,44세,상해없음,자전거,여,58세,중상
2023071400100222,2023년 7월 14일 12시,금요일,전라북도 남원시 향교동,중상사고,0,1,0,0,차대차 - 측면충돌,안전운전불이행,젖음/습기,흐림,교차로 - 교차로안,승용,남,51세,상해없음,자전거,남,66세,중상
2023071400100291,2023년 7월 14일 14시,금요일,전라북도 완주군 삼례읍,중상사고,0,1,0,0,차대차 - 정면충돌,교차로운행방법위반,젖음/습기,비,교차로 - 교차로안,화물,남,51세,상해없음,화물,남,58세,중상
2023071400100437,2023년 7월 14일 18시,금요일,전라북도 전주시 덕진구 덕진동2가,경상사고,0,0,1,0,차대차 - 추돌,안전운전불이행,젖음/습기,비,단일로 - 기타,승용,남,68세,상해없음,승용,여,54세,경상
2023071400100438,2023년 7월 14일 18시,금요일,전라북도 군산시 수송동,경상사고,0,0,1,0,차대차 - 기타,안전거리미확보,건조,맑음,단일로 - 지하차도(도로)내,승용,남,64세,상해없음,승용,남,48세,경상
2023071400100479,2023년 7월 14일 19시,금요일,전라북도 정읍시 상동,중상사고,0,1,0,0,차대사람 - 횡단중,보행자보호의무위반,젖음/습기,비,단일로 - 기타,승용,여,35세,상해없음,보행자,남,15세,중상
2023071400100512,2023년 7월 14일 20시,금요일,전라북도 익산시 모현동1가,경상사고,0,0,1,0,차대차 - 추돌,안전운전불이행,젖음/습기,비,단일로 - 기타,승용,남,58세,상해없음,화물,남,44세,경상
2023071400100565,2023년 7월 14일 22시,금요일,전라북도 익산시 모현동2가,중상사고,0,1,0,0,차대차 - 측면충돌,안전운전불이행,젖음/습기,비,단일로 - 기타,승용,남,46세,상해없음,승용,여,41세,중상
2023071400100597,2023년 7월 14일 23시,금요일,전라북도 익산시 신동,경상사고,0,0,1,0,차대차 - 측면충돌,중앙선침범,젖음/습기,비,교차로 - 교차로부근,이륜,남,26세,상해없음,승용,여,28세,경상
2023071400100598,2023년 7월 14일 23시,금요일,전라북도 완주군 봉동읍,중상사고,0,1,0,0,차대차 - 측면충돌,중앙선침범,젖음/습기,비,교차로 - 교차로부근,승용,남,39세,상해없음,자전거,남,33세,중상
2023071500100092,2023년 7월 15일 07시,토요일,전라북도 군산시 성산면,경상사고,0,0,2,0,차대차 - 측면충돌,안전운전불이행,젖음/습기,비,단일로 - 기타,승용,남,46세,경상,승용,남,54세,경상
2023071500100145,2023년 7월 15일 10시,토요일,전라북도 정읍시 연지동,중상사고,0,1,0,0,차대차 - 기타,중앙선침범,젖음/습기,비,단일로 - 기타,자전거,여,85세,중상,화물,남,63세,상해없음
2023071500100146,2023년 7월 15일 10시,토요일,전라북도 남원시 산내면,사망사고,1,0,0,0,차대사람 - 횡단중,기타,젖음/습기,비,단일로 - 기타,화물,여,63세,상해없음,보행자,여,83세,사망
2023071500100182,2023년 7월 15일 11시,토요일,전라북도 정읍시 신정동,중상사고,0,1,0,0,차대사람 - 횡단중,보행자보호의무위반,젖음/습기,비,교차로 - 교차로횡단보도내,승용,여,33세,상해없음,보행자,남,69세,중상
2023071500100212,2023년 7월 15일 12시,토요일,전라북도 전주시 덕진구 우아동3가,중상사고,0,2,1,0,차대차 - 측면충돌,안전운전불이행,젖음/습기,비,교차로 - 교차로안,승용,남,60세,상해없음,승용,남,26세,경상
2023071500100243,2023년 7월 15일 13시,토요일,전라북도 전주시 완산구 평화동1가,경상사고,0,0,3,0,차대차 - 추돌,안전운전불이행,건조,맑음,교차로 - 교차로안,승용,남,68세,상해없음,승용,남,43세,경상
2023071500100276,2023년 7월 15일 14시,토요일,전라북도 전주시 완산구 서신동,경상사고,0,0,2,0,차대차 - 추돌,안전운전불이행,젖음/습기,흐림,단일로 - 기타,승용,여,56세,상해없음,승용,남,39세,경상
2023071500100308,2023년 7월 15일 15시,토요일,전라북도 전주시 완산구 삼천동2가,경상사고,0,0,1,0,차대차 - 측면충돌,안전운전불이행,젖음/습기,비,교차로 - 교차로부근,화물,남,69세,상해없음,승용,남,63세,경상
2023071500100309,2023년 7월 15일 15시,토요일,전라북도 남원시 신촌동,경상사고,0,0,5,0,차대차 - 추돌,안전운전불이행,젖음/습기,비,단일로 - 기타,화물,남,54세,상해없음,승용,여,44세,경상
2023071500100368,2023년 7월 15일 17시,토요일,전라북도 전주시 덕진구 인후동1가,경상사고,0,0,1,0,차대차 - 측면충돌,안전운전불이행,건조,맑음,교차로 - 교차로안,승용,남,60세,상해없음,승합,남,59세,경상
2023071500100369,2023년 7월 15일 17시,토요일,전라북도 군산시 중앙로1가,사망사고,1,0,0,0,차대사람 - 횡단중,기타,젖음/습기,비,단일로 - 기타,승용,남,63세,상해없음,보행자,여,81세,사망
2023071500100399,2023년 7월 15일 18시,토요일,전라북도 전주시 덕진구 송천동2가,경상사고,0,0,2,0,차대차 - 추돌,안전운전불이행,젖음/습기,비,단일로 - 기타,승용,남,68세,상해없음,승용,남,61세,경상
2023071500100484,2023년 7월 15일 21시,토요일,전라북도 전주시 덕진구 진북동,경상사고,0,0,4,0,차대차 - 측면충돌,안전거리미확보,건조,맑음,단일로 - 기타,승용,남,67세,상해없음,승용,남,30세,경상
2023071500100485,2023년 7월 15일 21시,토요일,전라북도 부안군 변산면,경상사고,0,0,4,0,차대차 - 측면충돌,중앙선침범,젖음/습기,비,단일로 - 지하차도(도로)내,화물,남,53세,상해없음,승용,남,36세,경상
2023071600100006,2023년 7월 16일 00시,일요일,전라북도 전주시 완산구 서신동,중상사고,0,1,1,0,차대사람 - 횡단중,보행자보호의무위반,건조,맑음,교차로 - 교차로횡단보도내,승용,남,71세,상해없음,보행자,여,92세,중상
2023071600100019,2023년 7월 16일 01시,일요일,전라북도 전주시 덕진구 금암동,경상사고,0,0,1,0,차대차 - 측면충돌,안전운전불이행,젖음/습기,비,단일로 - 기타,승용,남,29세,상해없음,승합,남,44세,상해없음
2023071600100030,2023년 7월 16일 02시,일요일,전라북도 군산시 성산면,경상사고,0,0,3,0,차대차 - 추돌,안전거리미확보,젖음/습기,비,단일로 - 기타,승용,남,22세,상해없음,승용,여,39세,경상
2023071600100031,2023년 7월 16일 02시,일요일,전라북도 익산시 신동,중상사고,0,1,0,0,차대차 - 기타,안전운전불이행,젖음/습기,비,교차로 - 교차로부근,승용,남,27세,상해없음,승용,남,52세,상해없음
2023071600100067,2023년 7월 16일 07시,일요일,전라북도 익산시 황등면,중상사고,0,1,0,0,차대차 - 측면충돌,신호위반,젖음/습기,비,교차로 - 교차로안,승용,남,30세,상해없음,승용,남,64세,중상
2023071600100068,2023년 7월 16일 07시,일요일,전라북도 임실군 관촌면,중상사고,0,1,0,0,차대사람 - 기타,안전운전불이행,건조,맑음,기타 - 기타,화물,남,58세,상해없음,보행자,여,83세,중상
2023071600100074,2023년 7월 16일 08시,일요일,전라북도 군산시 조촌동,경상사고,0,0,1,0,차대차 - 기타,교차로운행방법위반,젖음/습기,비,교차로 - 교차로부근,승용,남,70세,상해없음,자전거,남,50세,경상
2023071600100075,2023년 7월 16일 08시,일요일,전라북도 남원시 노암동,중상사고,0,1,1,0,차대차 - 정면충돌,안전운전불이행,젖음/습기,비,단일로 - 기타,승용,여,23세,상해없음,화물,남,63세,경상
2023071600100099,2023년 7월 16일 10시,일요일,전라북도 군산시 소룡동,경상사고,0,0,3,0,차대차 - 기타,교차로운행방법위반,건조,흐림,교차로 - 교차로안,화물,남,69세,경상,화물,여,58세,경상
2023071600100116,2023년 7월 16일 11시,일요일,전라북도 정읍시 시기동,경상사고,0,0,1,0,차대차 - 추돌,안전운전불이행,젖음/습기,비,교차로 - 교차로부근,승용,남,26세,상해없음,승용,남,36세,경상
2023071600100191,2023년 7월 16일 14시,일요일,전라북도 전주시 덕진구 우아동3가,경상사고,0,0,1,0,차대차 - 추돌,신호위반,건조,맑음,교차로 - 교차로안,승용,여,60세,상해없음,승용,남,24세,경상
2023071600100215,2023년 7월 16일 15시,일요일,전라북도 전주시 완산구 고사동,중상사고,0,1,0,0,차대사람 - 횡단중,안전운전불이행,젖음/습기,흐림,단일로 - 기타,이륜,남,52세,상해없음,보행자,남,7세,중상
2023071600100305,2023년 7월 16일 20시,일요일,전라북도 전주시 완산구 평화동2가,경상사고,0,0,1,0,차대사람 - 기타,안전운전불이행,건조,맑음,단일로 - 기타,승용,여,44세,상해없음,보행자,남,17세,경상
2023071600100306,2023년 7월 16일 20시,일요일,전라북도 전주시 덕진구 만성동,중상사고,0,1,0,0,차대사람 - 횡단중,신호위반,젖음/습기,흐림,교차로 - 교차로횡단보도내,이륜,남,38세,상해없음,보행자,남,35세,중상
2023071600100326,2023년 7월 16일 21시,일요일,전라북도 전주시 덕진구 금암동,경상사고,0,0,4,0,차대차 - 추돌,안전운전불이행,건조,흐림,교차로 - 교차로부근,승용,남,60세,상해없음,화물,남,68세,경상
2023071700100009,2023년 7월 17일 00시,월요일,전라북도 익산시 영등동,경상사고,0,0,1,0,차대사람 - 기타,안전운전불이행,젖음/습기,비,단일로 - 기타,화물,남,47세,상해없음,보행자,남,63세,경상
2023071700100016,2023년 7월 17일 01시,월요일,전라북도 군산시 소룡동,중상사고,0,1,0,0,차대차 - 기타,안전운전불이행,건조,흐림,교차로 - 교차로안,화물,남,51세,상해없음,승용,남,73세,중상
2023071700100109,2023년 7월 17일 08시,월요일,전라북도 군산시 조촌동,경상사고,0,0,4,0,차대차 - 추돌,안전운전불이행,젖음/습기,비,단일로 - 지하차도(도로)내,승용,여,50세,경상,승용,여,48세,상해없음
2023071700100110,2023년 7월 17일 08시,월요일,전라북도 완주군 소양면,경상사고,0,0,1,0,차대차 - 기타,신호위반,젖음/습기,비,교차로 - 교차로안,승용,여,52세,상해없음,승용,남,71세,경상
2023071700100239,2023년 7월 17일 12시,월요일,전라북도 익산시 황등면,경상사고,0,0,1,0,차대차 - 측면충돌,안전운전불이행,건조,맑음,교차로 - 교차로부근,승용,남,48세,상해없음,이륜,남,76세,경상
2023071700100268,2023년 7월 17일 13시,월요일,전라북도 군산시 문화동,경상사고,0,0,2,0,차대차 - 측면충돌,차로위반,건조,맑음,단일로 - 지하차도(도로)내,승합,남,60세,상해없음,승용,여,27세,경상
2023071700100269,2023년 7월 17일 13시,월요일,전라북도 남원시 금지면,경상사고,0,0,1,0,차대사람 - 차도통행중,안전운전불이행,건조,맑음,단일로 - 기타,화물,남,51세,상해없음,보행자,남,58세,경상
2023071700100270,2023년 7월 17일 13시,월요일,전라북도 부안군 부안읍,경상사고,0,0,2,0,차대차 - 측면충돌,안전운전불이행,건조,맑음,교차로 - 교차로안,승용,여,67세,상해없음,화물,남,44세,경상
2023071700100304,2023년 7월 17일 14시,월요일,전라북도 전주시 완산구 효자동2가,경상사고,0,0,1,0,차대차 - 측면충돌,신호위반,건조,맑음,교차로 - 교차로안,승용,여,61세,상해없음,승용,남,26세,경상
2023071700100305,2023년 7월 17일 14시,월요일,전라북도 전주시 덕진구 송천동2가,경상사고,0,0,2,0,차대차 - 추돌,안전운전불이행,건조,맑음,교차로 - 교차로부근,승용,남,29세,상해없음,승용,남,72세,경상
2023071700100306,2023년 7월 17일 14시,월요일,전라북도 전주시 덕진구 송천동1가,경상사고,0,0,1,0,차대사람 - 기타,기타,젖음/습기,비,단일로 - 기타,승합,남,61세,상해없음,보행자,여,61세,경상
2023071700100307,2023년 7월 17일 14시,월요일,전라북도 전주시 덕진구 송천동1가,경상사고,0,0,1,0,차대차 - 측면충돌,안전운전불이행,건조,맑음,단일로 - 기타,승용,여,42세,상해없음,승용,남,50세,경상
2023071700100341,2023년 7월 17일 15시,월요일,전라북도 정읍시 옹동면,경상사고,0,0,1,0,차대차 - 측면충돌,중앙선침범,젖음/습기,비,교차로 - 교차로부근,승용,남,32세,상해없음,승용,남,56세,경상
2023071700100451,2023년 7월 17일 18시,월요일,전라북도 군산시 내초동,경상사고,0,0,1,0,차대차 - 추돌,안전운전불이행,젖음/습기,비,단일로 - 지하차도(도로)내,승용,남,45세,상해없음,승용,여,25세,경상
2023071700100508,2023년 7월 17일 20시,월요일,전라북도 고창군 고수면,중상사고,0,1,0,0,차대사람 - 차도통행중,보행자보호의무위반,젖음/습기,흐림,단일로 - 기타,화물,남,57세,상해없음,보행자,남,71세,중상
2023071700100532,2023년 7월 17일 21시,월요일,전라북도 전주시 완산구 효자동2가,경상사고,0,0,2,0,차대차 - 추돌,안전운전불이행,젖음/습기,비,교차로 - 교차로부근,승용,남,53세,상해없음,승용,남,50세,경상
2023071700100553,2023년 7월 17일 22시,월요일,전라북도 전주시 완산구 다가동3가,경상사고,0,0,1,0,차대차 - 추돌,안전운전불이행,젖음/습기,비,교차로 - 교차로부근,승용,남,49세,상해없음,승용,여,36세,경상
2023071700100573,2023년 7월 17일 23시,월요일,전라북도 전주시 완산구 서신동,경상사고,0,0,2,0,차대차 - 추돌,안전운전불이행,건조,맑음,교차로 - 교차로부근,승용,남,29세,상해없음,승용,남,63세,경상