사고번호,사고일시,요일,시군구,사고내용,사망자수,중상자수,경상자수,부상신고자수,사고유형,법규위반,노면상태,기상상태,도로형태,가해운전자 차종,가해운전자 성별,가해운전자 연령,가해운전자 상해정도,피해운전자 차종,피해운전자 성별,피해운전자 연령,피해운전자 상해정도
2023071800100030,2023년 7월 18일 03시,화요일,전라북도 익산시 마동,경상사고,0,0,2,0,차대차 - 측면충돌,중앙선침범,건조,맑음,교차로 - 교차로부근,승용,여,50세,상해없음,승용,남,63세,경상
2023071800100051,2023년 7월 18일 06시,화요일,전라북도 김제시 백산면,경상사고,0,0,1,0,차대차 - 측면충돌,직진우회전진행방해,젖음/습기,비,교차로 - 교차로안,화물,남,72세,상해없음,승용,여,62세,경상
2023071800100093,2023년 7월 18일 08시,화요일,전라북도 전주시 완산구 삼천동2가,경상사고,0,0,3,0,차대차 - 정면충돌,중앙선침범,젖음/습기,비,단일로 - 기타,승용,남,79세,상해없음,승용,남,57세,경상
2023071800100217,2023년 7월 18일 12시,화요일,전라북도 전주시 완산구 삼천동1가,중상사고,0,3,1,0,차대차 - 측면충돌,신호위반,젖음/습기,비,교차로 - 교차로안,승용,남,55세,상해없음,승용,남,52세,중상
2023071800100218,2023년 7월 18일 12시,화요일,전라북도 익산시 황등면,중상사고,0,1,0,0,차대사람 - 기타,안전운전불이행,젖음/습기,비,단일로 - 기타,승용,남,61세,상해없음,보행자,남,55세,중상
2023071800100219,2023년 7월 18일 12시,화요일,전라북도 정읍시 상동,중상사고,0,1,0,0,차대사람 - 횡단중,안전운전불이행,젖음/습기,비,교차로 - 교차로부근,승합,남,57세,상해없음,보행자,여,87세,중상
2023071800100347,2023년 7월 18일 16시,화요일,전라북도 익산시 팔봉동,경상사고,0,0,1,0,차대차 - 측면충돌,신호위반,건조,맑음,교차로 - 교차로안,승용,남,65세,상해없음,승용,여,47세,경상
2023071800100348,2023년 7월 18일 16시,화요일,전라북도 익산시 영등동,경상사고,0,0,1,0,차대사람 - 횡단중,보행자보호의무위반,젖음/습기,비,교차로 - 교차로횡단보도내,개인형이동수단(PM),여,14세,상해없음,보행자,여,43세,경상
2023071800100382,2023년 7월 18일 17시,화요일,전라북도 군산시 서흥남동,경상사고,0,0,2,0,차대차 - 측면충돌,안전운전불이행,젖음/습기,비,교차로 - 교차로안,승용,남,25세,경상,이륜,남,45세,경상
2023071800100425,2023년 7월 18일 18시,화요일,전라북도 전주시 완산구 서신동,경상사고,0,0,1,0,차대차 - 측면충돌,불법유턴,젖음/습기,비,단일로 - 기타,승용,남,26세,상해없음,승용,남,68세,경상
2023071800100482,2023년 7월 18일 20시,화요일,전라북도 완주군 봉동읍,사망사고,1,0,0,0,차량단독 - 전도전복 - 전도,안전운전불이행,젖음/습기,비,단일로 - 기타,이륜,남,80세,사망,,,,
2023071800100536,2023년 7월 18일 22시,화요일,전라북도 전주시 덕진구 인후동1가,경상사고,0,0,1,0,차대차 - 측면충돌,차로위반,건조,맑음,단일로 - 기타,승용,남,16세,상해없음,승용,남,74세,경상
2023071900100074,2023년 7월 19일 07시,수요일,전라북도 완주군 봉동읍,중상사고,0,1,2,0,차대차 - 측면충돌,신호위반,건조,맑음,교차로 - 교차로안,승용,여,35세,경상,승용,남,29세,중상
2023071900100106,2023년 7월 19일 08시,수요일,전라북도 김제시 교동,중상사고,0,1,1,0,차대차 - 측면충돌,직진우회전진행방해,건조,맑음,교차로 - 교차로안,승용,여,29세,경상,이륜,남,44세,중상
2023071900100107,2023년 7월 19일 08시,수요일,전라북도 장수군 산서면,경상사고,0,0,2,0,차대차 - 측면충돌,교차로운행방법위반,건조,맑음,교차로 - 교차로안,승용,여,21세,경상,화물,여,44세,경상
2023071900100186,2023년 7월 19일 10시,수요일,전라북도 전주시 완산구 서신동,경상사고,0,0,1,0,차대차 - 후진중충돌,안전운전불이행,건조,맑음,교차로 - 교차로부근,승용,남,64세,기타불명,승용,남,68세,경상
2023071900100187,2023년 7월 19일 10시,수요일,전라북도 익산시 남중동,경상사고,0,0,1,0,차대차 - 측면충돌,신호위반,건조,맑음,교차로 - 교차로안,승용,여,75세,상해없음,승용,남,60세,경상
2023071900100188,2023년 7월 19일 10시,수요일,전라북도 정읍시 수성동,경상사고,0,0,2,0,차대차 - 기타,신호위반,건조,맑음,교차로 - 교차로안,승용,여,62세,경상,승용,남,75세,경상
2023071900100189,2023년 7월 19일 10시,수요일,전라북도 완주군 이서면,경상사고,0,0,1,0,차대차 - 추돌,안전거리미확보,건조,맑음,단일로 - 기타,승용,여,46세,상해없음,이륜,남,54세,경상
2023071900100222,2023년 7월 19일 11시,수요일,전라북도 전주시 덕진구 우아동2가,경상사고,0,0,2,0,차대차 - 후진중충돌,불법유턴,건조,맑음,교차로 - 교차로부근,승용,남,59세,상해없음,승용,남,60세,경상
2023071900100223,2023년 7월 19일 11시,수요일,전라북도 군산시 나운동,중상사고,0,1,0,0,차대사람 - 횡단중,보행자보호의무위반,건조,맑음,교차로 - 교차로안,승용,남,74세,상해없음,보행자,남,73세,중상
2023071900100401,2023년 7월 19일 16시,수요일,전라북도 전주시 완산구 중화산동2가,중상사고,0,1,0,0,차대차 - 정면충돌,안전운전불이행,건조,맑음,교차로 - 교차로횡단보도내,승용,여,49세,상해없음,원동기,남,45세,중상
2023071900100402,2023년 7월 19일 16시,수요일,전라북도 전주시 덕진구 금암동,경상사고,0,0,1,0,차대차 - 추돌,안전운전불이행,건조,맑음,단일로 - 기타,승용,남,24세,상해없음,화물,여,44세,경상
2023071900100499,2023년 7월 19일 18시,수요일,전라북도 군산시 해망동,경상사고,0,0,1,0,차대차 - 측면충돌,안전거리미확보,건조,맑음,단일로 - 기타,화물,남,52세,상해없음,승용,남,41세,경상
2023071900100529,2023년 7월 19일 19시,수요일,전라북도 전주시 완산구 경원동3가,중상사고,0,1,0,0,차대차 - 기타,안전운전불이행,건조,맑음,단일로 - 기타,승용,여,24세,상해없음,자전거,남,51세,중상
2023071900100530,2023년 7월 19일 19시,수요일,전라북도 순창군 쌍치면,경상사고,0,0,2,0,차대차 - 정면충돌,중앙선침범,젖음/습기,맑음,단일로 - 터널,승용,여,54세,상해없음,승용,남,51세,경상
2023071900100554,2023년 7월 19일 20시,수요일,전라북도 군산시 명산동,경상사고,0,0,1,0,차대차 - 기타,신호위반,건조,맑음,교차로 - 교차로안,개인형이동수단(PM),남,52세,상해없음,승용,남,66세,상해없음
2023071900100584,2023년 7월 19일 21시,수요일,전라북도 김제시 성덕면,경상사고,0,0,2,0,차대차 - 측면충돌,중앙선침범,건조,맑음,단일로 - 기타,승용,남,45세,상해없음,승용,남,76세,경상
2023071900100614,2023년 7월 19일 23시,수요일,전라북도 정읍시 정우면,경상사고,0,0,1,0,차대차 - 추돌,안전거리미확보,건조,맑음,단일로 - 기타,승용,남,33세,상해없음,승용,남,51세,경상
2023072000100068,2023년 7월 20일 07시,목요일,전라북도 군산시 대야면,중상사고,0,3,2,0,차대차 - 추돌,안전운전불이행,건조,맑음,단일로 - 기타,승합,남,51세,경상,승합,남,60세,경상
2023072000100069,2023년 7월 20일 07시,목요일,전라북도 고창군 상하면,중상사고,0,1,0,0,차량단독 - 기타,안전운전불이행,건조,맑음,단일로 - 기타,농기계,남,75세,중상,,,,
2023072000100132,2023년 7월 20일 09시,목요일,전라북도 군산시 지곡동,중상사고,0,1,0,0,차대사람 - 기타,안전운전불이행,건조,맑음,단일로 - 기타,승용,남,69세,상해없음,보행자,여,74세,중상
2023072000100202,2023년 7월 20일 11시,목요일,전라북도 전주시 덕진구 금암동,경상사고,0,0,1,0,차대차 - 측면충돌,신호위반,건조,맑음,기타 - 기타,승용,여,43세,상해없음,승용,남,72세,경상
2023072000100203,2023년 7월 20일 11시,목요일,전라북도 고창군 흥덕면,경상사고,0,0,1,0,차대차 - 측면충돌,안전운전불이행,건조,맑음,교차로 - 교차로안,화물,남,65세,상해없음,승용,남,38세,경상
2023072000100273,2023년 7월 20일 13시,목요일,전라북도 전주시 덕진구 여의동2가,경상사고,0,0,1,0,차대사람 - 기타,안전운전불이행,건조,맑음,기타 - 기타,승용,여,50세,상해없음,보행자,남,17세,경상
2023072000100274,2023년 7월 20일 13시,목요일,전라북도 순창군 순창읍,부상신고사고,0,0,0,1,차대차 - 측면충돌,안전거리미확보,건조,맑음,단일로 - 기타,이륜,남,83세,부상신고,화물,남,67세,상해없음
2023072000100310,2023년 7월 20일 14시,목요일,전라북도 전주시 완산구 효자동3가,경상사고,0,0,2,0,차대차 - 측면충돌,안전거리미확보,건조,맑음,단일로 - 기타,승용,여,67세,경상,승용,여,38세,경상
2023072000100311,2023년 7월 20일 14시,목요일,전라북도 진안군 마령면,경상사고,0,0,3,0,차대차 - 측면충돌,중앙선침범,건조,맑음,단일로 - 기타,승용,여,59세,경상,화물,남,57세,경상
2023072000100353,2023년 7월 20일 15시,목요일,전라북도 정읍시 용계동,경상사고,0,0,2,0,차대차 - 측면충돌,신호위반,건조,맑음,교차로 - 교차로안,승용,남,80세,경상,화물,남,84세,경상
2023072000100395,2023년 7월 20일 16시,목요일,전라북도 진안군 성수면,경상사고,0,0,2,0,차대차 - 정면충돌,신호위반,건조,맑음,교차로 - 교차로안,화물,남,69세,상해없음,승용,여,51세,경상
2023072000100435,2023년 7월 20일 17시,목요일,전라북도 전주시 완산구 효자동3가,중상사고,0,1,1,0,차대차 - 측면충돌,안전운전불이행,건조,맑음,교차로 - 교차로안,승용,남,46세,상해없음,승용,남,67세,경상
2023072000100436,2023년 7월 20일 17시,목요일,전라북도 정읍시 상동,경상사고,0,0,1,0,차대차 - 측면충돌,직진우회전진행방해,건조,맑음,교차로 - 교차로안,승용,남,69세,상해없음,승용,남,57세,경상
2023072000100471,2023년 7월 20일 18시,목요일,전라북도 군산시 산북동,중상사고,0,1,0,0,차대사람 - 기타,기타,건조,흐림,단일로 - 기타,승용,남,38세,상해없음,보행자,남,75세,중상
2023072000100472,2023년 7월 20일 18시,목요일,전라북도 진안군 정천면,중상사고,0,2,0,0,차량단독 - 공작물충돌,안전운전불이행,건조,맑음,단일로 - 기타,화물,남,74세,중상,,,,
2023072000100530,2023년 7월 20일 20시,목요일,전라북도 전주시 완산구 효자동2가,경상사고,0,0,1,0,차대사람 - 기타,안전운전불이행,건조,맑음,기타 - 기타,자전거,남,69세,기타불명,보행자,여,59세,경상
2023072000100531,2023년 7월 20일 20시,목요일,전라북도 전주시 덕진구 덕진동1가,경상사고,0,0,1,0,차대차 - 추돌,안전운전불이행,건조,맑음,교차로 - 교차로안,원동기,남,23세,상해없음,승용,남,67세,경상
2023072100100017,2023년 7월 21일 01시,금요일,전라북도 전주시 완산구 중화산동2가,경상사고,0,0,1,0,차대사람 - 기타,안전운전불이행,건조,맑음,기타 - 기타,승용,남,60세,상해없음,보행자,남,38세,경상
2023072100100074,2023년 7월 21일 07시,금요일,전라북도 익산시 황등면,경상사고,0,0,1,0,차대차 - 측면충돌,안전운전불이행,건조,맑음,교차로 - 교차로안,화물,남,67세,상해없음,개인형이동수단(PM),남,35세,경상
2023072100100102,2023년 7월 21일 08시,금요일,전라북도 전주시 덕진구 우아동1가,경상사고,0,0,2,0,차대차 - 추돌,안전운전불이행,건조,맑음,교차로 - 교차로부근,승용,남,67세,상해없음,승용,여,42세,경상
2023072100100103,2023년 7월 21일 08시,금요일,전라북도 군산시 내초동,사망사고,1,0,0,0,차대사람 - 기타,안전운전불이행,건조,맑음,단일로 - 고가도로위,건설기계,남,45세,상해없음,보행자,남,53세,사망
2023072100100132,2023년 7월 21일 09시,금요일,전라북도 진안군 진안읍,중상사고,0,1,0,0,차대사람 - 횡단중,안전운전불이행,건조,맑음,단일로 - 기타,승용,남,44세,상해없음,보행자,여,83세,중상
2023072100100162,2023년 7월 21일 10시,금요일,전라북도 군산시 내흥동,중상사고,0,1,0,0,차대차 - 측면충돌,교차로운행방법위반,건조,맑음,교차로 - 교차로안,승용,남,44세,상해없음,이륜,남,28세,중상
2023072100100163,2023년 7월 21일 10시,금요일,전라북도 익산시 창인동1가,경상사고,0,0,1,0,차대차 - 측면충돌,안전운전불이행,건조,맑음,교차로 - 교차로안,승용,여,58세,상해없음,승용,남,48세,경상
2023072100100237,2023년 7월 21일 12시,금요일,전라북도 익산시 어양동,경상사고,0,0,1,0,차대차 - 측면충돌,안전운전불이행,건조,맑음,교차로 - 교차로부근,승합,남,32세,상해없음,자전거,여,25세,경상
2023072100100280,2023년 7월 21일 13시,금요일,전라북도 전주시 완산구 효자동3가,경상사고,0,0,2,0,차대차 - 측면충돌,중앙선침범,건조,맑음,단일로 - 기타,승용,여,72세,상해없음,승용,여,49세,경상
2023072100100281,2023년 7월 21일 13시,금요일,전라북도 전주시 덕진구 금암동,경상사고,0,0,1,0,차대사람 - 기타,안전운전불이행,건조,맑음,단일로 - 기타,승용,남,58세,상해없음,보행자,남,25세,경상
2023072100100318,2023년 7월 21일 14시,금요일,전라북도 전주시 덕진구 여의동,경상사고,0,0,2,0,차대차 - 기타,불법유턴,건조,맑음,단일로 - 기타,승용,남,64세,상해없음,승용,남,49세,경상
2023072100100319,2023년 7월 21일 14시,금요일,전라북도 순창군 순창읍,경상사고,0,0,1,0,차대차 - 측면충돌,교차로운행방법위반,건조,맑음,교차로 - 교차로안,화물,남,62세,상해없음,화물,남,73세,상해없음
2023072100100320,2023년 7월 21일 14시,금요일,전라북도 무주군 무풍면,경상사고,0,0,2,0,차대차 - 측면충돌,기타,건조,맑음,교차로 - 교차로안,화물,남,22세,경상,화물,남,60세,경상
2023072100100364,2023년 7월 21일 15시,금요일,전라북도 전주시 완산구 평화동2가,경상사고,0,0,1,0,차대차 - 측면충돌,신호위반,건조,맑음,교차로 - 교차로안,승용,남,75세,상해없음,승용,여,42세,경상
2023072100100365,2023년 7월 21일 15시,금요일,전라북도 익산시 모현동1가,중상사고,0,1,0,0,차대차 - 측면충돌,직진우회전진행방해,건조,맑음,교차로 - 교차로안,승용,여,46세,상해없음,자전거,남,67세,중상
2023072100100366,2023년 7월 21일 15시,금요일,전라북도 고창군 고창읍,중상사고,0,1,0,0,차대차 - 측면충돌,안전거리미확보,건조,맑음,기타 - 기타,승용,남,65세,상해없음,원동기,남,79세,중상
2023072100100367,2023년 7월 21일 15시,금요일,전라북도 완주군 구이면,경상사고,0,0,4,0,차대차 - 정면충돌,안전운전불이행,건조,맑음,교차로 - 교차로안,승용,여,64세,상해없음,승용,남,57세,경상
2023072100100464,2023년 7월 21일 17시,금요일,전라북도 군산시 미장동,경상사고,0,0,1,0,차대차 - 측면충돌,안전거리미확보,건조,맑음,단일로 - 지하차도(도로)내,화물,남,79세,상해없음,화물,남,52세,상해없음
2023072100100465,2023년 7월 21일 17시,금요일,전라북도 김제시 신풍동,중상사고,0,1,0,0,차대차 - 측면충돌,직진우회전진행방해,건조,맑음,교차로 - 교차로안,승용,남,35세,상해없음,이륜,남,44세,중상
2023072100100529,2023년 7월 21일 18시,금요일,전라북도 전주시 완산구 평화동2가,경상사고,0,0,1,0,차대차 - 기타,안전운전불이행,건조,맑음,교차로 - 교차로안,화물,남,65세,상해없음,원동기,여,30세,경상
2023072100100530,2023년 7월 21일 18시,금요일,전라북도 전주시 덕진구 반월동,경상사고,0,0,1,0,차대차 - 측면충돌,안전운전불이행,젖음/습기,흐림,기타 - 기타,승용,남,70세,상해없음,승용,남,32세,경상
2023072100100632,2023년 7월 21일 21시,금요일,전라북도 익산시 남중동,중상사고,0,1,0,0,차대사람 - 차도통행중,안전운전불이행,건조,흐림,교차로 - 교차로안,승용,남,66세,상해없음,보행자,남,70세,중상
2023072100100661,2023년 7월 21일 22시,금요일,전라북도 전주시 완산구 삼천동1가,경상사고,0,0,2,0,차대차 - 추돌,안전운전불이행,건조,맑음,단일로 - 기타,화물,남,73세,상해없음,승용,남,48세,경상
2023072100100684,2023년 7월 21일 23시,금요일,전라북도 전주시 완산구 삼천동1가,경상사고,0,0,1,0,차대차 - 기타,안전운전불이행,건조,맑음,단일로 - 기타,승용,남,61세,경상,승용,남,48세,상해없음
2023072100100685,2023년 7월 21일 23시,금요일,전라북도 군산시 수송동,경상사고,0,0,1,0,차대차 - 정면충돌,안전운전불이행,건조,맑음,단일로 - 지하차도(도로)내,이륜,남,40세,상해없음,이륜,남,36세,경상
2023072200100040,2023년 7월 22일 03시,토요일,전라북도 순창군 팔덕면,중상사고,0,1,0,0,차량단독 - 공작물충돌,안전운전불이행,건조,맑음,교차로 - 교차로안,화물,남,26세,중상,,,,
2023072200100120,2023년 7월 22일 09시,토요일,전라북도 전주시 덕진구 호성동1가,경상사고,0,0,1,0,차대사람 - 기타,안전운전불이행,건조,맑음,단일로 - 기타,승합,남,57세,상해없음,보행자,여,68세,경상
2023072200100198,2023년 7월 22일 11시,토요일,전라북도 전주시 덕진구 반월동,경상사고,0,0,1,0,차대차 - 측면충돌,신호위반,건조,흐림,교차로 - 교차로안,승용,남,25세,상해없음,승용,여,59세,경상
2023072200100235,2023년 7월 22일 12시,토요일,전라북도 전주시 완산구 동서학동,경상사고,0,0,3,0,차대차 - 정면충돌,중앙선침범,건조,맑음,교차로 - 교차로횡단보도내,승용,남,51세,경상,승용,남,83세,경상
2023072200100236,2023년 7월 22일 12시,토요일,전라북도 김제시 서암동,중상사고,0,1,0,0,차대차 - 기타,안전운전불이행,건조,맑음,교차로 - 교차로부근,승용,여,28세,상해없음,승용,남,72세,중상
2023072200100267,2023년 7월 22일 13시,토요일,전라북도 군산시 대야면,경상사고,0,0,1,0,차대차 - 측면충돌,안전운전불이행,젖음/습기,맑음,단일로 - 기타,화물,여,63세,상해없음,승용,여,50세,경상
2023072200100305,2023년 7월 22일 14시,토요일,전라북도 완주군 고산면,중상사고,0,2,1,0,차대차 - 정면충돌,직진우회전진행방해,건조,맑음,교차로 - 교차로안,승용,남,25세,상해없음,승용,여,40세,중상
2023072200100327,2023년 7월 22일 15시,토요일,전라북도 전주시 완산구 서신동,경상사고,0,0,1,0,차대차 - 기타,기타,젖음/습기,비,교차로 - 교차로부근,승용,남,48세,상해없음,원동기,남,72세,경상
2023072200100353,2023년 7월 22일 16시,토요일,전라북도 전주시 완산구 중화산동2가,경상사고,0,0,3,0,차대차 - 추돌,안전운전불이행,건조,맑음,단일로 - 기타,승용,남,71세,상해없음,승용,여,35세,경상
2023072200100392,2023년 7월 22일 17시,토요일,전라북도 부안군 부안읍,경상사고,0,0,1,0,차대차 - 측면충돌,안전운전불이행,건조,맑음,교차로 - 교차로안,사륜오토바이(ATV),남,83세,경상,승용,여,44세,상해없음
2023072200100417,2023년 7월 22일 18시,토요일,전라북도 군산시 옥서면,경상사고,0,0,1,0,차대차 - 측면충돌,안전운전불이행,젖음/습기,비,단일로 - 기타,승용,남,70세,상해없음,승용,여,43세,경상
2023072200100418,2023년 7월 22일 18시,토요일,전라북도 군산시 금암동,경상사고,0,0,2,0,차대차 - 측면충돌,안전운전불이행,젖음/습기,비,교차로 - 교차로부근,승용,남,65세,상해없음,승용,여,26세,경상
2023072200100437,2023년 7월 22일 19시,토요일,전라북도 군산시 조촌동,경상사고,0,0,2,0,차대차 - 측면충돌,안전운전불이행,젖음/습기,비,교차로 - 교차로안,승용,남,38세,경상,이륜,남,40세,경상
2023072200100438,2023년 7월 22일 19시,토요일,전라북도 익산시 신동,경상사고,0,0,3,0,차대차 - 추돌,안전운전불이행,젖음/습기,흐림,기타 - 기타,승용,남,63세,상해없음,승용,여,31세,경상
2023072200100462,2023년 7월 22일 20시,토요일,전라북도 전주시 완산구 효자동2가,경상사고,0,0,1,0,차대차 - 추돌,안전거리미확보,건조,맑음,단일로 - 기타,승용,여,41세,상해없음,승용,남,33세,경상
2023072300100060,2023년 7월 23일 07시,일요일,전라북도 전주시 덕진구 산정동,경상사고,0,0,2,0,차대차 - 측면충돌,안전거리미확보,건조,맑음,교차로 - 교차로안,승용,남,53세,상해없음,승용,여,45세,경상
2023072300100061,2023년 7월 23일 07시,일요일,전라북도 익산시 춘포면,중상사고,0,1,1,0,차대차 - 추돌,안전운전불이행,젖음/습기,비,교차로 - 교차로부근,승용,남,31세,상해없음,화물,남,30세,중상
2023072300100116,2023년 7월 23일 11시,일요일,전라북도 순창군 동계면,경상사고,0,0,1,0,차대차 - 측면충돌,기타,건조,흐림,교차로 - 교차로안,이륜,남,87세,경상,원동기,남,67세,상해없음
2023072300100138,2023년 7월 23일 12시,일요일,전라북도 군산시 옥구읍,중상사고,0,1,0,0,차대차 - 추돌,기타,젖음/습기,비,단일로 - 기타,승용,남,47세,상해없음,승용,여,67세,중상
2023072300100139,2023년 7월 23일 12시,일요일,전라북도 무주군 무주읍,경상사고,0,0,1,0,차대차 - 측면충돌,직진우회전진행방해,건조,맑음,교차로 - 교차로안,승용,여,53세,상해없음,승용,남,50세,경상
2023072300100183,2023년 7월 23일 14시,일요일,전라북도 익산시 마동,경상사고,0,0,4,0,차대차 - 측면충돌,기타,젖음/습기,비,교차로 - 교차로안,승용,여,41세,상해없음,승용,여,49세,경상
2023072300100208,2023년 7월 23일 15시,일요일,전라북도 전주시 완산구 상림동,경상사고,0,0,6,0,차대차 - 측면충돌,안전운전불이행,젖음/습기,비,단일로 - 기타,승용,남,58세,상해없음,승용,남,40세,경상
2023072300100209,2023년 7월 23일 15시,일요일,전라북도 무주군 적상면,중상사고,0,1,1,0,차대차 - 측면충돌,직진우회전진행방해,젖음/습기,비,교차로 - 교차로안,승용,여,70세,중상,승합,남,58세,경상
2023072300100261,2023년 7월 23일 17시,일요일,전라북도 남원시 향교동,중상사고,0,1,0,0,차대차 - 기타,안전운전불이행,건조,맑음,교차로 - 교차로안,승용,남,65세,상해없음,자전거,여,75세,중상
2023072300100299,2023년 7월 23일 19시,일요일,전라북도 전주시 덕진구 송천동1가,경상사고,0,0,1,0,차대사람 - 횡단중,보행자보호의무위반,젖음/습기,비,교차로 - 교차로안,승용,남,42세,상해없음,보행자,여,13세,경상
2023072300100300,2023년 7월 23일 19시,일요일,전라북도 정읍시 연지동,중상사고,0,1,4,0,차대차 - 측면충돌,직진우회전진행방해,젖음/습기,비,교차로 - 교차로안,승용,여,57세,경상,승용,남,59세,중상
2023072300100351,2023년 7월 23일 21시,일요일,전라북도 전주시 덕진구 진북동,중상사고,0,1,0,0,차대사람 - 횡단중,안전운전불이행,젖음/습기,비,교차로 - 교차로안,이륜,남,41세,상해없음,보행자,여,55세,중상
2023072400100033,2023년 7월 24일 05시,월요일,전라북도 남원시 어현동,경상사고,0,0,1,0,차량단독 - 전도전복 - 전도,안전운전불이행,젖음/습기,비,교차로 - 교차로부근,원동기,여,72세,경상,,,,
2023072400100098,2023년 7월 24일 08시,월요일,전라북도 정읍시 신월동,중상사고,0,1,1,0,차대차 - 정면충돌,안전운전불이행,건조,맑음,교차로 - 교차로안,승용,여,27세,경상,승용,남,46세,중상
2023072400100158,2023년 7월 24일 10시,월요일,전라북도 군산시 미장동,중상사고,0,1,0,0,차대차 - 기타,안전운전불이행,건조,맑음,교차로 - 교차로부근,승합,남,65세,상해없음,승용,남,44세,중상
2023072400100270,2023년 7월 24일 13시,월요일,전라북도 전주시 덕진구 진북동,경상사고,0,0,1,0,차대사람 - 기타,안전운전불이행,젖음/습기,비,단일로 - 기타,승용,남,62세,상해없음,보행자,남,55세,경상
2023072400100271,2023년 7월 24일 13시,월요일,전라북도 군산시 경암동,경상사고,0,0,1,0,차대차 - 측면충돌,안전거리미확보,건조,맑음,교차로 - 교차로횡단보도내,화물,남,63세,상해없음,승용,남,59세,경상
2023072400100272,2023년 7월 24일 13시,월요일,전라북도 부안군 하서면,경상사고,0,0,2,0,차대차 - 추돌,안전운전불이행,건조,맑음,단일로 - 지하차도(도로)내,승용,남,56세,경상,화물,남,55세,경상
2023072400100273,2023년 7월 24일 13시,월요일,전라북도 부안군 행안면,경상사고,0,0,2,0,차대차 - 측면충돌,교차로운행방법위반,건조,맑음,교차로 - 교차로안,승용,여,58세,상해없음,승용,남,69세,경상
2023072400100311,2023년 7월 24일 14시,월요일,전라북도 전주시 덕진구 송천동1가,경상사고,0,0,1,0,차대차 - 추돌,안전운전불이행,건조,맑음,교차로 - 교차로안,원동기,남,41세,상해없음,이륜,남,29세,경상
2023072400100312,2023년 7월 24일 14시,월요일,전라북도 군산시 서흥남동,중상사고,0,1,0,0,차대차 - 기타,신호위반,건조,맑음,교차로 - 교차로안,승용,남,38세,상해없음,승용,남,80세,중상
2023072400100346,2023년 7월 24일 15시,월요일,전라북도 전주시 완산구 서노송동,경상사고,0,0,1,0,차대차 - 정면충돌,신호위반,건조,맑음,교차로 - 교차로안,승용,남,36세,상해없음,승용,남,59세,경상
2023072400100347,2023년 7월 24일 15시,월요일,전라북도 군산시 서흥남동,경상사고,0,0,1,0,차대차 - 기타,안전운전불이행,건조,맑음,단일로 - 기타,승용,여,60세,상해없음,자전거,남,72세,경상
2023072400100427,2023년 7월 24일 17시,월요일,전라북도 전주시 완산구 효자동2가,경상사고,0,0,2,0,차대차 - 정면충돌,안전운전불이행,건조,맑음,교차로 - 교차로안,승용,남,21세,상해없음,승용,남,19세,상해없음
2023072400100428,2023년 7월 24일 17시,월요일,전라북도 익산시 함열읍,경상사고,0,0,1,0,차대차 - 정면충돌,직진우회전진행방해,건조,맑음,교차로 - 교차로안,승용,남,46세,상해없음,승용,남,26세,경상
2023072400100470,2023년 7월 24일 18시,월요일,전라북도 전주시 완산구 효자동3가,중상사고,0,1,1,0,차대차 - 측면충돌,신호위반,건조,맑음,교차로 - 교차로안,화물,남,67세,상해없음,이륜,남,51세,중상
2023072400100471,2023년 7월 24일 18시,월요일,전라북도 전주시 완산구 서노송동,경상사고,0,0,2,0,차대차 - 추돌,안전운전불이행,건조,맑음,교차로 - 교차로부근,승용,남,48세,상해없음,승용,남,66세,경상
2023072400100526,2023년 7월 24일 20시,월요일,전라북도 전주시 완산구 평화동2가,경상사고,0,0,1,0,차대차 - 후진중충돌,불법유턴,건조,맑음,단일로 - 기타,승용,여,53세,상해없음,특수,남,28세,경상
2023072400100527,2023년 7월 24일 20시,월요일,전라북도 전주시 덕진구 덕진동2가,중상사고,0,1,0,0,차대차 - 정면충돌,중앙선침범,건조,맑음,교차로 - 교차로부근,승용,남,37세,상해없음,승용,남,54세,중상
2023072400100557,2023년 7월 24일 21시,월요일,전라북도 김제시 서암동,경상사고,0,0,1,0,차대사람 - 횡단중,안전운전불이행,건조,맑음,교차로 - 교차로부근,승용,남,26세,상해없음,보행자,남,16세,경상
2023072400100603,2023년 7월 24일 23시,월요일,전라북도 익산시 영등동,경상사고,0,0,1,0,차대차 - 측면충돌,신호위반,건조,흐림,교차로 - 교차로안,승용,남,46세,상해없음,승용,남,65세,상해없음
2023072500100011,2023년 7월 25일 01시,화요일,전라북도 군산시 성산면,경상사고,0,0,1,0,차대차 - 추돌,안전운전불이행,건조,맑음,단일로 - 기타,승용,남,57세,상해없음,화물,남,70세,경상
2023072500100062,2023년 7월 25일 07시,화요일,전라북도 전주시 완산구 효자동3가,경상사고,0,0,1,0,차대차 - 측면충돌,안전운전불이행,젖음/습기,비,교차로 - 교차로안,승용,남,20세,상해없음,승용,여,38세,경상
2023072500100063,2023년 7월 25일 07시,화요일,전라북도 전주시 완산구 서신동,중상사고,0,1,0,0,차대사람 - 횡단중,보행자보호의무위반,건조,맑음,교차로 - 교차로횡단보도내,화물,남,85세,상해없음,보행자,여,58세,중상
2023072500100089,2023년 7월 25일 08시,화요일,전라북도 전주시 덕진구 금암동,경상사고,0,0,2,0,차대차 - 측면충돌,안전거리미확보,젖음/습기,비,교차로 - 교차로안,승용,남,58세,상해없음,승용,남,24세,경상
2023072500100214,2023년 7월 25일 12시,화요일,전라북도 김제시 검산동,경상사고,0,0,2,0,차대차 - 측면충돌,신호위반,젖음/습기,비,교차로 - 교차로안,이륜,남,24세,상해없음,승용,여,27세,경상