사고번호,사고일시,요일,시군구,사고내용,사망자수,중상자수,경상자수,부상신고자수,사고유형,법규위반,노면상태,기상상태,도로형태,가해운전자 차종,가해운전자 성별,가해운전자 연령,가해운전자 상해정도,피해운전자 차종,피해운전자 성별,피해운전자 연령,피해운전자 상해정도
2023080100100332,2023년 8월 1일 15시,화요일,전라북도 진안군 백운면,경상사고,0,0,1,0,차대차 - 측면충돌,안전운전불이행,건조,맑음,단일로 - 기타,승용,남,59세,경상,승용,기타불명,미분류,기타불명
2023080100100352,2023년 8월 1일 16시,화요일,전라북도 남원시 천거동,중상사고,0,1,0,0,차대차 - 측면충돌,신호위반,건조,맑음,교차로 - 교차로안,원동기,남,63세,상해없음,개인형이동수단(PM),남,89세,중상
2023080100100379,2023년 8월 1일 17시,화요일,전라북도 익산시 여산면,경상사고,0,0,1,0,차대차 - 측면충돌,안전운전불이행,건조,맑음,교차로 - 교차로안,승용,여,47세,경상,화물,기타불명,미분류,기타불명
2023080100100380,2023년 8월 1일 17시,화요일,전라북도 남원시 아영면,경상사고,0,0,1,0,차대차 - 추돌,안전운전불이행,건조,맑음,단일로 - 기타,화물,남,40세,상해없음,승합,남,64세,경상
2023080100100416,2023년 8월 1일 18시,화요일,전라북도 전주시 완산구 효자동1가,중상사고,0,1,0,0,차대차 - 기타,안전운전불이행,건조,맑음,교차로 - 교차로부근,승용,여,42세,상해없음,승용,남,27세,상해없음
2023080100100454,2023년 8월 1일 19시,화요일,전라북도 전주시 완산구 서신동,중상사고,0,1,0,0,차대사람 - 횡단중,안전운전불이행,건조,맑음,교차로 - 교차로부근,승용,남,43세,상해없음,보행자,남,77세,중상
2023080100100484,2023년 8월 1일 20시,화요일,전라북도 군산시 나운동,경상사고,0,0,1,0,차대차 - 정면충돌,신호위반,건조,맑음,교차로 - 교차로안,승용,남,20세,상해없음,승용,남,21세,경상
2023080200100036,2023년 8월 2일 06시,수요일,전라북도 전주시 완산구 효자동1가,경상사고,0,0,2,0,차량단독 - 기타,안전운전불이행,건조,맑음,단일로 - 기타,승합,남,68세,상해없음,,,,
2023080200100078,2023년 8월 2일 08시,수요일,전라북도 부안군 부안읍,경상사고,0,0,2,0,차대차 - 추돌,안전운전불이행,건조,맑음,교차로 - 교차로부근,승용,남,76세,상해없음,승용,여,43세,경상
2023080200100197,2023년 8월 2일 12시,수요일,전라북도 군산시 나운동,경상사고,0,0,1,0,차대차 - 추돌,안전거리미확보,건조,맑음,단일로 - 기타,승용,여,68세,상해없음,승용,남,44세,상해없음
2023080200100198,2023년 8월 2일 12시,수요일,전라북도 남원시 쌍교동,경상사고,0,0,1,0,차대차 - 측면충돌,교차로운행방법위반,건조,맑음,교차로 - 교차로안,승용,여,69세,상해없음,이륜,남,36세,경상
2023080200100263,2023년 8월 2일 14시,수요일,전라북도 전주시 덕진구 인후동1가,경상사고,0,0,1,0,차대차 - 측면충돌,신호위반,건조,맑음,교차로 - 교차로부근,승용,남,63세,상해없음,원동기,남,44세,경상
2023080200100295,2023년 8월 2일 15시,수요일,전라북도 군산시 미장동,경상사고,0,0,1,0,차대차 - 기타,신호위반,건조,맑음,교차로 - 교차로안,승용,남,45세,상해없음,승용,여,27세,경상
2023080200100336,2023년 8월 2일 16시,수요일,전라북도 군산시 명산동,중상사고,0,1,0,0,차대차 - 측면충돌,안전운전불이행,건조,맑음,교차로 - 교차로횡단보도내,승용,남,43세,상해없음,자전거,남,80세,중상
2023080200100466,2023년 8월 2일 19시,수요일,전라북도 군산시 구암동,경상사고,0,0,1,0,차대차 - 측면충돌,안전운전불이행,건조,맑음,교차로 - 교차로안,승용,남,55세,상해없음,승용,남,42세,경상
2023080200100467,2023년 8월 2일 19시,수요일,전라북도 고창군 신림면,중상사고,0,1,1,0,차대차 - 측면충돌,신호위반,건조,맑음,교차로 - 교차로안,승용,남,24세,경상,승용,여,34세,중상
2023080200100487,2023년 8월 2일 20시,수요일,전라북도 정읍시 상평동,사망사고,1,0,0,0,차대사람 - 길가장자리구역통행중,안전운전불이행,건조,맑음,단일로 - 기타,승용,남,42세,상해없음,보행자,남,57세,사망
2023080200100511,2023년 8월 2일 21시,수요일,전라북도 전주시 덕진구 송천동2가,경상사고,0,0,4,0,차대차 - 추돌,신호위반,건조,맑음,교차로 - 교차로안,이륜,남,43세,상해없음,승용,남,37세,경상
2023080200100512,2023년 8월 2일 21시,수요일,전라북도 군산시 조촌동,중상사고,0,1,0,0,차대차 - 기타,신호위반,건조,맑음,교차로 - 교차로안,승용,여,32세,상해없음,승용,여,45세,중상
2023080200100536,2023년 8월 2일 22시,수요일,전라북도 전주시 완산구 효자동1가,중상사고,0,1,0,0,차대차 - 정면충돌,직진우회전진행방해,건조,맑음,교차로 - 교차로안,승용,여,41세,상해없음,원동기,남,46세,중상
2023080200100554,2023년 8월 2일 23시,수요일,전라북도 전주시 완산구 서신동,경상사고,0,0,1,0,차대차 - 추돌,안전운전불이행,건조,맑음,교차로 - 교차로부근,승용,남,41세,상해없음,승용,여,44세,경상
2023080300100012,2023년 8월 3일 01시,목요일,전라북도 전주시 완산구 서신동,경상사고,0,0,2,0,차대차 - 정면충돌,직진우회전진행방해,건조,맑음,교차로 - 교차로안,승용,남,28세,상해없음,승용,남,20세,경상
2023080300100034,2023년 8월 3일 05시,목요일,전라북도 전주시 덕진구 덕진동2가,경상사고,0,0,2,0,차대차 - 추돌,신호위반,건조,맑음,교차로 - 교차로안,승용,남,66세,상해없음,화물,남,71세,경상
2023080300100046,2023년 8월 3일 06시,목요일,전라북도 익산시 춘포면,중상사고,0,1,0,0,차대차 - 측면충돌,기타,건조,맑음,교차로 - 교차로안,승용,남,35세,상해없음,승용,남,69세,중상
2023080300100103,2023년 8월 3일 08시,목요일,전라북도 전주시 덕진구 우아동3가,중상사고,0,1,1,0,차대차 - 측면충돌,신호위반,건조,맑음,교차로 - 교차로안,승용,남,26세,상해없음,승용,남,64세,경상
2023080300100138,2023년 8월 3일 09시,목요일,전라북도 전주시 완산구 효자동1가,경상사고,0,0,1,0,차대차 - 측면충돌,안전운전불이행,건조,맑음,기타 - 기타,승용,여,64세,상해없음,자전거,여,75세,경상
2023080300100139,2023년 8월 3일 09시,목요일,전라북도 전주시 덕진구 팔복동1가,사망사고,1,0,0,0,차대차 - 추돌,안전운전불이행,건조,맑음,교차로 - 교차로횡단보도내,승용,여,64세,상해없음,자전거,남,81세,사망
2023080300100140,2023년 8월 3일 09시,목요일,전라북도 군산시 미원동,부상신고사고,0,0,0,1,차대차 - 측면충돌,안전운전불이행,건조,맑음,교차로 - 교차로안,자전거,남,79세,부상신고,승용,여,43세,상해없음
2023080300100141,2023년 8월 3일 09시,목요일,전라북도 남원시 대산면,경상사고,0,0,1,0,차대차 - 정면충돌,직진우회전진행방해,건조,맑음,교차로 - 교차로안,자전거,여,75세,경상,승용,남,31세,상해없음
2023080300100142,2023년 8월 3일 09시,목요일,전라북도 장수군 산서면,경상사고,0,0,3,0,차대차 - 측면충돌,중앙선침범,건조,맑음,단일로 - 기타,화물,남,46세,상해없음,화물,남,28세,경상
2023080300100231,2023년 8월 3일 11시,목요일,전라북도 부안군 보안면,경상사고,0,0,4,0,차대차 - 정면충돌,직진우회전진행방해,건조,맑음,교차로 - 교차로안,승용,여,73세,경상,승용,남,46세,경상
2023080300100271,2023년 8월 3일 12시,목요일,전라북도 전주시 덕진구 송천동2가,경상사고,0,0,2,0,차대차 - 후진중충돌,중앙선침범,건조,흐림,교차로 - 교차로부근,승용,여,35세,상해없음,승용,남,35세,경상
2023080300100502,2023년 8월 3일 18시,목요일,전라북도 군산시 신관동,경상사고,0,0,2,0,차대차 - 측면충돌,안전운전불이행,건조,맑음,단일로 - 기타,승용,여,28세,상해없음,승용,남,61세,경상
2023080300100503,2023년 8월 3일 18시,목요일,전라북도 진안군 진안읍,경상사고,0,0,1,0,차대차 - 추돌,안전운전불이행,건조,맑음,단일로 - 기타,승용,여,63세,상해없음,승용,여,24세,경상
2023080300100548,2023년 8월 3일 19시,목요일,전라북도 군산시 나운동,경상사고,0,0,1,0,차대차 - 측면충돌,신호위반,건조,맑음,교차로 - 교차로안,승용,남,45세,상해없음,이륜,남,24세,경상
2023080300100549,2023년 8월 3일 19시,목요일,전라북도 익산시 모현동1가,경상사고,0,0,1,0,차대차 - 후진중충돌,교차로운행방법위반,건조,맑음,교차로 - 교차로부근,승용,남,31세,상해없음,이륜,여,66세,경상
2023080400100042,2023년 8월 4일 05시,금요일,전라북도 전주시 완산구 평화동1가,경상사고,0,0,2,0,차대차 - 기타,중앙선침범,건조,맑음,단일로 - 기타,승용,남,46세,상해없음,승용,남,62세,경상
2023080400100049,2023년 8월 4일 06시,금요일,전라북도 군산시 나운동,경상사고,0,0,1,0,차대사람 - 길가장자리구역통행중,안전운전불이행,건조,맑음,단일로 - 기타,승용,남,71세,상해없음,보행자,남,54세,경상
2023080400100050,2023년 8월 4일 06시,금요일,전라북도 김제시 교동,중상사고,0,1,0,0,차대차 - 측면충돌,신호위반,건조,맑음,교차로 - 교차로안,화물,남,68세,상해없음,화물,남,50세,중상
2023080400100064,2023년 8월 4일 07시,금요일,전라북도 군산시 중앙로3가,경상사고,0,0,1,0,차대차 - 측면충돌,중앙선침범,건조,맑음,단일로 - 기타,승용,남,46세,상해없음,승용,남,63세,경상
2023080400100151,2023년 8월 4일 10시,금요일,전라북도 전주시 완산구 평화동1가,중상사고,0,1,0,0,차대사람 - 기타,안전운전불이행,건조,맑음,교차로 - 교차로부근,승용,남,59세,상해없음,보행자,남,55세,중상
2023080400100201,2023년 8월 4일 11시,금요일,전라북도 부안군 변산면,중상사고,0,1,0,0,차대사람 - 차도통행중,안전운전불이행,건조,맑음,교차로 - 교차로부근,승용,남,69세,상해없음,보행자,남,30세,중상
2023080400100233,2023년 8월 4일 12시,금요일,전라북도 정읍시 시기동,중상사고,0,1,0,0,차대차 - 측면충돌,직진우회전진행방해,건조,맑음,교차로 - 교차로안,승용,여,69세,상해없음,자전거,여,74세,중상
2023080400100275,2023년 8월 4일 13시,금요일,전라북도 군산시 소룡동,경상사고,0,0,1,0,차대차 - 측면충돌,안전운전불이행,건조,맑음,교차로 - 교차로안,화물,남,39세,상해없음,자전거,남,54세,경상
2023080400100309,2023년 8월 4일 14시,금요일,전라북도 고창군 무장면,경상사고,0,0,1,0,차대차 - 후진중충돌,안전운전불이행,건조,맑음,주차장 - 주차장,화물,남,80세,상해없음,이륜,남,82세,경상
2023080400100458,2023년 8월 4일 17시,금요일,전라북도 전주시 덕진구 진북동,경상사고,0,0,1,0,차대차 - 측면충돌,교차로운행방법위반,건조,맑음,교차로 - 교차로안,승합,남,61세,상해없음,화물,남,36세,상해없음
2023080400100459,2023년 8월 4일 17시,금요일,전라북도 남원시 죽항동,경상사고,0,0,2,0,차대차 - 추돌,안전거리미확보,건조,맑음,교차로 - 교차로부근,승용,여,55세,상해없음,승용,여,31세,경상
2023080400100510,2023년 8월 4일 18시,금요일,전라북도 익산시 금강동,경상사고,0,0,2,0,차대차 - 측면충돌,안전운전불이행,건조,맑음,단일로 - 기타,승용,남,43세,상해없음,승용,남,43세,경상
2023080400100583,2023년 8월 4일 20시,금요일,전라북도 김제시 금산면,중상사고,0,1,1,0,차대차 - 추돌,안전운전불이행,건조,맑음,단일로 - 기타,승용,여,59세,상해없음,자전거,남,40세,중상
2023080400100614,2023년 8월 4일 21시,금요일,전라북도 전주시 덕진구 덕진동1가,경상사고,0,0,1,0,차대차 - 측면충돌,안전운전불이행,건조,맑음,교차로 - 교차로안,승용,남,24세,상해없음,승용,남,51세,경상
2023080400100615,2023년 8월 4일 21시,금요일,전라북도 익산시 신동,경상사고,0,0,1,0,차대차 - 측면충돌,교차로운행방법위반,건조,맑음,교차로 - 교차로안,승용,여,43세,상해없음,승용,남,40세,경상
2023080400100670,2023년 8월 4일 23시,금요일,전라북도 전주시 덕진구 인후동1가,경상사고,0,0,1,0,차대사람 - 길가장자리구역통행중,안전운전불이행,건조,맑음,교차로 - 교차로안,승용,남,68세,상해없음,보행자,남,61세,경상
2023080500100017,2023년 8월 5일 01시,토요일,전라북도 전주시 완산구 고사동,경상사고,0,0,1,0,차대사람 - 기타,안전운전불이행,건조,맑음,단일로 - 기타,승용,여,22세,상해없음,보행자,여,29세,경상
2023080500100018,2023년 8월 5일 01시,토요일,전라북도 전주시 덕진구 우아동3가,경상사고,0,0,1,0,차대차 - 측면충돌,안전운전불이행,건조,맑음,교차로 - 교차로안,승용,여,28세,상해없음,승용,남,25세,경상
2023080500100038,2023년 8월 5일 04시,토요일,전라북도 전주시 완산구 중화산동2가,경상사고,0,0,2,0,차대차 - 측면충돌,신호위반,건조,맑음,교차로 - 교차로안,승용,남,25세,상해없음,승용,남,25세,경상
2023080500100039,2023년 8월 5일 04시,토요일,전라북도 군산시 신관동,사망사고,2,0,1,0,차대차 - 추돌,안전운전불이행,건조,맑음,단일로 - 기타,승용,남,21세,사망,승용,남,27세,경상
2023080500100050,2023년 8월 5일 05시,토요일,전라북도 익산시 함열읍,경상사고,0,0,1,0,차대차 - 측면충돌,교차로운행방법위반,건조,맑음,교차로 - 교차로부근,화물,남,60세,상해없음,화물,남,42세,경상
2023080500100061,2023년 8월 5일 06시,토요일,전라북도 정읍시 이평면,중상사고,0,1,0,0,차대사람 - 기타,안전운전불이행,건조,맑음,단일로 - 기타,승용,여,64세,상해없음,보행자,여,72세,중상
2023080500100062,2023년 8월 5일 06시,토요일,전라북도 진안군 진안읍,경상사고,0,0,2,0,차대차 - 추돌,안전운전불이행,건조,맑음,단일로 - 기타,승용,남,49세,상해없음,승용,남,49세,경상
2023080500100098,2023년 8월 5일 08시,토요일,전라북도 부안군 부안읍,경상사고,0,0,1,0,차대차 - 측면충돌,안전운전불이행,건조,맑음,교차로 - 교차로안,승용,남,38세,상해없음,승용,남,70세,경상
2023080500100130,2023년 8월 5일 09시,토요일,전라북도 김제시 백구면,경상사고,0,0,1,0,차대차 - 정면충돌,중앙선침범,건조,맑음,단일로 - 지하차도(도로)내,승용,남,68세,상해없음,승용,남,21세,경상
2023080500100170,2023년 8월 5일 10시,토요일,전라북도 전주시 완산구 중노송동,경상사고,0,0,1,0,차대차 - 기타,안전운전불이행,건조,맑음,단일로 - 기타,화물,남,30세,상해없음,이륜,남,45세,경상
2023080500100171,2023년 8월 5일 10시,토요일,전라북도 정읍시 연지동,경상사고,0,0,1,0,차대사람 - 횡단중,중앙선침범,건조,맑음,단일로 - 기타,승용,남,61세,상해없음,보행자,여,75세,경상
2023080500100206,2023년 8월 5일 11시,토요일,전라북도 정읍시 고부면,중상사고,0,1,0,0,차대차 - 기타,안전운전불이행,건조,맑음,기타 - 기타,화물,남,46세,상해없음,이륜,남,72세,중상
2023080500100313,2023년 8월 5일 14시,토요일,전라북도 전주시 완산구 서완산동2가,경상사고,0,0,2,0,차대차 - 기타,직진우회전진행방해,건조,맑음,교차로 - 교차로안,승용,남,48세,경상,이륜,남,43세,경상
2023080500100346,2023년 8월 5일 15시,토요일,전라북도 정읍시 태인면,경상사고,0,0,2,0,차대차 - 기타,신호위반,건조,맑음,교차로 - 교차로안,승용,남,20세,상해없음,승용,남,54세,경상
2023080500100403,2023년 8월 5일 17시,토요일,전라북도 진안군 정천면,경상사고,0,0,1,0,차량단독 - 도로외이탈 - 추락,안전운전불이행,건조,맑음,단일로 - 기타,화물,남,73세,경상,,,,
2023080500100404,2023년 8월 5일 17시,토요일,전라북도 진안군 부귀면,경상사고,0,0,1,0,차대차 - 추돌,안전운전불이행,건조,맑음,교차로 - 교차로부근,승용,남,77세,상해없음,승용,남,63세,경상
2023080500100448,2023년 8월 5일 18시,토요일,전라북도 군산시 경암동,경상사고,0,0,1,0,차대차 - 측면충돌,안전거리미확보,건조,맑음,교차로 - 교차로부근,승용,여,40세,상해없음,승용,남,47세,경상
2023080500100493,2023년 8월 5일 19시,토요일,전라북도 전주시 완산구 서신동,경상사고,0,0,1,0,차대차 - 기타,신호위반,건조,맑음,교차로 - 교차로안,기타불명,기타불명,미분류,기타불명,승용,남,50세,경상
2023080500100494,2023년 8월 5일 19시,토요일,전라북도 진안군 진안읍,부상신고사고,0,0,0,1,차량단독 - 전도전복 - 전도,기타,건조,맑음,단일로 - 기타,원동기,남,55세,부상신고,,,,
2023080500100523,2023년 8월 5일 20시,토요일,전라북도 전주시 완산구 서신동,경상사고,0,0,2,0,차대차 - 추돌,안전운전불이행,건조,맑음,교차로 - 교차로부근,원동기,여,20세,기타불명,원동기,남,28세,경상
2023080500100524,2023년 8월 5일 20시,토요일,전라북도 정읍시 상동,중상사고,0,1,0,0,차대사람 - 기타,안전운전불이행,건조,맑음,단일로 - 기타,승용,남,22세,상해없음,보행자,남,54세,중상
2023080600100018,2023년 8월 6일 01시,일요일,전라북도 전주시 완산구 중화산동2가,중상사고,0,1,0,0,차대차 - 측면충돌,안전거리미확보,건조,맑음,기타 - 기타,승용,남,22세,상해없음,원동기,남,20세,중상
2023080600100119,2023년 8월 6일 10시,일요일,전라북도 전주시 완산구 효자동2가,중상사고,0,1,0,0,차대사람 - 기타,안전운전불이행,건조,맑음,교차로 - 교차로부근,승용,여,63세,기타불명,보행자,남,67세,중상
2023080600100120,2023년 8월 6일 10시,일요일,전라북도 순창군 구림면,경상사고,0,0,2,0,차대차 - 후진중충돌,안전운전불이행,건조,맑음,단일로 - 기타,승용,남,75세,상해없음,승용,남,66세,경상
2023080600100223,2023년 8월 6일 14시,일요일,전라북도 전주시 덕진구 금암동,경상사고,0,0,2,0,차대차 - 측면충돌,안전운전불이행,건조,맑음,교차로 - 교차로안,승용,여,65세,상해없음,승용,여,41세,경상
2023080600100224,2023년 8월 6일 14시,일요일,전라북도 남원시 산내면,경상사고,0,0,3,0,차대차 - 정면충돌,중앙선침범,건조,맑음,단일로 - 기타,승용,남,43세,상해없음,승용,남,55세,경상
2023080600100285,2023년 8월 6일 16시,일요일,전라북도 순창군 순창읍,경상사고,0,0,2,0,차대차 - 측면충돌,교차로운행방법위반,건조,맑음,교차로 - 교차로안,승용,여,35세,경상,승용,남,58세,경상
2023080600100312,2023년 8월 6일 17시,일요일,전라북도 군산시 소룡동,중상사고,0,1,5,0,차대차 - 측면충돌,안전운전불이행,건조,맑음,교차로 - 교차로안,승용,여,56세,상해없음,승용,남,41세,경상
2023080600100331,2023년 8월 6일 18시,일요일,전라북도 고창군 공음면,중상사고,0,1,2,0,차대차 - 정면충돌,신호위반,건조,맑음,교차로 - 교차로안,승용,남,53세,경상,승용,남,68세,중상
2023080600100360,2023년 8월 6일 19시,일요일,전라북도 전주시 완산구 중화산동2가,중상사고,0,1,0,0,차대사람 - 기타,보행자보호의무위반,젖음/습기,비,교차로 - 교차로횡단보도내,승용,남,66세,상해없음,보행자,여,64세,중상
2023080600100380,2023년 8월 6일 20시,일요일,전라북도 익산시 모현동1가,중상사고,0,1,0,0,차대사람 - 횡단중,안전운전불이행,젖음/습기,비,교차로 - 교차로안,승용,남,76세,상해없음,보행자,여,78세,중상
2023080700100022,2023년 8월 7일 03시,월요일,전라북도 남원시 노암동,경상사고,0,0,1,0,차량단독 - 전도전복 - 전도,안전운전불이행,건조,맑음,단일로 - 지하차도(도로)내,이륜,남,29세,경상,,,,
2023080700100028,2023년 8월 7일 05시,월요일,전라북도 진안군 상전면,경상사고,0,0,1,0,차량단독 - 기타,중앙선침범,건조,맑음,단일로 - 기타,승용,남,52세,경상,,,,
2023080700100056,2023년 8월 7일 07시,월요일,전라북도 군산시 오식도동,경상사고,0,0,1,0,차대차 - 측면충돌,기타,건조,맑음,교차로 - 교차로안,화물,남,52세,상해없음,화물,남,44세,경상
2023080700100135,2023년 8월 7일 09시,월요일,전라북도 전주시 덕진구 인후동1가,경상사고,0,0,1,0,차대사람 - 길가장자리구역통행중,안전운전불이행,건조,맑음,교차로 - 교차로부근,승용,여,72세,상해없음,보행자,여,23세,경상
2023080700100136,2023년 8월 7일 09시,월요일,전라북도 군산시 조촌동,경상사고,0,0,1,0,차대차 - 측면충돌,안전운전불이행,건조,맑음,교차로 - 교차로부근,승용,남,75세,상해없음,이륜,남,55세,경상
2023080700100219,2023년 8월 7일 11시,월요일,전라북도 전주시 완산구 삼천동1가,경상사고,0,0,1,0,차대차 - 기타,안전운전불이행,건조,맑음,교차로 - 교차로안,승용,여,57세,상해없음,이륜,남,30세,경상
2023080700100220,2023년 8월 7일 11시,월요일,전라북도 정읍시 수성동,경상사고,0,0,2,0,차대차 - 측면충돌,안전운전불이행,건조,맑음,단일로 - 기타,승용,남,51세,상해없음,승용,남,51세,경상
2023080700100221,2023년 8월 7일 11시,월요일,전라북도 장수군 계남면,중상사고,0,1,0,0,차대차 - 측면충돌,안전운전불이행,건조,맑음,단일로 - 기타,승용,여,54세,상해없음,승용,여,67세,중상
2023080700100222,2023년 8월 7일 11시,월요일,전라북도 무주군 안성면,경상사고,0,0,1,0,차대차 - 후진중충돌,안전운전불이행,건조,맑음,단일로 - 지하차도(도로)내,화물,남,66세,상해없음,승용,남,73세,경상
2023080700100256,2023년 8월 7일 12시,월요일,전라북도 전주시 완산구 효자동3가,경상사고,0,0,1,0,차대차 - 추돌,안전운전불이행,건조,맑음,교차로 - 교차로안,승용,남,21세,상해없음,승용,남,27세,경상
2023080700100257,2023년 8월 7일 12시,월요일,전라북도 정읍시 북면,경상사고,0,0,1,0,차대차 - 추돌,안전운전불이행,건조,맑음,단일로 - 기타,승용,남,61세,상해없음,승용,남,40세,경상
2023080700100258,2023년 8월 7일 12시,월요일,전라북도 김제시 서암동,경상사고,0,0,5,0,차대차 - 측면충돌,안전거리미확보,건조,맑음,단일로 - 지하차도(도로)내,승용,남,75세,상해없음,승용,남,45세,경상
2023080700100259,2023년 8월 7일 12시,월요일,전라북도 완주군 봉동읍,중상사고,0,1,0,0,차대사람 - 기타,안전운전불이행,건조,맑음,단일로 - 기타,화물,남,62세,상해없음,보행자,남,63세,중상
2023080700100325,2023년 8월 7일 14시,월요일,전라북도 군산시 수송동,경상사고,0,0,2,0,차대차 - 추돌,안전운전불이행,건조,맑음,단일로 - 기타,이륜,남,30세,경상,승용,여,44세,경상
2023080700100358,2023년 8월 7일 15시,월요일,전라북도 전주시 완산구 효자동2가,경상사고,0,0,1,0,차대차 - 추돌,안전운전불이행,건조,맑음,교차로 - 교차로부근,승용,남,62세,상해없음,승용,여,38세,경상
2023080700100359,2023년 8월 7일 15시,월요일,전라북도 전주시 덕진구 인후동1가,중상사고,0,1,0,0,차대사람 - 횡단중,신호위반,건조,흐림,교차로 - 교차로횡단보도내,이륜,남,58세,상해없음,보행자,여,75세,중상
2023080700100360,2023년 8월 7일 15시,월요일,전라북도 고창군 고창읍,사망사고,1,0,0,0,차대사람 - 횡단중,보행자보호의무위반,건조,맑음,교차로 - 교차로부근,승용,여,27세,상해없음,보행자,여,84세,사망
2023080700100402,2023년 8월 7일 16시,월요일,전라북도 군산시 수송동,부상신고사고,0,0,0,1,차대차 - 추돌,안전운전불이행,건조,맑음,교차로 - 교차로부근,승용,남,73세,상해없음,승용,남,42세,부상신고
2023080700100445,2023년 8월 7일 17시,월요일,전라북도 장수군 계북면,중상사고,0,1,0,0,차대사람 - 길가장자리구역통행중,안전운전불이행,젖음/습기,비,단일로 - 기타,화물,남,68세,상해없음,보행자,여,54세,중상
2023080700100487,2023년 8월 7일 18시,월요일,전라북도 부안군 줄포면,경상사고,0,0,1,0,차대차 - 측면충돌,중앙선침범,건조,맑음,단일로 - 기타,승용,여,53세,경상,승용,남,60세,상해없음
2023080700100577,2023년 8월 7일 21시,월요일,전라북도 익산시 영등동,경상사고,0,0,1,0,차대차 - 측면충돌,직진우회전진행방해,건조,맑음,교차로 - 교차로안,승용,남,26세,상해없음,이륜,남,39세,경상
2023080700100613,2023년 8월 7일 23시,월요일,전라북도 완주군 삼례읍,사망사고,1,0,0,0,차대사람 - 보도통행중,안전운전불이행,건조,맑음,단일로 - 기타,승용,남,43세,상해없음,보행자,남,29세,사망
2023080800100013,2023년 8월 8일 02시,화요일,전라북도 완주군 용진읍,경상사고,0,0,4,0,차대차 - 추돌,안전운전불이행,건조,맑음,단일로 - 기타,승용,남,56세,상해없음,승용,남,47세,경상
2023080800100037,2023년 8월 8일 06시,화요일,전라북도 고창군 공음면,중상사고,0,1,0,0,차대차 - 추돌,안전운전불이행,젖음/습기,맑음,단일로 - 기타,화물,남,63세,상해없음,농기계,남,54세,중상
2023080800100058,2023년 8월 8일 07시,화요일,전라북도 부안군 부안읍,중상사고,0,1,0,0,차대차 - 측면충돌,안전운전불이행,건조,맑음,단일로 - 기타,승용,여,58세,상해없음,승용,남,66세,중상
2023080800100135,2023년 8월 8일 09시,화요일,전라북도 전주시 덕진구 진북동,경상사고,0,0,1,0,차대사람 - 보도통행중,보행자보호의무위반,건조,맑음,교차로 - 교차로안,승용,여,60세,상해없음,보행자,여,27세,경상
2023080800100136,2023년 8월 8일 09시,화요일,전라북도 전주시 덕진구 팔복동3가,경상사고,0,0,2,0,차대차 - 측면충돌,안전운전불이행,건조,맑음,단일로 - 지하차도(도로)내,화물,남,38세,상해없음,승용,남,31세,경상
2023080800100137,2023년 8월 8일 09시,화요일,전라북도 김제시 요촌동,중상사고,0,1,0,0,차대사람 - 기타,안전운전불이행,건조,맑음,단일로 - 기타,화물,남,75세,상해없음,보행자,여,68세,중상
2023080800100169,2023년 8월 8일 10시,화요일,전라북도 전주시 완산구 효자동3가,경상사고,0,0,1,0,차대차 - 측면충돌,안전운전불이행,건조,맑음,교차로 - 교차로부근,승용,여,58세,상해없음,화물,남,46세,상해없음
2023080800100243,2023년 8월 8일 12시,화요일,전라북도 전주시 완산구 효자동1가,중상사고,0,1,0,0,차량단독 - 기타,안전운전불이행,건조,맑음,단일로 - 기타,승합,남,57세,상해없음,,,,
2023080800100244,2023년 8월 8일 12시,화요일,전라북도 김제시 요촌동,경상사고,0,0,1,0,차대차 - 추돌,안전운전불이행,건조,맑음,단일로 - 지하차도(도로)내,승합,남,78세,상해없음,승용,남,56세,경상
2023080800100282,2023년 8월 8일 13시,화요일,전라북도 전주시 덕진구 금암동,중상사고,0,1,0,0,차대차 - 측면충돌,신호위반,건조,맑음,교차로 - 교차로안,승합,남,29세,상해없음,승용,여,73세,중상
2023080800100364,2023년 8월 8일 15시,화요일,전라북도 전주시 완산구 효자동1가,경상사고,0,0,2,0,차대차 - 측면충돌,신호위반,건조,맑음,교차로 - 교차로안,승용,여,27세,상해없음,승용,남,62세,경상
2023080800100365,2023년 8월 8일 15시,화요일,전라북도 전주시 덕진구 우아동2가,경상사고,0,0,2,0,차대차 - 추돌,안전운전불이행,젖음/습기,흐림,단일로 - 지하차도(도로)내,화물,남,42세,상해없음,승용,여,58세,경상
2023080800100366,2023년 8월 8일 15시,화요일,전라북도 군산시 대야면,경상사고,0,0,2,0,차대차 - 측면충돌,안전운전불이행,건조,맑음,단일로 - 기타,승용,여,68세,상해없음,화물,남,70세,경상
2023080800100441,2023년 8월 8일 17시,화요일,전라북도 전주시 덕진구 산정동,경상사고,0,0,1,0,차대사람 - 횡단중,보행자보호의무위반,건조,맑음,단일로 - 지하차도(도로)내,화물,남,59세,상해없음,보행자,여,30세,경상
2023080800100442,2023년 8월 8일 17시,화요일,전라북도 전주시 덕진구 송천동2가,경상사고,0,0,2,0,차대차 - 측면충돌,안전운전불이행,건조,맑음,단일로 - 지하차도(도로)내,승용,남,25세,상해없음,승용,남,29세,경상
2023080800100443,2023년 8월 8일 17시,화요일,전라북도 전주시 덕진구 인후동1가,경상사고,0,0,1,0,차대차 - 측면충돌,안전운전불이행,젖음/습기,흐림,교차로 - 교차로부근,개인형이동수단(PM),여,16세,상해없음,화물,남,56세,기타불명
2023080800100444,2023년 8월 8일 17시,화요일,전라북도 부안군 부안읍,중상사고,0,1,0,0,차대사람 - 차도통행중,안전운전불이행,젖음/습기,흐림,교차로 - 교차로안,승용,여,62세,상해없음,보행자,여,71세,중상