사고번호,사고일시,요일,시군구,사고내용,사망자수,중상자수,경상자수,부상신고자수,사고유형,법규위반,노면상태,기상상태,도로형태,가해운전자 차종,가해운전자 성별,가해운전자 연령,가해운전자 상해정도,피해운전자 차종,피해운전자 성별,피해운전자 연령,피해운전자 상해정도
2023081600100546,2023년 8월 16일 20시,수요일,전라북도 전주시 완산구 남노송동,중상사고,0,1,0,0,차대사람 - 횡단중,보행자보호의무위반,건조,맑음,교차로 - 교차로부근,승용,남,66세,상해없음,보행자,남,76세,중상
2023081600100547,2023년 8월 16일 20시,수요일,전라북도 고창군 아산면,경상사고,0,0,1,0,차량단독 - 도로외이탈 - 기타,안전운전불이행,건조,흐림,단일로 - 기타,이륜,남,68세,상해없음,,,,
2023081600100579,2023년 8월 16일 22시,수요일,전라북도 전주시 완산구 효자동2가,경상사고,0,0,5,0,차대차 - 측면충돌,신호위반,건조,맑음,교차로 - 교차로안,승용,남,42세,경상,승용,남,59세,경상
2023081600100580,2023년 8월 16일 22시,수요일,전라북도 전주시 덕진구 송천동2가,경상사고,0,0,1,0,차대차 - 측면충돌,안전운전불이행,건조,맑음,단일로 - 기타,승용,남,60세,상해없음,승용,남,47세,경상
2023081700100010,2023년 8월 17일 01시,목요일,전라북도 전주시 덕진구 금암동,중상사고,0,2,0,0,차대차 - 측면충돌,신호위반,건조,맑음,교차로 - 교차로안,승용,남,26세,상해없음,승용,남,28세,중상
2023081700100035,2023년 8월 17일 06시,목요일,전라북도 군산시 나운동,사망사고,1,0,0,0,차대사람 - 보도통행중,기타,건조,맑음,교차로 - 교차로안,승용,남,69세,상해없음,보행자,남,35세,사망
2023081700100056,2023년 8월 17일 07시,목요일,전라북도 군산시 수송동,경상사고,0,0,2,0,차대차 - 측면충돌,교차로운행방법위반,건조,맑음,교차로 - 교차로안,승용,남,63세,상해없음,승용,여,65세,경상
2023081700100155,2023년 8월 17일 10시,목요일,전라북도 전주시 완산구 동서학동,경상사고,0,0,1,1,차대차 - 정면충돌,안전운전불이행,건조,맑음,교차로 - 교차로안,원동기,여,42세,부상신고,승용,남,66세,상해없음
2023081700100184,2023년 8월 17일 11시,목요일,전라북도 전주시 덕진구 금암동,중상사고,0,1,0,0,차대차 - 추돌,안전운전불이행,건조,맑음,교차로 - 교차로안,승용,남,30세,상해없음,이륜,남,28세,중상
2023081700100223,2023년 8월 17일 12시,목요일,전라북도 군산시 개사동,중상사고,0,1,1,0,차대차 - 기타,안전운전불이행,건조,맑음,교차로 - 교차로안,승용,남,57세,경상,원동기,남,63세,중상
2023081700100224,2023년 8월 17일 12시,목요일,전라북도 익산시 금마면,중상사고,0,2,1,0,차대차 - 추돌,안전운전불이행,건조,맑음,단일로 - 기타,승용,남,61세,상해없음,승용,남,90세,경상
2023081700100257,2023년 8월 17일 13시,목요일,전라북도 전주시 덕진구 호성동1가,경상사고,0,0,3,0,차대차 - 추돌,안전운전불이행,건조,맑음,교차로 - 교차로부근,승용,남,85세,상해없음,승용,여,36세,경상
2023081700100258,2023년 8월 17일 13시,목요일,전라북도 익산시 신동,경상사고,0,0,2,0,차대차 - 측면충돌,중앙선침범,건조,맑음,교차로 - 교차로부근,승용,여,71세,상해없음,이륜,남,35세,경상
2023081700100259,2023년 8월 17일 13시,목요일,전라북도 익산시 동산동,경상사고,0,0,1,0,차대차 - 측면충돌,안전운전불이행,건조,맑음,교차로 - 교차로안,승용,남,52세,상해없음,화물,남,54세,경상
2023081700100291,2023년 8월 17일 14시,목요일,전라북도 군산시 조촌동,경상사고,0,0,2,0,차대차 - 기타,안전운전불이행,건조,맑음,교차로 - 교차로부근,승용,여,46세,경상,승용,남,52세,경상
2023081700100319,2023년 8월 17일 15시,목요일,전라북도 전주시 완산구 효자동1가,경상사고,0,0,1,0,차대차 - 측면충돌,안전운전불이행,건조,맑음,교차로 - 교차로부근,화물,남,59세,상해없음,승용,남,37세,경상
2023081700100320,2023년 8월 17일 15시,목요일,전라북도 군산시 조촌동,중상사고,0,1,2,0,차대사람 - 횡단중,보행자보호의무위반,건조,맑음,교차로 - 교차로안,승용,여,44세,상해없음,보행자,여,33세,중상
2023081700100321,2023년 8월 17일 15시,목요일,전라북도 임실군 임실읍,경상사고,0,0,1,0,차대차 - 측면충돌,안전거리미확보,건조,맑음,교차로 - 교차로안,승용,남,65세,상해없음,승용,남,38세,경상
2023081700100357,2023년 8월 17일 16시,목요일,전라북도 전주시 덕진구 금암동,경상사고,0,0,1,0,차대차 - 추돌,안전운전불이행,건조,맑음,교차로 - 교차로부근,개인형이동수단(PM),여,19세,경상,승용,여,61세,상해없음
2023081700100390,2023년 8월 17일 17시,목요일,전라북도 김제시 신풍동,중상사고,0,1,0,0,차대차 - 측면충돌,직진우회전진행방해,건조,맑음,교차로 - 교차로안,화물,남,62세,상해없음,원동기,여,69세,중상
2023081700100391,2023년 8월 17일 17시,목요일,전라북도 김제시 봉남면,사망사고,1,0,0,0,차량단독 - 전도전복 - 전도,안전운전불이행,건조,맑음,단일로 - 기타,농기계,남,68세,사망,,,,
2023081700100427,2023년 8월 17일 18시,목요일,전라북도 군산시 오식도동,경상사고,0,0,1,0,차대차 - 기타,신호위반,건조,맑음,교차로 - 교차로안,승용,남,41세,상해없음,승용,남,23세,경상
2023081700100472,2023년 8월 17일 19시,목요일,전라북도 정읍시 상동,경상사고,0,0,1,0,차대차 - 측면충돌,신호위반,건조,맑음,교차로 - 교차로안,승용,여,59세,상해없음,승용,남,39세,경상
2023081800100043,2023년 8월 18일 06시,금요일,전라북도 군산시 경장동,중상사고,0,1,2,0,차대차 - 기타,신호위반,건조,맑음,교차로 - 교차로안,화물,남,73세,중상,승용,남,37세,경상
2023081800100063,2023년 8월 18일 07시,금요일,전라북도 전주시 완산구 경원동1가,중상사고,0,1,0,0,차대사람 - 횡단중,안전운전불이행,건조,맑음,교차로 - 교차로횡단보도내,화물,남,66세,상해없음,보행자,남,67세,중상
2023081800100095,2023년 8월 18일 08시,금요일,전라북도 남원시 금동,중상사고,0,1,0,0,차대차 - 측면충돌,안전운전불이행,건조,맑음,단일로 - 기타,승용,여,25세,상해없음,개인형이동수단(PM),남,79세,중상
2023081800100137,2023년 8월 18일 09시,금요일,전라북도 전주시 완산구 서신동,경상사고,0,0,1,0,차대차 - 측면충돌,신호위반,건조,맑음,교차로 - 교차로부근,승용,남,61세,상해없음,특수,남,23세,경상
2023081800100138,2023년 8월 18일 09시,금요일,전라북도 군산시 해망동,경상사고,0,0,1,0,차대차 - 측면충돌,안전운전불이행,건조,맑음,단일로 - 지하차도(도로)내,건설기계,남,57세,상해없음,승용,남,75세,경상
2023081800100139,2023년 8월 18일 09시,금요일,전라북도 무주군 무풍면,중상사고,0,1,0,0,차대차 - 후진중충돌,안전운전불이행,건조,맑음,단일로 - 기타,승용,남,52세,상해없음,건설기계,남,54세,중상
2023081800100180,2023년 8월 18일 10시,금요일,전라북도 익산시 갈산동,경상사고,0,0,1,0,차대차 - 추돌,안전운전불이행,건조,맑음,단일로 - 기타,화물,남,35세,상해없음,자전거,여,76세,경상
2023081800100221,2023년 8월 18일 11시,금요일,전라북도 김제시 만경읍,경상사고,0,0,2,0,차대차 - 측면충돌,직진우회전진행방해,건조,맑음,교차로 - 교차로안,승용,남,18세,상해없음,화물,남,28세,경상
2023081800100222,2023년 8월 18일 11시,금요일,전라북도 완주군 봉동읍,경상사고,0,0,1,0,차대차 - 기타,안전운전불이행,건조,맑음,단일로 - 기타,화물,남,65세,상해없음,승용,남,30세,경상
2023081800100251,2023년 8월 18일 12시,금요일,전라북도 군산시 수송동,경상사고,0,0,1,0,차대차 - 측면충돌,안전운전불이행,건조,맑음,교차로 - 교차로부근,승용,여,44세,상해없음,이륜,남,20세,경상
2023081800100252,2023년 8월 18일 12시,금요일,전라북도 군산시 나운동,경상사고,0,0,1,0,차대차 - 측면충돌,안전운전불이행,건조,맑음,교차로 - 교차로부근,원동기,남,49세,상해없음,승용,남,70세,경상
2023081800100253,2023년 8월 18일 12시,금요일,전라북도 익산시 동산동,중상사고,0,1,0,0,차대차 - 측면충돌,중앙선침범,건조,맑음,단일로 - 기타,자전거,남,83세,중상,승용,여,55세,상해없음
2023081800100389,2023년 8월 18일 16시,금요일,전라북도 군산시 소룡동,부상신고사고,0,0,0,1,차대차 - 기타,안전운전불이행,건조,맑음,교차로 - 교차로안,승용,남,52세,부상신고,화물,남,41세,상해없음
2023081800100446,2023년 8월 18일 17시,금요일,전라북도 익산시 신동,경상사고,0,0,1,0,차대차 - 측면충돌,안전운전불이행,건조,맑음,교차로 - 교차로안,승용,남,46세,상해없음,승용,남,24세,경상
2023081800100447,2023년 8월 18일 17시,금요일,전라북도 남원시 금동,경상사고,0,0,1,0,차대차 - 측면충돌,직진우회전진행방해,건조,맑음,교차로 - 교차로안,승용,여,60세,상해없음,승용,여,56세,경상
2023081800100497,2023년 8월 18일 18시,금요일,전라북도 전주시 덕진구 호성동2가,경상사고,0,0,2,0,차대차 - 추돌,신호위반,건조,맑음,교차로 - 교차로안,승용,남,25세,상해없음,화물,남,75세,경상
2023081800100544,2023년 8월 18일 19시,금요일,전라북도 전주시 덕진구 만성동,경상사고,0,0,1,0,차대차 - 추돌,불법유턴,건조,맑음,단일로 - 기타,승용,여,51세,상해없음,승용,남,54세,경상
2023081800100581,2023년 8월 18일 20시,금요일,전라북도 전주시 완산구 효자동3가,경상사고,0,0,1,0,차대차 - 정면충돌,안전운전불이행,건조,맑음,교차로 - 교차로안,승용,여,47세,상해없음,이륜,남,51세,경상
2023081800100618,2023년 8월 18일 21시,금요일,전라북도 고창군 고창읍,경상사고,0,0,2,0,차대차 - 정면충돌,신호위반,건조,맑음,교차로 - 교차로안,승용,남,24세,상해없음,승용,남,50세,경상
2023081800100643,2023년 8월 18일 22시,금요일,전라북도 군산시 나운동,경상사고,0,0,1,0,차대차 - 추돌,안전운전불이행,건조,맑음,교차로 - 교차로부근,승용,여,32세,상해없음,이륜,남,22세,상해없음
2023081900100045,2023년 8월 19일 04시,토요일,전라북도 익산시 금마면,경상사고,0,0,1,0,차대차 - 측면충돌,신호위반,젖음/습기,흐림,교차로 - 교차로안,승용,남,63세,기타불명,승용,여,31세,경상
2023081900100072,2023년 8월 19일 07시,토요일,전라북도 고창군 고창읍,경상사고,0,0,1,0,차대차 - 측면충돌,신호위반,건조,맑음,교차로 - 교차로안,승용,남,72세,상해없음,화물,남,62세,경상
2023081900100103,2023년 8월 19일 09시,토요일,전라북도 익산시 창인동2가,경상사고,0,0,2,0,차대차 - 추돌,안전운전불이행,건조,맑음,단일로 - 기타,승용,남,69세,상해없음,승용,남,63세,경상
2023081900100104,2023년 8월 19일 09시,토요일,전라북도 고창군 상하면,중상사고,0,1,2,0,차대차 - 측면충돌,신호위반,건조,맑음,교차로 - 교차로안,승용,남,88세,상해없음,화물,남,70세,경상
2023081900100105,2023년 8월 19일 09시,토요일,전라북도 김제시 만경읍,경상사고,0,0,1,0,차대차 - 기타,안전운전불이행,건조,맑음,단일로 - 기타,승용,남,19세,상해없음,화물,남,51세,경상
2023081900100281,2023년 8월 19일 14시,토요일,전라북도 전주시 덕진구 송천동2가,경상사고,0,0,1,0,차대차 - 측면충돌,안전운전불이행,건조,맑음,교차로 - 교차로안,승용,남,70세,상해없음,승용,남,40세,경상
2023081900100415,2023년 8월 19일 18시,토요일,전라북도 군산시 대야면,경상사고,0,0,1,0,차대사람 - 길가장자리구역통행중,안전운전불이행,건조,맑음,교차로 - 교차로안,화물,남,47세,상해없음,보행자,여,76세,경상
2023081900100416,2023년 8월 19일 18시,토요일,전라북도 정읍시 농소동,경상사고,0,0,1,0,차대차 - 측면충돌,중앙선침범,건조,맑음,단일로 - 기타,화물,남,52세,상해없음,이륜,남,42세,경상
2023081900100417,2023년 8월 19일 18시,토요일,전라북도 김제시 금구면,중상사고,0,1,0,0,차대차 - 측면충돌,안전운전불이행,건조,맑음,교차로 - 교차로부근,승용,남,63세,상해없음,이륜,여,77세,중상
2023081900100435,2023년 8월 19일 19시,토요일,전라북도 정읍시 연지동,경상사고,0,0,1,0,차대사람 - 기타,안전운전불이행,건조,맑음,단일로 - 기타,자전거,남,54세,상해없음,보행자,남,77세,경상
2023081900100462,2023년 8월 19일 20시,토요일,전라북도 익산시 신동,경상사고,0,0,1,0,차대사람 - 횡단중,안전운전불이행,건조,맑음,단일로 - 기타,승용,남,49세,상해없음,보행자,여,46세,경상
2023082000100019,2023년 8월 20일 01시,일요일,전라북도 익산시 부송동,경상사고,0,0,1,0,차대사람 - 기타,안전운전불이행,건조,맑음,기타 - 기타,승용,남,35세,상해없음,보행자,남,25세,경상
2023082000100074,2023년 8월 20일 09시,일요일,전라북도 전주시 덕진구 산정동,경상사고,0,0,2,0,차대차 - 측면충돌,중앙선침범,건조,맑음,교차로 - 교차로부근,승용,남,66세,상해없음,승용,남,63세,경상
2023082000100075,2023년 8월 20일 09시,일요일,전라북도 익산시 신동,중상사고,0,1,0,0,차대사람 - 기타,기타,건조,맑음,단일로 - 기타,승합,남,53세,상해없음,보행자,여,67세,중상
2023082000100091,2023년 8월 20일 10시,일요일,전라북도 전주시 완산구 삼천동1가,경상사고,0,0,1,0,차대사람 - 횡단중,보행자보호의무위반,건조,맑음,교차로 - 교차로부근,승용,여,52세,상해없음,보행자,남,83세,경상
2023082000100092,2023년 8월 20일 10시,일요일,전라북도 전주시 완산구 삼천동2가,경상사고,0,0,1,0,차대차 - 기타,신호위반,건조,맑음,교차로 - 교차로부근,화물,남,69세,기타불명,승용,여,48세,경상
2023082000100108,2023년 8월 20일 11시,일요일,전라북도 전주시 덕진구 전미동1가,경상사고,0,0,1,0,차대차 - 측면충돌,교차로운행방법위반,건조,맑음,교차로 - 교차로안,화물,남,54세,상해없음,자전거,남,31세,경상
2023082000100109,2023년 8월 20일 11시,일요일,전라북도 고창군 고창읍,경상사고,0,0,4,0,차대차 - 측면충돌,안전거리미확보,건조,맑음,기타 - 기타,승용,남,81세,상해없음,승용,남,38세,경상
2023082000100110,2023년 8월 20일 11시,일요일,전라북도 고창군 고창읍,경상사고,0,0,2,0,차대차 - 추돌,안전운전불이행,건조,맑음,단일로 - 기타,승용,여,41세,상해없음,승용,남,55세,경상
2023082000100140,2023년 8월 20일 12시,일요일,전라북도 익산시 모현동2가,경상사고,0,0,1,0,차대차 - 측면충돌,신호위반,건조,맑음,교차로 - 교차로안,승용,남,60세,상해없음,자전거,남,68세,경상
2023082000100141,2023년 8월 20일 12시,일요일,전라북도 익산시 금강동,중상사고,0,1,2,0,차대차 - 측면충돌,신호위반,건조,맑음,교차로 - 교차로안,승용,남,61세,상해없음,승용,남,43세,중상
2023082000100142,2023년 8월 20일 12시,일요일,전라북도 익산시 남중동,경상사고,0,0,1,0,차대차 - 측면충돌,안전운전불이행,건조,맑음,단일로 - 기타,승용,남,47세,상해없음,자전거,남,65세,경상
2023082000100172,2023년 8월 20일 13시,일요일,전라북도 전주시 완산구 효자동2가,경상사고,0,0,3,0,차대차 - 정면충돌,신호위반,건조,맑음,교차로 - 교차로안,승용,여,27세,기타불명,승용,남,38세,경상
2023082000100204,2023년 8월 20일 14시,일요일,전라북도 김제시 백구면,중상사고,0,1,2,0,차대차 - 측면충돌,안전운전불이행,건조,맑음,단일로 - 기타,승용,남,47세,상해없음,승용,남,52세,경상
2023082000100266,2023년 8월 20일 16시,일요일,전라북도 전주시 덕진구 산정동,경상사고,0,0,2,0,차대차 - 측면충돌,안전운전불이행,건조,맑음,교차로 - 교차로안,화물,남,66세,상해없음,승용,남,35세,경상
2023082000100320,2023년 8월 20일 18시,일요일,전라북도 익산시 어양동,경상사고,0,0,2,0,차대차 - 측면충돌,신호위반,건조,맑음,교차로 - 교차로안,화물,남,52세,상해없음,승용,여,43세,경상
2023082000100321,2023년 8월 20일 18시,일요일,전라북도 부안군 동진면,경상사고,0,0,3,0,차대차 - 정면충돌,신호위반,건조,맑음,교차로 - 교차로안,승용,남,66세,상해없음,화물,남,50세,경상
2023082000100372,2023년 8월 20일 20시,일요일,전라북도 전주시 완산구 남노송동,중상사고,0,1,0,0,차대사람 - 기타,안전운전불이행,건조,맑음,단일로 - 기타,승용,여,23세,상해없음,보행자,남,41세,중상
2023082000100392,2023년 8월 20일 21시,일요일,전라북도 김제시 검산동,경상사고,0,0,1,0,차대사람 - 차도통행중,안전운전불이행,건조,맑음,주차장 - 주차장,승용,남,72세,상해없음,보행자,여,62세,경상
2023082000100425,2023년 8월 20일 23시,일요일,전라북도 군산시 소룡동,중상사고,0,1,0,0,차대차 - 측면충돌,안전거리미확보,건조,맑음,단일로 - 기타,승용,남,54세,상해없음,승용,남,48세,중상
2023082100100031,2023년 8월 21일 05시,월요일,전라북도 전주시 완산구 중화산동2가,중상사고,0,1,0,0,차대사람 - 기타,안전운전불이행,건조,맑음,단일로 - 기타,승용,남,30세,상해없음,보행자,남,54세,중상
2023082100100044,2023년 8월 21일 06시,월요일,전라북도 전주시 완산구 효자동1가,경상사고,0,0,1,0,차대차 - 기타,교차로운행방법위반,건조,맑음,단일로 - 기타,이륜,남,60세,상해없음,자전거,남,65세,경상
2023082100100069,2023년 8월 21일 07시,월요일,전라북도 군산시 서흥남동,중상사고,0,1,0,0,차대사람 - 기타,안전운전불이행,건조,맑음,단일로 - 기타,개인형이동수단(PM),남,15세,상해없음,보행자,여,64세,중상
2023082100100149,2023년 8월 21일 09시,월요일,전라북도 전주시 완산구 서신동,중상사고,0,1,1,0,차대차 - 기타,안전거리미확보,건조,맑음,단일로 - 기타,승용,여,48세,경상,승용,남,54세,중상
2023082100100150,2023년 8월 21일 09시,월요일,전라북도 군산시 조촌동,중상사고,0,1,1,0,차대차 - 측면충돌,안전거리미확보,건조,맑음,교차로 - 교차로부근,특수,남,47세,상해없음,화물,남,43세,중상
2023082100100191,2023년 8월 21일 10시,월요일,전라북도 완주군 봉동읍,경상사고,0,0,2,0,차대차 - 측면충돌,중앙선침범,건조,맑음,단일로 - 기타,승용,남,52세,상해없음,화물,남,40세,경상
2023082100100223,2023년 8월 21일 11시,월요일,전라북도 전주시 완산구 효자동2가,경상사고,0,0,2,0,차대차 - 정면충돌,신호위반,건조,맑음,단일로 - 기타,승용,남,34세,상해없음,승용,남,31세,경상
2023082100100267,2023년 8월 21일 12시,월요일,전라북도 전주시 완산구 서신동,중상사고,0,1,0,0,차대차 - 기타,중앙선침범,건조,맑음,단일로 - 기타,승용,남,18세,상해없음,이륜,남,55세,중상
2023082100100268,2023년 8월 21일 12시,월요일,전라북도 순창군 순창읍,경상사고,0,0,4,0,차대차 - 기타,안전운전불이행,건조,맑음,교차로 - 교차로부근,화물,남,74세,상해없음,승용,남,74세,경상
2023082100100337,2023년 8월 21일 14시,월요일,전라북도 전주시 완산구 전동,경상사고,0,0,2,0,차대차 - 기타,안전운전불이행,건조,맑음,교차로 - 교차로안,화물,여,50세,경상,승합,남,48세,경상
2023082100100338,2023년 8월 21일 14시,월요일,전라북도 완주군 봉동읍,경상사고,0,0,1,0,차대차 - 측면충돌,신호위반,건조,맑음,단일로 - 기타,화물,남,73세,상해없음,자전거,남,12세,경상
2023082100100406,2023년 8월 21일 16시,월요일,전라북도 군산시 사정동,경상사고,0,0,1,0,차대차 - 측면충돌,안전운전불이행,건조,맑음,교차로 - 교차로안,승용,남,63세,상해없음,이륜,남,50세,경상
2023082100100407,2023년 8월 21일 16시,월요일,전라북도 정읍시 연지동,경상사고,0,0,1,0,차대차 - 측면충돌,안전운전불이행,건조,맑음,단일로 - 기타,승용,남,88세,상해없음,승용,여,50세,경상
2023082100100449,2023년 8월 21일 17시,월요일,전라북도 익산시 금마면,경상사고,0,0,2,0,차대차 - 추돌,안전운전불이행,건조,맑음,단일로 - 기타,승용,여,22세,상해없음,승용,여,27세,경상
2023082100100573,2023년 8월 21일 20시,월요일,전라북도 장수군 장계면,사망사고,1,0,0,0,차대사람 - 차도통행중,안전운전불이행,건조,맑음,단일로 - 기타,승용,남,66세,상해없음,보행자,여,84세,사망
2023082100100621,2023년 8월 21일 23시,월요일,전라북도 전주시 완산구 효자동2가,경상사고,0,0,1,4,차대차 - 측면충돌,안전운전불이행,건조,맑음,교차로 - 교차로부근,승용,남,24세,상해없음,승용,여,25세,경상
2023082200100042,2023년 8월 22일 05시,화요일,전라북도 전주시 덕진구 우아동3가,중상사고,0,1,0,0,차대사람 - 횡단중,안전운전불이행,건조,맑음,교차로 - 교차로부근,화물,남,60세,상해없음,보행자,여,87세,중상
2023082200100047,2023년 8월 22일 06시,화요일,전라북도 정읍시 신태인읍,중상사고,0,1,1,0,차대차 - 측면충돌,신호위반,건조,맑음,교차로 - 교차로안,화물,남,57세,기타불명,승용,남,63세,경상
2023082200100067,2023년 8월 22일 07시,화요일,전라북도 익산시 인화동2가,중상사고,0,1,0,0,차대차 - 측면충돌,중앙선침범,건조,맑음,단일로 - 기타,개인형이동수단(PM),남,73세,중상,승용,남,29세,상해없음
2023082200100068,2023년 8월 22일 07시,화요일,전라북도 익산시 삼기면,경상사고,0,0,1,0,차대차 - 측면충돌,신호위반,건조,맑음,교차로 - 교차로안,승용,남,26세,상해없음,화물,남,59세,경상
2023082200100106,2023년 8월 22일 08시,화요일,전라북도 익산시 영등동,경상사고,0,0,1,0,차대차 - 측면충돌,안전운전불이행,건조,맑음,교차로 - 교차로안,승용,남,27세,상해없음,승용,여,42세,경상
2023082200100148,2023년 8월 22일 09시,화요일,전라북도 고창군 아산면,경상사고,0,0,1,0,차대차 - 정면충돌,신호위반,건조,맑음,교차로 - 교차로안,승용,여,68세,상해없음,건설기계,남,47세,경상
2023082200100149,2023년 8월 22일 09시,화요일,전라북도 부안군 부안읍,경상사고,0,0,1,0,차대차 - 기타,안전운전불이행,젖음/습기,맑음,교차로 - 교차로안,승용,남,50세,상해없음,이륜,남,56세,경상
2023082200100173,2023년 8월 22일 10시,화요일,전라북도 고창군 심원면,경상사고,0,0,2,0,차대차 - 측면충돌,안전운전불이행,건조,맑음,단일로 - 기타,화물,남,73세,상해없음,승용,여,60세,경상
2023082200100206,2023년 8월 22일 11시,화요일,전라북도 부안군 주산면,경상사고,0,0,1,0,차대차 - 측면충돌,기타,건조,맑음,교차로 - 교차로부근,승용,남,63세,상해없음,승용,남,35세,경상
2023082200100238,2023년 8월 22일 12시,화요일,전라북도 전주시 덕진구 금암동,경상사고,0,0,1,0,차대차 - 기타,중앙선침범,건조,맑음,단일로 - 기타,승용,남,80세,상해없음,이륜,남,31세,경상
2023082200100239,2023년 8월 22일 12시,화요일,전라북도 익산시 팔봉동,경상사고,0,0,1,0,차대차 - 측면충돌,안전운전불이행,건조,맑음,단일로 - 기타,승용,남,60세,상해없음,승용,여,36세,경상
2023082200100274,2023년 8월 22일 13시,화요일,전라북도 전주시 완산구 효자동2가,중상사고,0,1,0,0,차대차 - 측면충돌,신호위반,건조,맑음,교차로 - 교차로안,승합,남,60세,상해없음,이륜,남,24세,중상
2023082200100309,2023년 8월 22일 14시,화요일,전라북도 익산시 금강동,경상사고,0,0,5,0,차대차 - 추돌,안전운전불이행,젖음/습기,흐림,교차로 - 교차로부근,특수,남,23세,상해없음,승용,여,65세,상해없음
2023082200100338,2023년 8월 22일 15시,화요일,전라북도 군산시 조촌동,경상사고,0,0,4,0,차대차 - 측면충돌,안전거리미확보,건조,맑음,교차로 - 교차로부근,승용,남,45세,상해없음,승용,남,60세,경상
2023082200100339,2023년 8월 22일 15시,화요일,전라북도 익산시 춘포면,경상사고,0,0,1,0,차대차 - 측면충돌,직진우회전진행방해,건조,맑음,교차로 - 교차로안,화물,남,60세,상해없음,승용,남,43세,경상
2023082200100392,2023년 8월 22일 16시,화요일,전라북도 전주시 덕진구 덕진동2가,경상사고,0,0,1,0,차대차 - 기타,안전운전불이행,건조,맑음,기타 - 기타,원동기,남,22세,상해없음,승용,남,28세,경상
2023082200100525,2023년 8월 22일 19시,화요일,전라북도 전주시 완산구 평화동1가,경상사고,0,0,1,0,차대차 - 추돌,안전운전불이행,건조,맑음,단일로 - 기타,승용,여,41세,상해없음,승용,여,47세,경상
2023082200100526,2023년 8월 22일 19시,화요일,전라북도 전주시 덕진구 장동,중상사고,0,1,0,0,차대사람 - 횡단중,안전운전불이행,건조,맑음,교차로 - 교차로횡단보도내,승용,남,44세,상해없음,보행자,여,73세,중상
2023082200100566,2023년 8월 22일 20시,화요일,전라북도 김제시 신풍동,경상사고,0,0,1,0,차대차 - 추돌,안전운전불이행,젖음/습기,비,단일로 - 기타,화물,남,54세,상해없음,화물,남,51세,경상
2023082300100030,2023년 8월 23일 05시,수요일,전라북도 전주시 완산구 동서학동,경상사고,0,0,1,0,차대차 - 기타,직진우회전진행방해,건조,맑음,교차로 - 교차로안,건설기계,남,66세,상해없음,승용,남,74세,경상
2023082300100057,2023년 8월 23일 07시,수요일,전라북도 전주시 덕진구 여의동2가,경상사고,0,0,1,0,차대차 - 측면충돌,안전운전불이행,건조,맑음,기타 - 기타,승용,여,51세,상해없음,화물,남,51세,경상
2023082300100058,2023년 8월 23일 07시,수요일,전라북도 군산시 오식도동,경상사고,0,0,1,0,차대차 - 추돌,안전거리미확보,젖음/습기,흐림,교차로 - 교차로부근,승합,남,53세,상해없음,승용,남,27세,경상
2023082300100092,2023년 8월 23일 08시,수요일,전라북도 군산시 회현면,경상사고,0,0,1,0,차대차 - 측면충돌,안전운전불이행,젖음/습기,비,교차로 - 교차로안,승용,여,33세,상해없음,자전거,남,86세,경상
2023082300100093,2023년 8월 23일 08시,수요일,전라북도 익산시 남중동,경상사고,0,0,1,0,차대차 - 측면충돌,안전운전불이행,건조,맑음,단일로 - 기타,승용,여,64세,상해없음,승용,여,59세,경상
2023082300100094,2023년 8월 23일 08시,수요일,전라북도 김제시 요촌동,중상사고,0,1,0,0,차대사람 - 횡단중,안전운전불이행,건조,흐림,교차로 - 교차로부근,승용,남,69세,상해없음,보행자,남,76세,중상
2023082300100153,2023년 8월 23일 10시,수요일,전라북도 전주시 완산구 중화산동2가,경상사고,0,0,1,0,차대차 - 추돌,안전운전불이행,건조,맑음,교차로 - 교차로부근,승용,남,65세,상해없음,승용,남,63세,경상
2023082300100154,2023년 8월 23일 10시,수요일,전라북도 무주군 무주읍,중상사고,0,1,1,0,차대차 - 측면충돌,신호위반,건조,맑음,교차로 - 교차로안,승용,여,67세,경상,승용,남,53세,중상
2023082300100183,2023년 8월 23일 11시,수요일,전라북도 익산시 왕궁면,경상사고,0,0,1,0,차대차 - 측면충돌,교차로운행방법위반,건조,맑음,교차로 - 교차로안,승용,여,64세,상해없음,이륜,여,68세,경상
2023082300100184,2023년 8월 23일 11시,수요일,전라북도 완주군 고산면,경상사고,0,0,1,0,차대차 - 추돌,안전운전불이행,건조,맑음,단일로 - 기타,승용,남,38세,상해없음,승용,여,52세,경상
2023082300100221,2023년 8월 23일 12시,수요일,전라북도 전주시 덕진구 우아동3가,경상사고,0,0,1,0,차대차 - 추돌,안전운전불이행,젖음/습기,비,기타 - 기타,승용,남,59세,상해없음,승용,여,42세,경상
2023082300100249,2023년 8월 23일 13시,수요일,전라북도 전주시 덕진구 인후동1가,경상사고,0,0,1,0,차대사람 - 횡단중,안전운전불이행,젖음/습기,비,교차로 - 교차로안,승용,여,41세,상해없음,보행자,여,76세,경상
2023082300100283,2023년 8월 23일 14시,수요일,전라북도 고창군 신림면,중상사고,0,1,1,0,차대차 - 측면충돌,신호위반,젖음/습기,비,교차로 - 교차로안,화물,남,44세,상해없음,화물,남,68세,경상
2023082300100307,2023년 8월 23일 15시,수요일,전라북도 익산시 인화동1가,경상사고,0,0,1,0,차대사람 - 기타,안전운전불이행,건조,맑음,교차로 - 교차로안,승합,여,46세,상해없음,보행자,남,51세,경상