사고번호,사고일시,요일,시군구,사고내용,사망자수,중상자수,경상자수,부상신고자수,사고유형,법규위반,노면상태,기상상태,도로형태,가해운전자 차종,가해운전자 성별,가해운전자 연령,가해운전자 상해정도,피해운전자 차종,피해운전자 성별,피해운전자 연령,피해운전자 상해정도
2023102700100326,2023년 10월 27일 15시,금요일,전라북도 완주군 봉동읍,경상사고,0,0,1,0,차대차 - 기타,안전운전불이행,건조,맑음,단일로 - 기타,화물,남,57세,상해없음,승용,여,50세,경상
2023102700100369,2023년 10월 27일 16시,금요일,전라북도 익산시 신흥동,경상사고,0,0,2,0,차대차 - 측면충돌,직진우회전진행방해,건조,맑음,교차로 - 교차로안,승용,여,26세,경상,화물,남,51세,경상
2023102700100370,2023년 10월 27일 16시,금요일,전라북도 김제시 공덕면,사망사고,1,0,0,0,차대사람 - 횡단중,안전운전불이행,건조,맑음,단일로 - 지하차도(도로)내,화물,남,77세,상해없음,보행자,여,82세,사망
2023102700100417,2023년 10월 27일 17시,금요일,전라북도 전주시 덕진구 금암동,경상사고,0,0,2,0,차대차 - 측면충돌,신호위반,건조,맑음,교차로 - 교차로안,승용,여,57세,상해없음,승용,남,60세,경상
2023102700100418,2023년 10월 27일 17시,금요일,전라북도 남원시 도통동,경상사고,0,0,1,0,차대차 - 기타,신호위반,건조,맑음,교차로 - 교차로안,승용,여,63세,상해없음,승용,남,61세,경상
2023102700100477,2023년 10월 27일 18시,금요일,전라북도 전주시 덕진구 덕진동1가,경상사고,0,0,1,0,차대차 - 추돌,안전운전불이행,건조,맑음,교차로 - 교차로안,승용,남,27세,상해없음,승용,여,60세,경상
2023102700100478,2023년 10월 27일 18시,금요일,전라북도 군산시 수송동,경상사고,0,0,2,0,차대차 - 정면충돌,안전운전불이행,건조,맑음,단일로 - 기타,승용,남,38세,상해없음,승용,여,53세,경상
2023102700100479,2023년 10월 27일 18시,금요일,전라북도 순창군 동계면,중상사고,0,1,0,0,차대차 - 추돌,기타,건조,맑음,단일로 - 기타,승용,남,45세,상해없음,이륜,남,67세,중상
2023102700100539,2023년 10월 27일 19시,금요일,전라북도 익산시 신흥동,경상사고,0,0,1,0,차대차 - 측면충돌,신호위반,건조,맑음,교차로 - 교차로안,승용,여,68세,상해없음,승용,남,33세,경상
2023102700100653,2023년 10월 27일 23시,금요일,전라북도 전주시 완산구 중화산동2가,경상사고,0,0,1,0,차대사람 - 기타,보행자보호의무위반,건조,맑음,기타 - 기타,승합,남,51세,기타불명,보행자,남,15세,경상
2023102800100075,2023년 10월 28일 06시,토요일,전라북도 익산시 영등동,경상사고,0,0,1,0,차대사람 - 횡단중,보행자보호의무위반,건조,맑음,교차로 - 교차로횡단보도내,화물,여,65세,상해없음,보행자,남,56세,경상
2023102800100093,2023년 10월 28일 07시,토요일,전라북도 전주시 덕진구 금암동,경상사고,0,0,1,0,차대차 - 측면충돌,신호위반,건조,맑음,교차로 - 교차로안,승용,여,58세,상해없음,승용,남,63세,경상
2023102800100246,2023년 10월 28일 12시,토요일,전라북도 김제시 죽산면,중상사고,0,1,0,0,차대차 - 측면충돌,직진우회전진행방해,건조,맑음,교차로 - 교차로안,승용,남,64세,상해없음,이륜,남,66세,중상
2023102800100247,2023년 10월 28일 12시,토요일,전라북도 남원시 송동면,경상사고,0,0,1,0,차대차 - 측면충돌,안전운전불이행,건조,맑음,교차로 - 교차로안,승용,여,59세,상해없음,승용,여,29세,경상
2023102800100285,2023년 10월 28일 13시,토요일,전라북도 김제시 용지면,부상신고사고,0,0,0,1,차대차 - 측면충돌,안전운전불이행,건조,맑음,교차로 - 교차로안,승용,여,50세,상해없음,원동기,남,52세,부상신고
2023102800100381,2023년 10월 28일 15시,토요일,전라북도 무주군 무주읍,중상사고,0,1,0,0,차대차 - 측면충돌,안전운전불이행,건조,맑음,단일로 - 지하차도(도로)내,승용,남,35세,상해없음,농기계,남,70세,중상
2023102800100424,2023년 10월 28일 16시,토요일,전라북도 전주시 완산구 서신동,중상사고,0,1,4,1,차대차 - 측면충돌,교차로운행방법위반,건조,맑음,교차로 - 교차로안,승용,여,22세,상해없음,승합,남,61세,경상
2023102800100425,2023년 10월 28일 16시,토요일,전라북도 군산시 신창동,경상사고,0,0,4,0,차대차 - 기타,신호위반,건조,맑음,교차로 - 교차로안,승용,남,53세,상해없음,승용,여,38세,경상
2023102800100460,2023년 10월 28일 17시,토요일,전라북도 익산시 오산면,경상사고,0,0,1,0,차대차 - 추돌,안전거리미확보,건조,맑음,단일로 - 기타,승합,남,26세,상해없음,승용,남,68세,경상
2023102800100514,2023년 10월 28일 18시,토요일,전라북도 전주시 완산구 풍남동3가,부상신고사고,0,0,0,1,차대사람 - 기타,안전운전불이행,건조,맑음,단일로 - 기타,특수,남,39세,기타불명,보행자,남,21세,부상신고
2023102800100515,2023년 10월 28일 18시,토요일,전라북도 남원시 대강면,경상사고,0,0,1,0,차대차 - 기타,중앙선침범,건조,맑음,단일로 - 기타,화물,남,57세,상해없음,승용,여,46세,경상
2023102800100516,2023년 10월 28일 18시,토요일,전라북도 순창군 순창읍,부상신고사고,0,0,0,1,차대차 - 측면충돌,안전운전불이행,건조,맑음,교차로 - 교차로부근,이륜,남,42세,부상신고,승용,남,70세,상해없음
2023102800100563,2023년 10월 28일 19시,토요일,전라북도 전주시 완산구 효자동3가,경상사고,0,0,8,0,차대차 - 추돌,안전운전불이행,건조,맑음,단일로 - 기타,승용,여,47세,상해없음,승용,여,38세,경상
2023102800100564,2023년 10월 28일 19시,토요일,전라북도 익산시 모현동2가,중상사고,0,1,0,0,차대사람 - 길가장자리구역통행중,안전운전불이행,건조,맑음,단일로 - 기타,화물,남,66세,상해없음,보행자,남,57세,중상
2023102800100586,2023년 10월 28일 20시,토요일,전라북도 전주시 완산구 효자동3가,경상사고,0,0,1,0,차대차 - 추돌,안전운전불이행,건조,맑음,교차로 - 교차로부근,승합,남,61세,상해없음,이륜,남,51세,경상
2023102800100622,2023년 10월 28일 22시,토요일,전라북도 전주시 완산구 중화산동2가,경상사고,0,0,1,0,차대차 - 측면충돌,안전운전불이행,건조,맑음,교차로 - 교차로부근,화물,남,54세,기타불명,승용,여,55세,경상
2023102900100062,2023년 10월 29일 07시,일요일,전라북도 남원시 신정동,중상사고,0,1,0,0,차대사람 - 횡단중,안전운전불이행,건조,맑음,단일로 - 기타,승용,남,76세,상해없음,보행자,여,79세,중상
2023102900100112,2023년 10월 29일 10시,일요일,전라북도 군산시 나운동,경상사고,0,0,1,0,차대차 - 측면충돌,안전운전불이행,건조,맑음,교차로 - 교차로부근,승용,여,63세,상해없음,승용,여,51세,경상
2023102900100113,2023년 10월 29일 10시,일요일,전라북도 익산시 어양동,경상사고,0,0,2,0,차대차 - 측면충돌,신호위반,건조,맑음,교차로 - 교차로안,승용,여,22세,상해없음,승용,남,75세,경상
2023102900100163,2023년 10월 29일 12시,일요일,전라북도 무주군 설천면,경상사고,0,0,1,0,차대사람 - 기타,안전운전불이행,건조,맑음,단일로 - 기타,승용,남,83세,상해없음,보행자,여,57세,경상
2023102900100244,2023년 10월 29일 14시,일요일,전라북도 전주시 완산구 효자동3가,경상사고,0,0,1,0,차대차 - 정면충돌,신호위반,건조,맑음,교차로 - 교차로안,승용,남,29세,상해없음,승용,남,75세,경상
2023102900100245,2023년 10월 29일 14시,일요일,전라북도 군산시 수송동,경상사고,0,0,2,0,차대차 - 측면충돌,신호위반,건조,맑음,교차로 - 교차로횡단보도내,이륜,남,40세,상해없음,개인형이동수단(PM),남,12세,경상
2023102900100246,2023년 10월 29일 14시,일요일,전라북도 익산시 어양동,경상사고,0,0,1,0,차대차 - 측면충돌,안전운전불이행,건조,맑음,교차로 - 교차로안,승용,남,75세,상해없음,승용,남,66세,경상
2023102900100328,2023년 10월 29일 16시,일요일,전라북도 남원시 운봉읍,중상사고,0,1,2,0,차대차 - 정면충돌,중앙선침범,건조,맑음,단일로 - 기타,승용,남,49세,경상,승용,여,52세,중상
2023102900100329,2023년 10월 29일 16시,일요일,전라북도 남원시 향교동,중상사고,0,1,0,0,차대사람 - 차도통행중,안전운전불이행,건조,맑음,단일로 - 기타,승용,여,57세,상해없음,보행자,여,74세,중상
2023102900100434,2023년 10월 29일 19시,일요일,전라북도 군산시 조촌동,중상사고,0,1,3,0,차대차 - 정면충돌,신호위반,건조,맑음,교차로 - 교차로안,승용,여,58세,경상,승용,남,46세,경상
2023102900100483,2023년 10월 29일 21시,일요일,전라북도 전주시 완산구 서신동,경상사고,0,0,1,0,차대사람 - 횡단중,안전운전불이행,건조,맑음,교차로 - 교차로안,승용,여,52세,상해없음,보행자,남,47세,경상
2023102900100495,2023년 10월 29일 22시,일요일,전라북도 전주시 완산구 효자동2가,경상사고,0,0,3,0,차대차 - 측면충돌,중앙선침범,건조,맑음,교차로 - 교차로안,승용,남,31세,상해없음,승용,남,27세,경상
2023102900100496,2023년 10월 29일 22시,일요일,전라북도 정읍시 시기동,중상사고,0,1,0,0,차대차 - 기타,불법유턴,건조,맑음,기타 - 기타,승용,남,67세,상해없음,이륜,남,27세,중상
2023103000100057,2023년 10월 30일 07시,월요일,전라북도 군산시 산북동,경상사고,0,0,1,0,차대차 - 측면충돌,안전운전불이행,건조,맑음,교차로 - 교차로부근,화물,남,67세,상해없음,자전거,여,39세,경상
2023103000100098,2023년 10월 30일 08시,월요일,전라북도 전주시 덕진구 덕진동1가,경상사고,0,0,1,0,차대차 - 측면충돌,안전거리미확보,건조,맑음,단일로 - 기타,승용,남,65세,상해없음,승용,남,43세,경상
2023103000100099,2023년 10월 30일 08시,월요일,전라북도 전주시 덕진구 팔복동2가,경상사고,0,0,1,0,차대차 - 측면충돌,안전운전불이행,건조,맑음,교차로 - 교차로안,승용,여,68세,상해없음,승용,남,27세,경상
2023103000100198,2023년 10월 30일 11시,월요일,전라북도 전주시 완산구 평화동2가,경상사고,0,0,1,0,차대차 - 기타,중앙선침범,건조,맑음,단일로 - 기타,승합,남,65세,상해없음,승용,남,46세,경상
2023103000100199,2023년 10월 30일 11시,월요일,전라북도 남원시 조산동,중상사고,0,1,0,0,차대차 - 측면충돌,안전운전불이행,건조,맑음,단일로 - 기타,승용,남,71세,중상,화물,남,72세,상해없음
2023103000100227,2023년 10월 30일 12시,월요일,전라북도 군산시 지곡동,중상사고,0,2,1,0,차대차 - 측면충돌,안전운전불이행,건조,맑음,교차로 - 교차로안,승용,여,44세,상해없음,승용,여,27세,경상
2023103000100228,2023년 10월 30일 12시,월요일,전라북도 부안군 줄포면,경상사고,0,0,1,0,차대차 - 측면충돌,안전운전불이행,건조,맑음,교차로 - 교차로안,승용,남,58세,경상,화물,남,60세,상해없음
2023103000100253,2023년 10월 30일 13시,월요일,전라북도 전주시 완산구 효자동1가,중상사고,0,1,0,0,차대사람 - 횡단중,보행자보호의무위반,건조,맑음,교차로 - 교차로안,화물,남,69세,상해없음,보행자,여,85세,중상
2023103000100254,2023년 10월 30일 13시,월요일,전라북도 김제시 용지면,경상사고,0,0,1,0,차대차 - 측면충돌,신호위반,건조,맑음,교차로 - 교차로안,승용,여,62세,상해없음,승용,남,58세,경상
2023103000100255,2023년 10월 30일 13시,월요일,전라북도 임실군 오수면,경상사고,0,0,1,0,차대차 - 측면충돌,안전거리미확보,건조,맑음,단일로 - 지하차도(도로)내,건설기계,남,63세,상해없음,승용,남,56세,경상
2023103000100336,2023년 10월 30일 15시,월요일,전라북도 완주군 봉동읍,중상사고,0,1,0,0,차대사람 - 보도통행중,보행자보호의무위반,건조,맑음,교차로 - 교차로횡단보도내,승용,여,43세,상해없음,보행자,남,53세,중상
2023103000100374,2023년 10월 30일 16시,월요일,전라북도 군산시 개정동,경상사고,0,0,5,1,차대차 - 추돌,안전운전불이행,건조,맑음,교차로 - 교차로부근,승용,남,62세,상해없음,승용,남,54세,경상
2023103000100375,2023년 10월 30일 16시,월요일,전라북도 임실군 성수면,경상사고,0,0,2,0,차대차 - 추돌,안전거리미확보,건조,맑음,교차로 - 교차로부근,특수,남,55세,상해없음,승용,남,63세,경상
2023103000100456,2023년 10월 30일 18시,월요일,전라북도 전주시 완산구 서서학동,중상사고,0,1,0,0,차대사람 - 차도통행중,안전운전불이행,건조,맑음,단일로 - 기타,화물,남,44세,상해없음,보행자,남,82세,중상
2023103000100457,2023년 10월 30일 18시,월요일,전라북도 군산시 경장동,중상사고,0,1,1,0,차대차 - 측면충돌,신호위반,건조,맑음,교차로 - 교차로안,승용,남,82세,상해없음,승용,여,62세,중상
2023103000100458,2023년 10월 30일 18시,월요일,전라북도 익산시 삼기면,경상사고,0,0,2,0,차대차 - 측면충돌,신호위반,건조,맑음,교차로 - 교차로안,승용,여,45세,경상,화물,남,61세,경상
2023103000100459,2023년 10월 30일 18시,월요일,전라북도 완주군 봉동읍,경상사고,0,0,1,0,차대차 - 측면충돌,차로위반,건조,맑음,단일로 - 기타,화물,남,58세,상해없음,승용,남,66세,경상
2023103100100029,2023년 10월 31일 02시,화요일,전라북도 익산시 어양동,경상사고,0,0,1,0,차대차 - 측면충돌,신호위반,건조,맑음,교차로 - 교차로안,승용,남,64세,상해없음,이륜,남,66세,경상
2023103100100050,2023년 10월 31일 05시,화요일,전라북도 남원시 노암동,중상사고,0,1,0,0,차대사람 - 기타,안전운전불이행,건조,맑음,주차장 - 주차장,승용,남,46세,상해없음,보행자,남,43세,중상
2023103100100070,2023년 10월 31일 06시,화요일,전라북도 정읍시 상동,경상사고,0,0,1,0,차대차 - 측면충돌,신호위반,건조,맑음,교차로 - 교차로안,승용,여,54세,상해없음,승용,여,34세,경상
2023103100100104,2023년 10월 31일 08시,화요일,전라북도 전주시 완산구 서완산동1가,경상사고,0,0,1,0,차대사람 - 횡단중,보행자보호의무위반,건조,맑음,단일로 - 기타,승용,남,27세,상해없음,보행자,여,48세,경상
2023103100100154,2023년 10월 31일 09시,화요일,전라북도 익산시 신동,중상사고,0,2,4,0,차대차 - 추돌,안전운전불이행,건조,맑음,단일로 - 기타,화물,남,83세,중상,승용,여,66세,경상
2023103100100192,2023년 10월 31일 10시,화요일,전라북도 익산시 부송동,경상사고,0,0,1,0,차대차 - 추돌,안전운전불이행,건조,맑음,단일로 - 기타,승용,여,43세,상해없음,이륜,남,47세,경상
2023103100100193,2023년 10월 31일 10시,화요일,전라북도 남원시 금동,중상사고,0,1,0,0,차대사람 - 길가장자리구역통행중,안전운전불이행,건조,맑음,단일로 - 기타,화물,남,56세,상해없음,보행자,여,79세,중상
2023103100100225,2023년 10월 31일 11시,화요일,전라북도 전주시 덕진구 우아동2가,중상사고,0,1,0,0,차대차 - 추돌,안전운전불이행,건조,맑음,교차로 - 교차로부근,승용,남,65세,상해없음,이륜,남,61세,중상
2023103100100257,2023년 10월 31일 12시,화요일,전라북도 부안군 하서면,중상사고,0,1,0,0,차대사람 - 기타,안전운전불이행,건조,맑음,단일로 - 기타,화물,남,68세,상해없음,보행자,여,76세,중상
2023103100100288,2023년 10월 31일 13시,화요일,전라북도 정읍시 연지동,중상사고,0,1,0,0,차대사람 - 기타,안전운전불이행,건조,맑음,단일로 - 기타,화물,남,56세,상해없음,보행자,남,71세,중상
2023103100100364,2023년 10월 31일 15시,화요일,전라북도 전주시 완산구 중화산동2가,중상사고,0,1,0,0,차대사람 - 횡단중,보행자보호의무위반,건조,맑음,단일로 - 기타,승용,여,39세,상해없음,보행자,여,8세,중상
2023103100100365,2023년 10월 31일 15시,화요일,전북특별자치도 전주시 덕진구 장동,경상사고,0,0,1,0,차대차 - 추돌,안전운전불이행,건조,맑음,교차로 - 교차로부근,승용,여,47세,상해없음,승용,남,58세,경상
2023103100100366,2023년 10월 31일 15시,화요일,전라북도 군산시 개정면,경상사고,0,0,2,0,차대차 - 측면충돌,신호위반,건조,맑음,교차로 - 교차로안,승용,남,80세,상해없음,승용,남,46세,경상
2023103100100367,2023년 10월 31일 15시,화요일,전라북도 익산시 현영동,경상사고,0,0,2,0,차대차 - 추돌,안전거리미확보,건조,맑음,단일로 - 교량,승용,남,74세,상해없음,승용,남,63세,경상
2023103100100392,2023년 10월 31일 16시,화요일,전라북도 전주시 덕진구 진북동,경상사고,0,0,1,0,차대차 - 측면충돌,안전거리미확보,건조,맑음,교차로 - 교차로부근,승용,남,55세,상해없음,승용,남,37세,경상
2023103100100441,2023년 10월 31일 17시,화요일,전라북도 군산시 미룡동,경상사고,0,0,1,0,차대차 - 측면충돌,안전운전불이행,건조,맑음,교차로 - 교차로안,승용,여,64세,상해없음,승용,여,39세,경상
2023103100100442,2023년 10월 31일 17시,화요일,전라북도 익산시 모현동1가,중상사고,0,1,0,0,차대사람 - 횡단중,보행자보호의무위반,건조,맑음,교차로 - 교차로횡단보도내,승용,여,57세,상해없음,보행자,여,82세,중상
2023103100100512,2023년 10월 31일 18시,화요일,전라북도 전주시 완산구 효자동3가,경상사고,0,0,1,0,차대사람 - 횡단중,보행자보호의무위반,건조,맑음,단일로 - 기타,승용,여,28세,상해없음,보행자,남,4세,경상
2023103100100513,2023년 10월 31일 18시,화요일,전라북도 전주시 덕진구 송천동2가,중상사고,0,1,0,0,차대사람 - 길가장자리구역통행중,안전운전불이행,건조,맑음,단일로 - 기타,승용,남,40세,상해없음,보행자,남,67세,중상
2023103100100563,2023년 10월 31일 19시,화요일,전라북도 정읍시 고부면,경상사고,0,0,1,0,차대차 - 정면충돌,신호위반,건조,맑음,교차로 - 교차로안,승용,남,39세,상해없음,승용,여,52세,경상
2023103100100615,2023년 10월 31일 21시,화요일,전라북도 완주군 용진읍,경상사고,0,0,1,0,차량단독 - 전도전복 - 전도,안전운전불이행,건조,맑음,단일로 - 기타,원동기,남,43세,경상,,,,
2023110100100118,2023년 11월 1일 08시,수요일,전라북도 익산시 어양동,경상사고,0,0,1,0,차대차 - 측면충돌,신호위반,건조,맑음,교차로 - 교차로안,승용,여,53세,기타불명,승용,남,43세,경상
2023110100100119,2023년 11월 1일 08시,수요일,전라북도 김제시 요촌동,경상사고,0,0,2,0,차대차 - 측면충돌,신호위반,건조,맑음,교차로 - 교차로안,승용,여,52세,상해없음,승용,여,40세,경상
2023110100100120,2023년 11월 1일 08시,수요일,전라북도 고창군 대산면,경상사고,0,0,1,0,차대차 - 측면충돌,안전운전불이행,젖음/습기,맑음,단일로 - 기타,승용,남,62세,상해없음,승용,여,63세,경상
2023110100100163,2023년 11월 1일 09시,수요일,전라북도 전주시 완산구 효자동1가,경상사고,0,0,3,0,차대차 - 추돌,안전운전불이행,건조,맑음,단일로 - 기타,승합,남,65세,상해없음,승용,여,32세,경상
2023110100100164,2023년 11월 1일 09시,수요일,전라북도 전주시 덕진구 팔복동2가,경상사고,0,0,1,0,차대차 - 측면충돌,신호위반,건조,맑음,기타 - 기타,승용,여,63세,상해없음,승용,남,52세,경상
2023110100100216,2023년 11월 1일 11시,수요일,전라북도 군산시 옥구읍,사망사고,1,0,0,0,차대차 - 측면충돌,기타,건조,맑음,교차로 - 교차로안,화물,남,48세,상해없음,자전거,남,74세,사망
2023110100100217,2023년 11월 1일 11시,수요일,전라북도 김제시 성덕면,중상사고,0,1,0,0,차량단독 - 공작물충돌,안전운전불이행,건조,맑음,단일로 - 기타,승합,남,57세,상해없음,,,,
2023110100100301,2023년 11월 1일 14시,수요일,전라북도 완주군 삼례읍,중상사고,0,1,0,0,차대사람 - 횡단중,안전운전불이행,건조,맑음,단일로 - 기타,화물,남,78세,상해없음,보행자,여,81세,중상
2023110100100335,2023년 11월 1일 15시,수요일,전라북도 고창군 심원면,경상사고,0,0,1,0,차대차 - 추돌,안전운전불이행,건조,맑음,단일로 - 기타,승용,여,64세,상해없음,승용,남,63세,기타불명
2023110100100366,2023년 11월 1일 16시,수요일,전라북도 정읍시 금붕동,경상사고,0,0,2,0,차대차 - 추돌,안전운전불이행,건조,맑음,단일로 - 기타,승용,남,73세,상해없음,승용,남,65세,경상
2023110100100367,2023년 11월 1일 16시,수요일,전라북도 완주군 이서면,중상사고,0,2,1,0,차대차 - 기타,안전운전불이행,건조,맑음,단일로 - 기타,승용,남,19세,상해없음,승합,남,54세,중상
2023110100100403,2023년 11월 1일 17시,수요일,전라북도 전주시 완산구 평화동1가,경상사고,0,0,2,0,차대차 - 추돌,안전운전불이행,건조,맑음,단일로 - 기타,승용,여,28세,상해없음,승용,여,29세,경상
2023110100100404,2023년 11월 1일 17시,수요일,전라북도 익산시 신동,경상사고,0,0,2,0,차대차 - 측면충돌,직진우회전진행방해,건조,맑음,교차로 - 교차로안,이륜,남,52세,경상,승용,여,25세,경상
2023110100100455,2023년 11월 1일 18시,수요일,전라북도 정읍시 진산동,경상사고,0,0,1,0,차량단독 - 기타,안전운전불이행,건조,맑음,단일로 - 기타,이륜,남,60세,경상,,,,
2023110100100503,2023년 11월 1일 19시,수요일,전라북도 전주시 완산구 서신동,경상사고,0,0,1,0,차대차 - 측면충돌,안전운전불이행,건조,맑음,단일로 - 기타,승용,남,64세,상해없음,승용,남,38세,경상
2023110100100529,2023년 11월 1일 20시,수요일,전라북도 전주시 완산구 중화산동2가,중상사고,0,1,0,0,차대사람 - 기타,안전운전불이행,건조,맑음,단일로 - 기타,승용,여,42세,상해없음,보행자,남,55세,중상
2023110200100008,2023년 11월 2일 00시,목요일,전라북도 군산시 사정동,경상사고,0,0,1,0,차대사람 - 횡단중,안전운전불이행,건조,맑음,단일로 - 기타,승용,여,56세,상해없음,보행자,남,76세,경상
2023110200100024,2023년 11월 2일 03시,목요일,전라북도 전주시 덕진구 용정동,경상사고,0,0,1,0,차대차 - 추돌,안전운전불이행,건조,맑음,단일로 - 지하차도(도로)내,승용,여,45세,상해없음,화물,남,52세,경상
2023110200100047,2023년 11월 2일 06시,목요일,전라북도 고창군 신림면,경상사고,0,0,1,0,차대사람 - 횡단중,신호위반,건조,맑음,교차로 - 교차로안,승용,남,64세,상해없음,보행자,여,66세,경상
2023110200100074,2023년 11월 2일 07시,목요일,전라북도 전주시 완산구 효자동1가,경상사고,0,0,1,0,차대차 - 기타,불법유턴,건조,맑음,단일로 - 기타,승용,남,74세,상해없음,승합,남,57세,경상
2023110200100075,2023년 11월 2일 07시,목요일,전라북도 김제시 광활면,중상사고,0,1,2,0,차대차 - 측면충돌,교차로운행방법위반,건조,맑음,단일로 - 지하차도(도로)내,건설기계,남,58세,상해없음,승용,여,68세,경상
2023110200100115,2023년 11월 2일 08시,목요일,전라북도 군산시 조촌동,경상사고,0,0,1,0,차대차 - 측면충돌,교차로운행방법위반,건조,맑음,교차로 - 교차로안,승용,여,61세,상해없음,승용,여,41세,경상
2023110200100116,2023년 11월 2일 08시,목요일,전라북도 완주군 봉동읍,중상사고,0,1,0,0,차대사람 - 횡단중,안전운전불이행,건조,맑음,단일로 - 기타,승용,남,35세,상해없음,보행자,남,13세,중상
2023110200100157,2023년 11월 2일 09시,목요일,전라북도 익산시 창인동1가,경상사고,0,0,1,0,차대차 - 측면충돌,직진우회전진행방해,건조,맑음,교차로 - 교차로안,승용,여,63세,상해없음,승용,남,68세,경상
2023110200100158,2023년 11월 2일 09시,목요일,전라북도 부안군 동진면,중상사고,0,1,0,0,차대차 - 추돌,안전거리미확보,건조,맑음,교차로 - 교차로부근,화물,남,24세,상해없음,승용,여,65세,중상
2023110200100189,2023년 11월 2일 10시,목요일,전라북도 임실군 운암면,경상사고,0,0,1,0,차대차 - 측면충돌,교차로운행방법위반,건조,맑음,교차로 - 교차로안,승용,남,81세,상해없음,승용,여,47세,경상
2023110200100190,2023년 11월 2일 10시,목요일,전라북도 임실군 임실읍,중상사고,0,1,0,0,차대차 - 측면충돌,안전거리미확보,건조,맑음,단일로 - 지하차도(도로)내,화물,남,56세,상해없음,이륜,남,82세,중상
2023110200100256,2023년 11월 2일 12시,목요일,전라북도 군산시 대명동,부상신고사고,0,0,0,1,차대사람 - 횡단중,안전운전불이행,건조,맑음,교차로 - 교차로안,승용,남,69세,상해없음,보행자,남,79세,부상신고
2023110200100295,2023년 11월 2일 13시,목요일,전라북도 전주시 덕진구 금암동,경상사고,0,0,1,0,차대사람 - 횡단중,신호위반,건조,맑음,교차로 - 교차로안,승용,남,65세,상해없음,보행자,남,58세,경상
2023110200100380,2023년 11월 2일 15시,목요일,전라북도 익산시 인화동2가,경상사고,0,0,1,0,차대차 - 측면충돌,안전운전불이행,건조,맑음,교차로 - 교차로부근,승용,남,53세,상해없음,화물,남,27세,경상
2023110200100381,2023년 11월 2일 15시,목요일,전라북도 남원시 조산동,중상사고,0,1,2,0,차대차 - 측면충돌,신호위반,건조,맑음,교차로 - 교차로안,승용,여,49세,경상,승용,남,83세,경상
2023110200100421,2023년 11월 2일 16시,목요일,전라북도 군산시 미원동,경상사고,0,0,1,0,차대차 - 정면충돌,안전운전불이행,건조,맑음,단일로 - 지하차도(도로)내,승용,남,57세,상해없음,자전거,여,73세,경상
2023110200100422,2023년 11월 2일 16시,목요일,전라북도 군산시 내초동,경상사고,0,0,1,0,차대차 - 추돌,안전운전불이행,건조,맑음,교차로 - 교차로부근,승용,남,50세,상해없음,승용,남,58세,경상
2023110200100423,2023년 11월 2일 16시,목요일,전라북도 군산시 미룡동,경상사고,0,0,1,0,차대차 - 측면충돌,기타,건조,맑음,단일로 - 지하차도(도로)내,승용,남,27세,상해없음,개인형이동수단(PM),남,26세,상해없음
2023110200100424,2023년 11월 2일 16시,목요일,전라북도 익산시 신동,경상사고,0,0,1,0,차대차 - 측면충돌,안전운전불이행,건조,맑음,교차로 - 교차로부근,이륜,남,33세,상해없음,승용,남,62세,경상
2023110200100425,2023년 11월 2일 16시,목요일,전라북도 김제시 신덕동,경상사고,0,0,1,0,차대차 - 기타,안전운전불이행,건조,맑음,단일로 - 기타,승용,남,28세,상해없음,승용,여,60세,경상
2023110200100471,2023년 11월 2일 17시,목요일,전라북도 정읍시 수성동,경상사고,0,0,1,0,차대차 - 측면충돌,신호위반,건조,맑음,교차로 - 교차로안,자전거,남,79세,경상,화물,남,54세,상해없음
2023110200100528,2023년 11월 2일 18시,목요일,전라북도 익산시 함열읍,경상사고,0,0,2,0,차대차 - 측면충돌,신호위반,건조,맑음,교차로 - 교차로안,화물,남,69세,경상,화물,남,47세,경상
2023110200100529,2023년 11월 2일 18시,목요일,전라북도 완주군 삼례읍,중상사고,0,1,0,0,차대사람 - 횡단중,안전운전불이행,건조,맑음,단일로 - 기타,승용,남,47세,상해없음,보행자,여,70세,중상
2023110200100530,2023년 11월 2일 18시,목요일,전라북도 완주군 삼례읍,경상사고,0,0,1,0,차량단독 - 전도전복 - 전도,안전운전불이행,건조,맑음,단일로 - 기타,이륜,남,81세,경상,,,,
2023110200100586,2023년 11월 2일 19시,목요일,전라북도 전주시 완산구 효자동2가,중상사고,0,1,0,0,차대사람 - 횡단중,안전운전불이행,건조,맑음,교차로 - 교차로안,승용,여,56세,상해없음,보행자,여,15세,중상
2023110200100619,2023년 11월 2일 20시,목요일,전라북도 전주시 완산구 서신동,경상사고,0,0,1,0,차대차 - 기타,안전운전불이행,건조,맑음,교차로 - 교차로부근,승용,남,60세,상해없음,승용,남,36세,경상
2023110200100620,2023년 11월 2일 20시,목요일,전라북도 전주시 덕진구 진북동,경상사고,0,0,1,0,차대차 - 측면충돌,안전운전불이행,건조,맑음,기타 - 기타,승용,남,70세,상해없음,자전거,여,19세,경상
2023110200100650,2023년 11월 2일 21시,목요일,전라북도 익산시 주현동,경상사고,0,0,1,0,차대사람 - 횡단중,신호위반,건조,맑음,교차로 - 교차로횡단보도내,승용,여,52세,상해없음,보행자,남,37세,경상