사고번호,사고일시,요일,시군구,사고내용,사망자수,중상자수,경상자수,부상신고자수,사고유형,법규위반,노면상태,기상상태,도로형태,가해운전자 차종,가해운전자 성별,가해운전자 연령,가해운전자 상해정도,피해운전자 차종,피해운전자 성별,피해운전자 연령,피해운전자 상해정도
2023110900100553,2023년 11월 9일 20시,목요일,전라북도 전주시 덕진구 중동,경상사고,0,0,1,0,차대차 - 기타,중앙선침범,젖음/습기,비,교차로 - 교차로부근,화물,남,25세,상해없음,승용,여,54세,경상
2023110900100577,2023년 11월 9일 21시,목요일,전라북도 전주시 완산구 효자동2가,경상사고,0,0,1,0,차대차 - 기타,불법유턴,젖음/습기,비,단일로 - 기타,개인형이동수단(PM),남,26세,상해없음,승용,여,45세,경상
2023110900100595,2023년 11월 9일 22시,목요일,전라북도 남원시 용정동,경상사고,0,0,1,0,차대차 - 정면충돌,중앙선침범,젖음/습기,비,단일로 - 기타,승용,여,42세,상해없음,승용,여,48세,경상
2023111000100004,2023년 11월 10일 00시,금요일,전라북도 전주시 완산구 효자동2가,경상사고,0,0,1,0,차대차 - 추돌,안전운전불이행,건조,맑음,단일로 - 기타,승용,남,51세,상해없음,승용,여,49세,경상
2023111000100013,2023년 11월 10일 01시,금요일,전라북도 전주시 완산구 중화산동2가,경상사고,0,0,2,0,차대차 - 추돌,안전운전불이행,젖음/습기,비,교차로 - 교차로부근,승용,기타불명,미분류,기타불명,승용,남,56세,경상
2023111000100014,2023년 11월 10일 01시,금요일,전라북도 익산시 어양동,경상사고,0,0,2,0,차대차 - 측면충돌,직진우회전진행방해,건조,맑음,교차로 - 교차로안,승용,남,64세,상해없음,승용,남,67세,경상
2023111000100055,2023년 11월 10일 06시,금요일,전라북도 익산시 신흥동,경상사고,0,0,2,0,차대차 - 추돌,안전운전불이행,건조,맑음,교차로 - 교차로부근,승용,남,43세,상해없음,화물,남,55세,경상
2023111000100056,2023년 11월 10일 06시,금요일,전라북도 익산시 창인동1가,사망사고,1,0,0,0,차대차 - 추돌,신호위반,건조,맑음,단일로 - 기타,자전거,남,74세,사망,화물,남,60세,상해없음
2023111000100073,2023년 11월 10일 07시,금요일,전라북도 익산시 신흥동,경상사고,0,0,1,0,차대차 - 측면충돌,신호위반,건조,맑음,교차로 - 교차로안,승용,남,52세,상해없음,승용,남,66세,경상
2023111000100110,2023년 11월 10일 08시,금요일,전라북도 고창군 고창읍,경상사고,0,0,1,0,차대차 - 측면충돌,중앙선침범,건조,맑음,기타 - 기타,승용,남,74세,상해없음,승용,남,38세,경상
2023111000100169,2023년 11월 10일 10시,금요일,전라북도 전주시 덕진구 만성동,경상사고,0,0,1,0,차대차 - 기타,안전거리미확보,건조,맑음,단일로 - 기타,승용,여,71세,상해없음,승용,남,62세,경상
2023111000100170,2023년 11월 10일 10시,금요일,전라북도 완주군 상관면,중상사고,0,1,0,0,차대차 - 측면충돌,신호위반,건조,맑음,단일로 - 터널,승용,남,85세,상해없음,승용,남,34세,중상
2023111000100233,2023년 11월 10일 12시,금요일,전라북도 익산시 갈산동,경상사고,0,0,6,0,차대차 - 추돌,안전운전불이행,건조,맑음,단일로 - 기타,승합,남,68세,상해없음,승용,남,77세,경상
2023111000100234,2023년 11월 10일 12시,금요일,전라북도 남원시 하정동,중상사고,0,1,0,0,차대차 - 측면충돌,안전거리미확보,건조,맑음,단일로 - 기타,승용,여,28세,상해없음,자전거,남,94세,중상
2023111000100272,2023년 11월 10일 13시,금요일,전라북도 전주시 완산구 중앙동1가,경상사고,0,0,1,0,차대사람 - 횡단중,보행자보호의무위반,건조,맑음,단일로 - 기타,승용,남,66세,상해없음,보행자,남,37세,경상
2023111000100273,2023년 11월 10일 13시,금요일,전라북도 전주시 덕진구 인후동1가,중상사고,0,1,0,0,차대차 - 측면충돌,안전운전불이행,건조,맑음,교차로 - 교차로안,승용,남,44세,상해없음,승용,여,23세,중상
2023111000100274,2023년 11월 10일 13시,금요일,전라북도 군산시 신풍동,중상사고,0,1,4,0,차대차 - 측면충돌,신호위반,건조,맑음,교차로 - 교차로부근,승용,남,76세,상해없음,승합,남,48세,경상
2023111000100315,2023년 11월 10일 14시,금요일,전라북도 익산시 남중동,부상신고사고,0,0,0,2,차대차 - 추돌,안전운전불이행,건조,맑음,교차로 - 교차로부근,이륜,남,41세,상해없음,승용,여,72세,부상신고
2023111000100361,2023년 11월 10일 15시,금요일,전라북도 전주시 완산구 다가동4가,경상사고,0,0,3,0,차대차 - 기타,안전운전불이행,건조,맑음,단일로 - 기타,승용,여,29세,상해없음,승용,남,47세,경상
2023111000100406,2023년 11월 10일 16시,금요일,전라북도 완주군 삼례읍,경상사고,0,0,1,0,차대차 - 정면충돌,안전운전불이행,건조,맑음,교차로 - 교차로안,승용,남,46세,상해없음,승용,남,66세,경상
2023111000100515,2023년 11월 10일 18시,금요일,전라북도 정읍시 상동,경상사고,0,0,1,0,차대차 - 측면충돌,신호위반,건조,맑음,교차로 - 교차로안,승용,남,58세,상해없음,승용,남,60세,경상
2023111000100576,2023년 11월 10일 19시,금요일,전라북도 전주시 완산구 삼천동1가,중상사고,0,1,0,0,차대차 - 측면충돌,기타,건조,맑음,기타 - 기타,승용,남,59세,상해없음,이륜,남,38세,중상
2023111000100609,2023년 11월 10일 20시,금요일,전라북도 전주시 덕진구 팔복동1가,경상사고,0,0,1,0,차대차 - 추돌,안전운전불이행,건조,맑음,기타 - 기타,화물,남,61세,상해없음,승용,남,39세,경상
2023111000100641,2023년 11월 10일 21시,금요일,전라북도 전주시 완산구 태평동,중상사고,0,2,1,0,차대차 - 기타,안전운전불이행,건조,맑음,주차장 - 주차장,화물,남,65세,상해없음,승용,남,62세,중상
2023111100100176,2023년 11월 11일 11시,토요일,전라북도 군산시 미룡동,경상사고,0,0,2,0,차대차 - 측면충돌,안전운전불이행,건조,맑음,교차로 - 교차로안,승용,남,28세,경상,승용,남,33세,경상
2023111100100177,2023년 11월 11일 11시,토요일,전라북도 정읍시 연지동,중상사고,0,1,0,0,차대차 - 측면충돌,차로위반,건조,맑음,단일로 - 기타,승용,남,69세,상해없음,이륜,남,75세,중상
2023111100100206,2023년 11월 11일 12시,토요일,전라북도 정읍시 장명동,경상사고,0,0,1,0,차대사람 - 기타,안전운전불이행,건조,맑음,교차로 - 교차로부근,승용,남,66세,상해없음,보행자,남,84세,경상
2023111100100207,2023년 11월 11일 12시,토요일,전라북도 고창군 고창읍,경상사고,0,0,1,0,차대차 - 기타,교차로운행방법위반,건조,맑음,교차로 - 교차로안,승용,남,51세,상해없음,이륜,남,31세,경상
2023111100100249,2023년 11월 11일 13시,토요일,전라북도 전주시 덕진구 팔복동4가,경상사고,0,0,1,0,차대차 - 측면충돌,신호위반,건조,맑음,교차로 - 교차로안,승용,남,35세,상해없음,화물,남,18세,상해없음
2023111100100250,2023년 11월 11일 13시,토요일,전라북도 군산시 대야면,부상신고사고,0,0,0,1,차대차 - 측면충돌,안전운전불이행,건조,맑음,단일로 - 기타,화물,남,56세,상해없음,승용,여,28세,부상신고
2023111100100251,2023년 11월 11일 13시,토요일,전라북도 정읍시 산외면,중상사고,0,1,3,0,차대차 - 측면충돌,안전운전불이행,건조,맑음,단일로 - 기타,이륜,남,63세,경상,승용,여,38세,경상
2023111100100252,2023년 11월 11일 13시,토요일,전라북도 부안군 변산면,경상사고,0,0,2,1,차대차 - 기타,기타,건조,맑음,단일로 - 기타,건설기계,남,48세,상해없음,승용,여,31세,경상
2023111100100280,2023년 11월 11일 14시,토요일,전라북도 군산시 나운동,경상사고,0,0,1,0,차대차 - 후진중충돌,안전운전불이행,건조,맑음,단일로 - 기타,승용,여,68세,상해없음,승용,남,39세,경상
2023111100100322,2023년 11월 11일 15시,토요일,전라북도 군산시 미장동,경상사고,0,0,1,0,차대차 - 후진중충돌,안전운전불이행,건조,맑음,단일로 - 기타,화물,남,62세,상해없음,승용,남,29세,경상
2023111100100323,2023년 11월 11일 15시,토요일,전라북도 군산시 경암동,경상사고,0,0,1,1,차대차 - 추돌,안전운전불이행,건조,맑음,단일로 - 기타,승용,남,66세,상해없음,승용,여,39세,경상
2023111100100324,2023년 11월 11일 15시,토요일,전라북도 부안군 부안읍,중상사고,0,1,0,0,차대사람 - 차도통행중,안전운전불이행,건조,맑음,교차로 - 교차로부근,승용,여,51세,상해없음,보행자,여,53세,중상
2023111100100355,2023년 11월 11일 16시,토요일,전라북도 전주시 완산구 효자동2가,중상사고,0,2,4,0,차대차 - 기타,안전거리미확보,건조,맑음,교차로 - 교차로안,승용,여,51세,상해없음,승합,남,53세,경상
2023111100100399,2023년 11월 11일 17시,토요일,전라북도 군산시 소룡동,경상사고,0,0,1,0,차대차 - 측면충돌,안전운전불이행,건조,맑음,교차로 - 교차로부근,승용,남,50세,상해없음,승용,남,57세,경상
2023111100100437,2023년 11월 11일 18시,토요일,전라북도 정읍시 고부면,중상사고,0,1,1,0,차대차 - 측면충돌,안전운전불이행,건조,맑음,단일로 - 기타,승합,남,45세,경상,승용,남,59세,중상
2023111100100438,2023년 11월 11일 18시,토요일,전라북도 김제시 광활면,경상사고,0,0,1,0,차대사람 - 차도통행중,안전운전불이행,건조,흐림,단일로 - 기타,기타불명,기타불명,미분류,기타불명,보행자,여,59세,경상
2023111100100439,2023년 11월 11일 18시,토요일,전라북도 완주군 구이면,중상사고,0,3,2,0,차대차 - 추돌,안전운전불이행,건조,맑음,단일로 - 기타,승용,여,52세,상해없음,화물,남,56세,중상
2023111100100483,2023년 11월 11일 19시,토요일,전북특별자치도 전주시 완산구 평화동2가,경상사고,0,0,1,0,차대차 - 측면충돌,안전운전불이행,건조,맑음,교차로 - 교차로부근,승용,남,39세,기타불명,승용,남,38세,경상
2023111100100484,2023년 11월 11일 19시,토요일,전라북도 군산시 성산면,경상사고,0,0,3,0,차대차 - 추돌,안전운전불이행,건조,맑음,단일로 - 기타,승용,여,26세,경상,승용,여,41세,경상
2023111100100508,2023년 11월 11일 20시,토요일,전라북도 군산시 수송동,경상사고,0,0,1,0,차대사람 - 횡단중,안전운전불이행,건조,맑음,교차로 - 교차로부근,승용,남,46세,상해없음,보행자,남,25세,경상
2023111100100560,2023년 11월 11일 23시,토요일,전라북도 군산시 미룡동,경상사고,0,0,1,0,차대차 - 측면충돌,신호위반,건조,맑음,교차로 - 교차로안,승용,여,49세,기타불명,이륜,남,38세,경상
2023111200100067,2023년 11월 12일 08시,일요일,전라북도 전주시 완산구 고사동,경상사고,0,0,3,0,차대차 - 측면충돌,신호위반,건조,맑음,교차로 - 교차로안,승용,여,48세,상해없음,승용,남,39세,경상
2023111200100081,2023년 11월 12일 09시,일요일,전라북도 정읍시 태인면,중상사고,0,2,1,0,차대차 - 후진중충돌,기타,건조,맑음,단일로 - 기타,승용,여,59세,상해없음,화물,남,50세,중상
2023111200100101,2023년 11월 12일 10시,일요일,전라북도 정읍시 장명동,경상사고,0,0,1,0,차대차 - 측면충돌,안전거리미확보,건조,맑음,기타 - 기타,화물,남,72세,상해없음,승용,남,59세,경상
2023111200100156,2023년 11월 12일 12시,일요일,전라북도 익산시 마동,중상사고,0,1,0,0,차대사람 - 횡단중,보행자보호의무위반,건조,맑음,교차로 - 교차로횡단보도내,화물,남,57세,상해없음,보행자,여,53세,중상
2023111200100157,2023년 11월 12일 12시,일요일,전라북도 부안군 행안면,경상사고,0,0,1,0,차대차 - 측면충돌,직진우회전진행방해,건조,맑음,교차로 - 교차로안,승용,남,41세,상해없음,승용,남,69세,경상
2023111200100214,2023년 11월 12일 14시,일요일,전라북도 정읍시 수성동,중상사고,0,1,0,0,차대사람 - 기타,안전운전불이행,건조,맑음,교차로 - 교차로안,승용,남,35세,상해없음,보행자,여,75세,중상
2023111200100244,2023년 11월 12일 15시,일요일,전라북도 군산시 옥구읍,경상사고,0,0,4,0,차대차 - 측면충돌,안전운전불이행,건조,흐림,단일로 - 기타,승용,남,53세,상해없음,승용,여,51세,경상
2023111200100245,2023년 11월 12일 15시,일요일,전라북도 익산시 인화동2가,중상사고,0,1,1,0,차대차 - 측면충돌,직진우회전진행방해,건조,맑음,교차로 - 교차로안,승용,남,68세,상해없음,승용,여,36세,경상
2023111200100295,2023년 11월 12일 17시,일요일,전라북도 군산시 나운동,경상사고,0,0,1,0,차대차 - 측면충돌,교차로운행방법위반,건조,맑음,교차로 - 교차로안,화물,남,76세,상해없음,이륜,남,28세,경상
2023111200100296,2023년 11월 12일 17시,일요일,전라북도 익산시 영등동,경상사고,0,0,1,0,차대차 - 추돌,안전운전불이행,건조,맑음,주차장 - 주차장,승용,남,46세,상해없음,승용,남,25세,상해없음
2023111200100353,2023년 11월 12일 19시,일요일,전라북도 군산시 미장동,경상사고,0,0,3,0,차대차 - 측면충돌,안전운전불이행,젖음/습기,흐림,교차로 - 교차로부근,승용,여,55세,상해없음,승용,남,63세,경상
2023111200100387,2023년 11월 12일 20시,일요일,전라북도 전주시 완산구 삼천동1가,중상사고,0,1,0,0,차대사람 - 횡단중,안전운전불이행,건조,맑음,교차로 - 교차로부근,승용,여,48세,상해없음,보행자,여,76세,중상
2023111200100388,2023년 11월 12일 20시,일요일,전라북도 군산시 수송동,경상사고,0,0,1,0,차대사람 - 길가장자리구역통행중,안전운전불이행,건조,맑음,단일로 - 기타,승용,남,19세,상해없음,보행자,남,27세,경상
2023111200100416,2023년 11월 12일 21시,일요일,전라북도 김제시 요촌동,경상사고,0,0,1,0,차대차 - 후진중충돌,안전운전불이행,젖음/습기,비,교차로 - 교차로안,화물,남,54세,상해없음,승용,여,56세,경상
2023111300100037,2023년 11월 13일 05시,월요일,전라북도 전주시 완산구 서서학동,중상사고,0,1,0,0,차대차 - 측면충돌,신호위반,건조,맑음,교차로 - 교차로횡단보도내,승용,여,58세,상해없음,자전거,남,84세,중상
2023111300100087,2023년 11월 13일 07시,월요일,전라북도 익산시 오산면,중상사고,0,1,0,0,차대사람 - 보도통행중,보행자보호의무위반,건조,맑음,교차로 - 교차로횡단보도내,건설기계,남,66세,상해없음,보행자,남,55세,중상
2023111300100088,2023년 11월 13일 07시,월요일,전라북도 완주군 삼례읍,경상사고,0,0,4,0,차대차 - 추돌,안전거리미확보,건조,맑음,교차로 - 교차로안,승용,여,34세,경상,승용,여,25세,경상
2023111300100137,2023년 11월 13일 08시,월요일,전라북도 전주시 완산구 효자동3가,경상사고,0,0,2,0,차대차 - 정면충돌,신호위반,건조,맑음,교차로 - 교차로안,승용,여,54세,상해없음,승용,남,21세,경상
2023111300100138,2023년 11월 13일 08시,월요일,전라북도 전주시 완산구 중화산동2가,중상사고,0,1,0,0,차대사람 - 횡단중,안전운전불이행,건조,맑음,교차로 - 교차로부근,승용,남,29세,상해없음,보행자,남,61세,중상
2023111300100139,2023년 11월 13일 08시,월요일,전라북도 진안군 진안읍,부상신고사고,0,0,0,1,차대차 - 기타,안전운전불이행,건조,맑음,교차로 - 교차로안,승용,여,43세,상해없음,자전거,남,14세,부상신고
2023111300100400,2023년 11월 13일 15시,월요일,전라북도 군산시 나운동,경상사고,0,0,1,0,차대사람 - 횡단중,안전운전불이행,건조,맑음,교차로 - 교차로안,승용,남,58세,상해없음,보행자,여,87세,경상
2023111300100401,2023년 11월 13일 15시,월요일,전라북도 군산시 옥산면,경상사고,0,0,1,0,차대차 - 기타,기타,건조,맑음,교차로 - 교차로안,승용,여,74세,상해없음,승용,여,54세,경상
2023111300100447,2023년 11월 13일 16시,월요일,전라북도 전주시 완산구 상림동,경상사고,0,0,1,0,차대차 - 추돌,안전운전불이행,건조,맑음,교차로 - 교차로안,승용,남,68세,상해없음,승용,여,34세,경상
2023111300100488,2023년 11월 13일 17시,월요일,전라북도 전주시 완산구 상림동,경상사고,0,0,1,0,차대차 - 정면충돌,중앙선침범,건조,맑음,단일로 - 기타,승용,여,44세,상해없음,승용,남,61세,경상
2023111300100489,2023년 11월 13일 17시,월요일,전라북도 전주시 덕진구 송천동1가,경상사고,0,0,1,0,차대사람 - 횡단중,보행자보호의무위반,건조,맑음,교차로 - 교차로안,원동기,남,25세,상해없음,보행자,남,10세,경상
2023111300100490,2023년 11월 13일 17시,월요일,전라북도 익산시 왕궁면,중상사고,0,1,0,0,차대사람 - 기타,안전운전불이행,건조,맑음,단일로 - 기타,승용,남,36세,상해없음,보행자,여,80세,중상
2023111300100555,2023년 11월 13일 18시,월요일,전라북도 전주시 완산구 서신동,경상사고,0,0,1,0,차대사람 - 횡단중,보행자보호의무위반,건조,맑음,교차로 - 교차로횡단보도내,기타불명,기타불명,미분류,기타불명,보행자,여,24세,경상
2023111300100556,2023년 11월 13일 18시,월요일,전라북도 군산시 수송동,경상사고,0,0,1,0,차대차 - 기타,안전운전불이행,건조,맑음,교차로 - 교차로부근,화물,남,68세,상해없음,승용,여,47세,경상
2023111300100557,2023년 11월 13일 18시,월요일,전라북도 익산시 오산면,경상사고,0,0,1,0,차대차 - 측면충돌,신호위반,건조,맑음,교차로 - 교차로안,승용,남,76세,상해없음,승용,남,46세,경상
2023111300100558,2023년 11월 13일 18시,월요일,전라북도 김제시 순동,경상사고,0,0,1,0,차대사람 - 기타,안전운전불이행,건조,맑음,교차로 - 교차로안,승용,남,55세,상해없음,보행자,남,58세,경상
2023111300100617,2023년 11월 13일 19시,월요일,전라북도 전주시 완산구 서신동,경상사고,0,0,1,0,차대차 - 기타,안전운전불이행,건조,맑음,교차로 - 교차로안,승용,남,69세,상해없음,원동기,남,19세,경상
2023111300100618,2023년 11월 13일 19시,월요일,전라북도 전주시 덕진구 덕진동1가,경상사고,0,0,1,0,차대사람 - 기타,안전운전불이행,건조,맑음,단일로 - 기타,승용,남,19세,상해없음,보행자,여,20세,경상
2023111400100007,2023년 11월 14일 00시,화요일,전라북도 군산시 수송동,경상사고,0,0,2,0,차대차 - 추돌,안전운전불이행,건조,맑음,교차로 - 교차로부근,승용,남,20세,상해없음,승용,남,48세,상해없음
2023111400100012,2023년 11월 14일 01시,화요일,전라북도 익산시 마동,경상사고,0,0,1,0,차대차 - 측면충돌,안전운전불이행,건조,맑음,단일로 - 기타,승용,남,34세,상해없음,승용,남,64세,기타불명
2023111400100071,2023년 11월 14일 07시,화요일,전라북도 익산시 동산동,경상사고,0,0,1,0,차대차 - 측면충돌,직진우회전진행방해,건조,맑음,교차로 - 교차로안,승용,남,79세,상해없음,승용,남,27세,경상
2023111400100158,2023년 11월 14일 09시,화요일,전라북도 전주시 덕진구 금암동,경상사고,0,0,1,0,차대차 - 측면충돌,신호위반,건조,맑음,교차로 - 교차로안,승용,남,26세,상해없음,승용,여,61세,경상
2023111400100284,2023년 11월 14일 13시,화요일,전라북도 정읍시 시기동,경상사고,0,0,1,0,차대사람 - 보도통행중,보행자보호의무위반,건조,맑음,교차로 - 교차로안,화물,남,31세,상해없음,보행자,남,37세,경상
2023111400100327,2023년 11월 14일 14시,화요일,전라북도 순창군 팔덕면,중상사고,0,2,0,0,차대차 - 측면충돌,중앙선침범,건조,맑음,교차로 - 교차로부근,화물,남,62세,상해없음,승용,남,52세,중상
2023111400100367,2023년 11월 14일 15시,화요일,전라북도 남원시 금지면,중상사고,0,1,1,0,차대차 - 측면충돌,직진우회전진행방해,건조,맑음,교차로 - 교차로안,승용,여,54세,상해없음,승용,남,76세,경상
2023111400100368,2023년 11월 14일 15시,화요일,전라북도 부안군 부안읍,경상사고,0,0,1,0,차대차 - 측면충돌,안전운전불이행,건조,맑음,교차로 - 교차로부근,승용,남,74세,상해없음,승용,남,50세,경상
2023111400100397,2023년 11월 14일 16시,화요일,전라북도 전주시 완산구 효자동2가,경상사고,0,0,2,0,차대차 - 측면충돌,안전운전불이행,건조,맑음,단일로 - 기타,승용,남,30세,경상,승용,남,32세,경상
2023111400100492,2023년 11월 14일 18시,화요일,전라북도 군산시 소룡동,경상사고,0,0,1,0,차대차 - 측면충돌,기타,건조,흐림,교차로 - 교차로안,승용,남,30세,상해없음,승용,남,60세,경상
2023111400100493,2023년 11월 14일 18시,화요일,전라북도 군산시 수송동,경상사고,0,0,2,0,차대차 - 측면충돌,기타,건조,맑음,단일로 - 지하차도(도로)내,승용,남,67세,상해없음,승용,남,69세,상해없음
2023111400100543,2023년 11월 14일 19시,화요일,전라북도 익산시 인화동2가,중상사고,0,1,0,0,차대사람 - 횡단중,안전운전불이행,건조,맑음,기타 - 기타,화물,남,49세,상해없음,보행자,남,40세,중상
2023111400100576,2023년 11월 14일 20시,화요일,전라북도 전주시 완산구 평화동2가,경상사고,0,0,1,0,차대차 - 정면충돌,안전운전불이행,건조,맑음,교차로 - 교차로부근,승합,남,47세,상해없음,승용,남,37세,상해없음
2023111400100577,2023년 11월 14일 20시,화요일,전라북도 군산시 경암동,경상사고,0,0,1,0,차대차 - 추돌,안전운전불이행,건조,맑음,교차로 - 교차로부근,승용,남,39세,상해없음,승용,여,55세,경상
2023111500100006,2023년 11월 15일 00시,수요일,전라북도 임실군 오수면,사망사고,1,1,0,0,차대차 - 측면충돌,안전운전불이행,건조,맑음,단일로 - 지하차도(도로)내,화물,남,60세,상해없음,승용,남,39세,중상
2023111500100024,2023년 11월 15일 05시,수요일,전라북도 전주시 덕진구 금암동,중상사고,0,3,0,0,차량단독 - 공작물충돌,안전운전불이행,건조,맑음,교차로 - 교차로안,승용,여,26세,중상,,,,
2023111500100046,2023년 11월 15일 06시,수요일,전라북도 정읍시 연지동,사망사고,1,0,0,0,차대사람 - 횡단중,안전운전불이행,건조,맑음,교차로 - 교차로횡단보도내,승합,남,31세,상해없음,보행자,여,81세,사망
2023111500100149,2023년 11월 15일 09시,수요일,전라북도 완주군 삼례읍,사망사고,1,0,0,0,차대차 - 측면충돌,안전운전불이행,건조,맑음,단일로 - 기타,승용,남,44세,사망,화물,남,48세,상해없음
2023111500100182,2023년 11월 15일 10시,수요일,전라북도 남원시 월락동,부상신고사고,0,0,0,2,차대차 - 추돌,안전운전불이행,건조,맑음,교차로 - 교차로안,화물,남,78세,상해없음,승용,남,66세,부상신고
2023111500100220,2023년 11월 15일 11시,수요일,전라북도 전주시 덕진구 인후동1가,경상사고,0,0,1,0,차대차 - 후진중충돌,안전운전불이행,건조,맑음,교차로 - 교차로안,승용,여,71세,상해없음,승용,여,37세,경상
2023111500100315,2023년 11월 15일 14시,수요일,전라북도 전주시 완산구 효자동3가,경상사고,0,0,2,0,차대차 - 측면충돌,중앙선침범,건조,맑음,단일로 - 기타,승용,남,75세,상해없음,승용,남,51세,경상
2023111500100350,2023년 11월 15일 15시,수요일,전라북도 익산시 주현동,경상사고,0,0,1,0,차대차 - 측면충돌,차로위반,건조,맑음,교차로 - 교차로부근,승용,여,45세,상해없음,승용,남,20세,경상
2023111500100389,2023년 11월 15일 16시,수요일,전라북도 군산시 사정동,경상사고,0,0,1,0,차대차 - 측면충돌,안전운전불이행,건조,맑음,교차로 - 교차로안,건설기계,남,61세,상해없음,승용,여,46세,경상
2023111500100435,2023년 11월 15일 17시,수요일,전라북도 전주시 완산구 중화산동2가,경상사고,0,0,1,0,차대사람 - 기타,안전운전불이행,건조,맑음,기타 - 기타,개인형이동수단(PM),남,18세,상해없음,보행자,여,54세,경상
2023111500100436,2023년 11월 15일 17시,수요일,전라북도 익산시 모현동1가,경상사고,0,0,1,0,차대차 - 측면충돌,안전거리미확보,건조,맑음,단일로 - 기타,승용,여,45세,상해없음,승용,여,43세,경상
2023111500100437,2023년 11월 15일 17시,수요일,전라북도 장수군 장계면,중상사고,0,1,0,0,차대사람 - 횡단중,안전운전불이행,건조,맑음,단일로 - 기타,승용,여,64세,상해없음,보행자,남,71세,중상
2023111500100485,2023년 11월 15일 18시,수요일,전라북도 익산시 황등면,경상사고,0,0,2,0,차대차 - 추돌,안전운전불이행,건조,맑음,교차로 - 교차로부근,승용,남,62세,상해없음,승용,여,28세,경상
2023111500100537,2023년 11월 15일 19시,수요일,전라북도 전주시 덕진구 송천동1가,중상사고,0,1,0,0,차대사람 - 횡단중,기타,건조,맑음,교차로 - 교차로안,이륜,남,24세,상해없음,보행자,남,64세,중상
2023111500100559,2023년 11월 15일 20시,수요일,전라북도 군산시 수송동,경상사고,0,0,1,0,차대차 - 측면충돌,신호위반,건조,맑음,교차로 - 교차로부근,승용,여,50세,상해없음,승합,남,31세,경상
2023111500100560,2023년 11월 15일 20시,수요일,전라북도 정읍시 신태인읍,경상사고,0,0,5,0,차대차 - 측면충돌,안전운전불이행,건조,맑음,주차장 - 주차장,화물,남,43세,경상,화물,남,54세,경상
2023111500100585,2023년 11월 15일 21시,수요일,전북특별자치도 김제시 부량면,경상사고,0,0,1,0,차량단독 - 공작물충돌,안전운전불이행,건조,맑음,단일로 - 고가도로위,승용,남,60세,상해없음,,,,
2023111500100610,2023년 11월 15일 22시,수요일,전라북도 익산시 부송동,중상사고,0,1,1,0,차대차 - 측면충돌,신호위반,건조,맑음,교차로 - 교차로안,승용,여,31세,중상,승용,남,20세,경상
2023111600100026,2023년 11월 16일 05시,목요일,전라북도 전주시 완산구 효자동1가,부상신고사고,0,0,0,1,차대차 - 측면충돌,안전거리미확보,건조,맑음,교차로 - 교차로부근,승용,남,20세,기타불명,승용,남,31세,부상신고
2023111600100051,2023년 11월 16일 07시,목요일,전라북도 완주군 봉동읍,중상사고,0,1,0,0,차대차 - 정면충돌,중앙선침범,건조,맑음,교차로 - 교차로부근,승용,남,36세,상해없음,승용,남,43세,중상
2023111600100072,2023년 11월 16일 08시,목요일,전라북도 익산시 삼기면,경상사고,0,0,1,0,차대차 - 측면충돌,안전운전불이행,건조,맑음,단일로 - 기타,건설기계,남,54세,상해없음,승용,남,48세,경상
2023111600100099,2023년 11월 16일 09시,목요일,전라북도 익산시 신동,경상사고,0,0,1,0,차대차 - 기타,신호위반,젖음/습기,비,교차로 - 교차로횡단보도내,승용,남,81세,상해없음,자전거,남,76세,경상
2023111600100100,2023년 11월 16일 09시,목요일,전라북도 익산시 팔봉동,경상사고,0,0,1,0,차대차 - 추돌,안전운전불이행,건조,맑음,단일로 - 기타,화물,남,59세,상해없음,승용,남,50세,경상
2023111600100101,2023년 11월 16일 09시,목요일,전라북도 부안군 부안읍,중상사고,0,1,0,0,차대차 - 측면충돌,안전운전불이행,젖음/습기,비,교차로 - 교차로안,화물,남,60세,상해없음,이륜,남,78세,중상
2023111600100129,2023년 11월 16일 10시,목요일,전라북도 익산시 남중동,경상사고,0,0,1,0,차대사람 - 횡단중,안전운전불이행,젖음/습기,비,교차로 - 교차로안,승용,남,70세,상해없음,보행자,여,69세,경상
2023111600100130,2023년 11월 16일 10시,목요일,전라북도 정읍시 북면,경상사고,0,0,2,0,차대차 - 측면충돌,안전운전불이행,건조,맑음,단일로 - 기타,승용,남,71세,경상,승용,남,42세,경상
2023111600100167,2023년 11월 16일 11시,목요일,전라북도 익산시 영등동,경상사고,0,0,1,0,차대차 - 측면충돌,신호위반,젖음/습기,비,교차로 - 교차로안,승용,남,81세,상해없음,승용,남,59세,경상
2023111600100220,2023년 11월 16일 13시,목요일,전라북도 진안군 부귀면,경상사고,0,0,1,1,차대차 - 측면충돌,안전운전불이행,젖음/습기,비,교차로 - 교차로안,승용,여,31세,경상,화물,남,43세,부상신고
2023111600100247,2023년 11월 16일 14시,목요일,전라북도 남원시 이백면,중상사고,0,1,0,0,차대사람 - 기타,안전운전불이행,젖음/습기,비,단일로 - 기타,승합,남,56세,상해없음,보행자,여,83세,중상
2023111600100275,2023년 11월 16일 15시,목요일,전라북도 익산시 마동,경상사고,0,0,4,0,차대차 - 측면충돌,신호위반,건조,흐림,교차로 - 교차로안,승용,여,53세,상해없음,승용,남,69세,경상