사고번호,사고일시,요일,시군구,사고내용,사망자수,중상자수,경상자수,부상신고자수,사고유형,법규위반,노면상태,기상상태,도로형태,가해운전자 차종,가해운전자 성별,가해운전자 연령,가해운전자 상해정도,피해운전자 차종,피해운전자 성별,피해운전자 연령,피해운전자 상해정도
2023111600100318,2023년 11월 16일 16시,목요일,전라북도 군산시 나운동,경상사고,0,0,2,0,차대사람 - 횡단중,보행자보호의무위반,건조,맑음,교차로 - 교차로안,승용,남,53세,상해없음,보행자,남,15세,경상
2023111600100382,2023년 11월 16일 17시,목요일,전라북도 전주시 완산구 삼천동1가,경상사고,0,0,3,0,차대차 - 기타,안전운전불이행,건조,맑음,기타 - 기타,승용,남,45세,상해없음,승용,남,67세,상해없음
2023111600100383,2023년 11월 16일 17시,목요일,전라북도 익산시 모현동1가,경상사고,0,0,1,0,차대사람 - 횡단중,보행자보호의무위반,젖음/습기,비,교차로 - 교차로횡단보도내,승용,남,48세,상해없음,보행자,여,69세,경상
2023111600100459,2023년 11월 16일 18시,목요일,전라북도 군산시 나운동,부상신고사고,0,0,0,1,차대차 - 측면충돌,안전운전불이행,건조,흐림,교차로 - 교차로안,이륜,남,23세,부상신고,승용,남,55세,상해없음
2023111700100084,2023년 11월 17일 07시,금요일,전라북도 익산시 함열읍,중상사고,0,2,0,0,차대차 - 측면충돌,신호위반,건조,맑음,교차로 - 교차로안,건설기계,남,63세,상해없음,화물,남,64세,중상
2023111700100085,2023년 11월 17일 07시,금요일,전라북도 완주군 봉동읍,경상사고,0,0,1,0,차대차 - 측면충돌,신호위반,젖음/습기,맑음,교차로 - 교차로안,승용,남,29세,상해없음,승용,여,48세,경상
2023111700100125,2023년 11월 17일 08시,금요일,전라북도 군산시 미장동,경상사고,0,0,1,0,차대차 - 정면충돌,신호위반,건조,맑음,교차로 - 교차로안,승용,여,53세,상해없음,승용,남,66세,경상
2023111700100176,2023년 11월 17일 09시,금요일,전라북도 전주시 덕진구 장동,경상사고,0,0,1,0,차대차 - 측면충돌,안전운전불이행,건조,맑음,기타 - 기타,승용,남,71세,상해없음,승용,여,50세,경상
2023111700100202,2023년 11월 17일 10시,금요일,전라북도 전주시 완산구 서완산동1가,중상사고,0,1,0,0,차대차 - 기타,중앙선침범,젖음/습기,맑음,단일로 - 기타,승용,남,59세,상해없음,이륜,남,53세,중상
2023111700100203,2023년 11월 17일 10시,금요일,전라북도 김제시 하동,중상사고,0,1,0,0,차대차 - 기타,직진우회전진행방해,젖음/습기,비,교차로 - 교차로안,승용,남,44세,상해없음,이륜,남,80세,중상
2023111700100247,2023년 11월 17일 11시,금요일,전라북도 전주시 완산구 서신동,중상사고,0,1,0,0,차대차 - 기타,안전운전불이행,젖음/습기,흐림,단일로 - 기타,승용,남,67세,상해없음,이륜,남,82세,중상
2023111700100248,2023년 11월 17일 11시,금요일,전북특별자치도 진안군 상전면,중상사고,0,1,1,0,차대차 - 측면충돌,중앙선침범,건조,맑음,단일로 - 기타,승용,남,62세,상해없음,승용,여,32세,경상
2023111700100249,2023년 11월 17일 11시,금요일,전라북도 순창군 순창읍,경상사고,0,0,1,0,차대차 - 측면충돌,안전운전불이행,건조,맑음,교차로 - 교차로안,승용,남,55세,상해없음,승용,여,66세,경상
2023111700100288,2023년 11월 17일 12시,금요일,전라북도 익산시 영등동,경상사고,0,0,2,0,차대차 - 측면충돌,신호위반,젖음/습기,비,교차로 - 교차로안,승용,남,79세,상해없음,승용,남,50세,경상
2023111700100289,2023년 11월 17일 12시,금요일,전라북도 고창군 고창읍,중상사고,0,1,0,0,차대사람 - 횡단중,보행자보호의무위반,젖음/습기,비,교차로 - 교차로횡단보도내,승용,남,69세,상해없음,보행자,여,73세,중상
2023111700100320,2023년 11월 17일 13시,금요일,전라북도 김제시 금구면,경상사고,0,0,1,0,차대차 - 추돌,안전운전불이행,건조,맑음,교차로 - 교차로부근,건설기계,남,34세,상해없음,승용,여,61세,경상
2023111700100321,2023년 11월 17일 13시,금요일,전라북도 고창군 흥덕면,경상사고,0,0,1,0,차대차 - 측면충돌,안전운전불이행,젖음/습기,비,교차로 - 교차로안,화물,남,55세,상해없음,승합,남,30세,경상
2023111700100350,2023년 11월 17일 14시,금요일,전라북도 전주시 완산구 서신동,경상사고,0,0,1,0,차대차 - 기타,신호위반,젖음/습기,비,교차로 - 교차로안,승용,여,53세,상해없음,이륜,남,33세,경상
2023111700100351,2023년 11월 17일 14시,금요일,전라북도 전주시 완산구 중화산동2가,경상사고,0,0,1,0,차대차 - 기타,안전운전불이행,젖음/습기,비,교차로 - 교차로부근,이륜,남,31세,상해없음,화물,남,63세,경상
2023111700100386,2023년 11월 17일 15시,금요일,전라북도 군산시 수송동,경상사고,0,0,1,0,차대차 - 측면충돌,신호위반,건조,맑음,교차로 - 교차로안,승용,여,56세,상해없음,승용,남,26세,경상
2023111700100387,2023년 11월 17일 15시,금요일,전라북도 익산시 함열읍,사망사고,1,0,0,0,차대차 - 기타,안전운전불이행,젖음/습기,흐림,단일로 - 기타,이륜,남,87세,사망,건설기계,남,35세,상해없음
2023111700100479,2023년 11월 17일 17시,금요일,전라북도 익산시 부송동,경상사고,0,0,1,0,차대사람 - 횡단중,보행자보호의무위반,건조,맑음,교차로 - 교차로횡단보도내,승용,남,36세,상해없음,보행자,남,53세,경상
2023111700100542,2023년 11월 17일 18시,금요일,전라북도 군산시 조촌동,경상사고,0,0,1,0,차대차 - 기타,안전운전불이행,젖음/습기,흐림,단일로 - 기타,승합,남,57세,상해없음,승용,남,73세,상해없음
2023111700100543,2023년 11월 17일 18시,금요일,전라북도 군산시 오식도동,사망사고,2,0,0,0,차대사람 - 횡단중,안전운전불이행,젖음/습기,눈,교차로 - 교차로부근,승용,남,36세,상해없음,보행자,남,55세,사망
2023111700100544,2023년 11월 17일 18시,금요일,전라북도 순창군 금과면,경상사고,0,0,1,0,차대차 - 추돌,안전운전불이행,젖음/습기,비,교차로 - 교차로부근,승용,남,58세,상해없음,승용,여,51세,경상
2023111700100603,2023년 11월 17일 19시,금요일,전라북도 남원시 향교동,중상사고,0,1,0,0,차대사람 - 횡단중,보행자보호의무위반,젖음/습기,비,교차로 - 교차로횡단보도내,승용,남,32세,상해없음,보행자,남,73세,중상
2023111700100640,2023년 11월 17일 20시,금요일,전라북도 전주시 덕진구 인후동2가,경상사고,0,0,1,0,차대차 - 측면충돌,신호위반,젖음/습기,비,교차로 - 교차로안,이륜,남,47세,상해없음,승용,여,47세,경상
2023111700100641,2023년 11월 17일 20시,금요일,전라북도 김제시 요촌동,경상사고,0,0,1,0,차대차 - 측면충돌,안전운전불이행,젖음/습기,비,교차로 - 교차로안,승용,남,40세,상해없음,승용,여,60세,경상
2023111700100664,2023년 11월 17일 21시,금요일,전라북도 전주시 덕진구 우아동3가,경상사고,0,0,1,0,차대사람 - 횡단중,신호위반,젖음/습기,눈,교차로 - 교차로횡단보도내,승용,남,55세,상해없음,보행자,여,27세,경상
2023111700100698,2023년 11월 17일 22시,금요일,전라북도 익산시 어양동,경상사고,0,0,1,0,차대차 - 기타,중앙선침범,서리/결빙,눈,교차로 - 교차로부근,승용,남,63세,상해없음,이륜,남,19세,경상
2023111700100732,2023년 11월 17일 23시,금요일,전라북도 정읍시 수성동,경상사고,0,0,1,0,차대차 - 측면충돌,중앙선침범,젖음/습기,눈,교차로 - 교차로부근,승용,남,25세,상해없음,승용,남,37세,경상
2023111800100010,2023년 11월 18일 00시,토요일,전라북도 전주시 덕진구 우아동3가,경상사고,0,0,1,0,차대차 - 정면충돌,중앙선침범,젖음/습기,눈,교차로 - 교차로부근,승용,남,58세,상해없음,화물,남,43세,경상
2023111800100058,2023년 11월 18일 05시,토요일,전라북도 완주군 삼례읍,경상사고,0,0,2,0,차대차 - 추돌,안전운전불이행,서리/결빙,눈,단일로 - 기타,승용,남,54세,기타불명,승용,남,51세,경상
2023111800100059,2023년 11월 18일 05시,토요일,전라북도 완주군 삼례읍,중상사고,0,1,1,0,차대차 - 정면충돌,안전운전불이행,서리/결빙,기타,단일로 - 기타,화물,남,54세,상해없음,화물,남,51세,중상
2023111800100071,2023년 11월 18일 06시,토요일,전북특별자치도 전주시 덕진구 인후동1가,중상사고,0,1,1,0,차대차 - 추돌,안전운전불이행,서리/결빙,눈,교차로 - 교차로부근,화물,남,37세,상해없음,승용,남,62세,중상
2023111800100072,2023년 11월 18일 06시,토요일,전라북도 정읍시 신태인읍,중상사고,0,3,2,0,차대차 - 추돌,안전운전불이행,서리/결빙,흐림,단일로 - 교량,승용,남,24세,중상,화물,남,51세,경상
2023111800100093,2023년 11월 18일 07시,토요일,전라북도 익산시 망성면,경상사고,0,0,1,0,차대차 - 추돌,안전운전불이행,서리/결빙,흐림,단일로 - 기타,화물,남,43세,상해없음,승용,남,20세,경상
2023111800100094,2023년 11월 18일 07시,토요일,전라북도 정읍시 망제동,중상사고,0,1,1,0,차대차 - 정면충돌,중앙선침범,서리/결빙,흐림,단일로 - 기타,승합,남,66세,경상,화물,남,55세,중상
2023111800100095,2023년 11월 18일 07시,토요일,전라북도 익산시 여산면,경상사고,0,0,1,0,차대차 - 정면충돌,안전운전불이행,서리/결빙,눈,단일로 - 기타,승용,남,42세,상해없음,화물,남,61세,경상
2023111800100119,2023년 11월 18일 08시,토요일,전라북도 군산시 미장동,경상사고,0,0,1,0,차대차 - 기타,신호위반,서리/결빙,맑음,교차로 - 교차로부근,승용,여,57세,상해없음,승용,여,41세,경상
2023111800100143,2023년 11월 18일 09시,토요일,전라북도 익산시 왕궁면,경상사고,0,0,1,0,차대차 - 측면충돌,안전운전불이행,서리/결빙,맑음,단일로 - 기타,승용,여,59세,상해없음,승용,여,32세,경상
2023111800100266,2023년 11월 18일 12시,토요일,전라북도 익산시 어양동,경상사고,0,0,3,0,차대차 - 측면충돌,안전운전불이행,건조,맑음,단일로 - 기타,승용,남,61세,상해없음,승용,남,45세,경상
2023111800100338,2023년 11월 18일 14시,토요일,전라북도 부안군 동진면,중상사고,0,1,0,0,차대차 - 측면충돌,안전운전불이행,건조,맑음,단일로 - 기타,승용,남,81세,상해없음,승용,남,63세,중상
2023111800100399,2023년 11월 18일 16시,토요일,전라북도 전주시 덕진구 여의동2가,경상사고,0,0,1,0,차량단독 - 기타,안전운전불이행,건조,맑음,기타 - 기타,승합,남,52세,상해없음,,,,
2023111800100516,2023년 11월 18일 19시,토요일,전라북도 전주시 덕진구 송천동2가,중상사고,0,1,0,0,차대사람 - 횡단중,보행자보호의무위반,건조,맑음,기타 - 기타,승용,남,55세,상해없음,보행자,남,72세,중상
2023111800100535,2023년 11월 18일 20시,토요일,전라북도 전주시 완산구 다가동3가,경상사고,0,0,3,0,차대차 - 추돌,안전운전불이행,건조,맑음,단일로 - 기타,승용,남,67세,상해없음,승합,남,54세,경상
2023111800100569,2023년 11월 18일 22시,토요일,전라북도 김제시 요촌동,중상사고,0,1,0,0,차대차 - 측면충돌,교차로운행방법위반,건조,맑음,교차로 - 교차로안,승용,남,61세,상해없음,원동기,남,66세,중상
2023111900100014,2023년 11월 19일 01시,일요일,전라북도 김제시 요촌동,중상사고,0,1,0,0,차대사람 - 횡단중,안전운전불이행,건조,맑음,교차로 - 교차로안,이륜,남,35세,상해없음,보행자,남,40세,중상
2023111900100037,2023년 11월 19일 04시,일요일,전라북도 군산시 수송동,경상사고,0,0,1,0,차대사람 - 차도통행중,안전운전불이행,건조,맑음,교차로 - 교차로부근,승용,남,20세,상해없음,보행자,남,22세,경상
2023111900100058,2023년 11월 19일 07시,일요일,전라북도 군산시 나운동,경상사고,0,0,2,0,차대차 - 정면충돌,안전운전불이행,건조,맑음,단일로 - 지하차도(도로)내,승용,남,26세,상해없음,승용,남,69세,경상
2023111900100179,2023년 11월 19일 13시,일요일,전라북도 전주시 완산구 삼천동1가,경상사고,0,0,1,0,차대사람 - 기타,안전운전불이행,건조,맑음,기타 - 기타,개인형이동수단(PM),남,14세,기타불명,보행자,여,74세,경상
2023111900100180,2023년 11월 19일 13시,일요일,전라북도 전주시 완산구 효자동3가,경상사고,0,0,3,0,차대차 - 기타,안전거리미확보,건조,맑음,교차로 - 교차로안,승용,남,64세,경상,승용,여,54세,경상
2023111900100214,2023년 11월 19일 14시,일요일,전라북도 부안군 변산면,경상사고,0,0,4,0,차대차 - 측면충돌,기타,건조,맑음,교차로 - 교차로안,승용,여,55세,상해없음,승용,남,40세,경상
2023111900100280,2023년 11월 19일 16시,일요일,전라북도 진안군 진안읍,중상사고,0,1,0,0,차대사람 - 횡단중,안전운전불이행,건조,맑음,교차로 - 교차로안,승용,남,59세,상해없음,보행자,남,82세,중상
2023111900100306,2023년 11월 19일 17시,일요일,전라북도 전주시 완산구 색장동,중상사고,0,1,0,0,차대차 - 정면충돌,신호위반,건조,맑음,교차로 - 교차로안,승용,남,45세,상해없음,이륜,남,28세,중상
2023111900100307,2023년 11월 19일 17시,일요일,전라북도 익산시 오산면,경상사고,0,0,2,0,차대차 - 측면충돌,안전거리미확보,건조,맑음,단일로 - 기타,승용,남,72세,상해없음,승용,남,54세,경상
2023111900100345,2023년 11월 19일 18시,일요일,전라북도 익산시 팔봉동,경상사고,0,0,1,0,차대차 - 측면충돌,안전운전불이행,건조,맑음,교차로 - 교차로부근,승용,남,61세,상해없음,자전거,남,12세,경상
2023111900100388,2023년 11월 19일 19시,일요일,전라북도 전주시 덕진구 산정동,경상사고,0,0,1,0,차대차 - 측면충돌,안전운전불이행,건조,맑음,단일로 - 기타,승용,남,62세,상해없음,승용,여,49세,경상
2023111900100450,2023년 11월 19일 22시,일요일,전라북도 전주시 덕진구 송천동1가,경상사고,0,0,1,0,차대차 - 기타,안전운전불이행,건조,맑음,교차로 - 교차로부근,승용,남,28세,상해없음,승용,남,40세,경상
2023111900100456,2023년 11월 19일 23시,일요일,전라북도 익산시 영등동,경상사고,0,0,1,0,차대차 - 측면충돌,안전운전불이행,건조,맑음,단일로 - 기타,원동기,남,60세,상해없음,승용,남,54세,경상
2023112000100112,2023년 11월 20일 08시,월요일,전라북도 전주시 덕진구 원동,경상사고,0,0,1,0,차대차 - 추돌,안전운전불이행,건조,맑음,단일로 - 기타,승용,남,39세,상해없음,승용,남,26세,경상
2023112000100113,2023년 11월 20일 08시,월요일,전라북도 김제시 요촌동,중상사고,0,1,0,0,차대차 - 측면충돌,직진우회전진행방해,건조,맑음,교차로 - 교차로안,화물,남,70세,상해없음,자전거,남,12세,중상
2023112000100114,2023년 11월 20일 08시,월요일,전라북도 김제시 봉남면,중상사고,0,4,1,0,차대차 - 측면충돌,기타,건조,맑음,단일로 - 기타,승용,남,41세,중상,화물,남,70세,경상
2023112000100115,2023년 11월 20일 08시,월요일,전라북도 김제시 백구면,중상사고,0,1,0,0,차대사람 - 횡단중,안전운전불이행,건조,맑음,교차로 - 교차로안,승용,남,56세,상해없음,보행자,남,31세,중상
2023112000100116,2023년 11월 20일 08시,월요일,전라북도 고창군 신림면,사망사고,1,0,0,0,차대차 - 추돌,안전운전불이행,건조,맑음,기타 - 기타,승용,여,45세,상해없음,이륜,남,75세,사망
2023112000100200,2023년 11월 20일 10시,월요일,전라북도 전주시 완산구 효자동2가,경상사고,0,0,1,0,차대차 - 측면충돌,안전운전불이행,건조,맑음,교차로 - 교차로부근,승용,여,52세,상해없음,승용,남,66세,경상
2023112000100201,2023년 11월 20일 10시,월요일,전라북도 김제시 금구면,중상사고,0,4,0,0,차대차 - 측면충돌,안전운전불이행,건조,맑음,교차로 - 교차로안,승용,여,55세,상해없음,승용,남,72세,중상
2023112000100202,2023년 11월 20일 10시,월요일,전라북도 무주군 안성면,중상사고,0,1,0,0,차대사람 - 횡단중,보행자보호의무위반,건조,맑음,교차로 - 교차로횡단보도내,승용,여,56세,상해없음,보행자,여,87세,중상
2023112000100203,2023년 11월 20일 10시,월요일,전라북도 임실군 관촌면,사망사고,1,0,2,0,차대차 - 추돌,안전운전불이행,건조,맑음,기타 - 기타,승용,여,47세,경상,화물,남,55세,경상
2023112000100241,2023년 11월 20일 11시,월요일,전라북도 익산시 신흥동,중상사고,0,1,0,0,차대차 - 추돌,안전운전불이행,건조,맑음,교차로 - 교차로부근,특수,남,43세,상해없음,화물,남,27세,중상
2023112000100242,2023년 11월 20일 11시,월요일,전라북도 무주군 안성면,중상사고,0,2,0,0,차대차 - 추돌,안전거리미확보,건조,맑음,교차로 - 교차로부근,농기계,남,69세,중상,승용,여,58세,중상
2023112000100243,2023년 11월 20일 11시,월요일,전북특별자치도 무주군 설천면,중상사고,0,1,0,0,차량단독 - 기타,기타,건조,맑음,단일로 - 지하차도(도로)내,승용,남,83세,상해없음,,,,
2023112000100283,2023년 11월 20일 12시,월요일,전라북도 군산시 옥산면,중상사고,0,1,0,0,차대사람 - 횡단중,교차로운행방법위반,건조,맑음,교차로 - 교차로횡단보도내,승합,남,66세,상해없음,보행자,여,76세,중상
2023112000100284,2023년 11월 20일 12시,월요일,전라북도 군산시 조촌동,경상사고,0,0,1,0,차대차 - 추돌,안전거리미확보,건조,맑음,단일로 - 기타,승용,여,33세,상해없음,승용,여,37세,경상
2023112000100285,2023년 11월 20일 12시,월요일,전라북도 군산시 중동,경상사고,0,0,1,0,차대차 - 측면충돌,안전운전불이행,건조,맑음,단일로 - 기타,승용,여,71세,상해없음,승용,남,57세,경상
2023112000100286,2023년 11월 20일 12시,월요일,전라북도 정읍시 상동,중상사고,0,1,0,0,차대차 - 기타,안전운전불이행,건조,맑음,교차로 - 교차로횡단보도내,자전거,남,68세,중상,화물,여,51세,상해없음
2023112000100287,2023년 11월 20일 12시,월요일,전라북도 정읍시 산외면,중상사고,0,1,0,0,차대차 - 기타,차로위반,건조,맑음,단일로 - 기타,화물,남,60세,상해없음,화물,남,68세,중상
2023112000100288,2023년 11월 20일 12시,월요일,전라북도 김제시 요촌동,경상사고,0,0,1,0,차대사람 - 횡단중,안전운전불이행,건조,맑음,교차로 - 교차로안,승용,여,51세,상해없음,보행자,여,72세,경상
2023112000100289,2023년 11월 20일 12시,월요일,전라북도 부안군 부안읍,경상사고,0,0,1,0,차대차 - 측면충돌,신호위반,건조,맑음,교차로 - 교차로안,원동기,남,77세,경상,화물,남,31세,상해없음
2023112000100368,2023년 11월 20일 14시,월요일,전라북도 전주시 완산구 효자동3가,경상사고,0,0,3,0,차대차 - 추돌,안전운전불이행,건조,맑음,교차로 - 교차로부근,승용,남,59세,상해없음,승용,남,46세,경상
2023112000100369,2023년 11월 20일 14시,월요일,전라북도 정읍시 장명동,중상사고,0,1,0,0,차대사람 - 횡단중,보행자보호의무위반,건조,맑음,교차로 - 교차로횡단보도내,화물,남,43세,상해없음,보행자,여,81세,중상
2023112000100370,2023년 11월 20일 14시,월요일,전라북도 김제시 하동,경상사고,0,0,2,0,차대차 - 정면충돌,중앙선침범,건조,맑음,단일로 - 기타,승용,남,69세,경상,건설기계,남,47세,경상
2023112000100449,2023년 11월 20일 16시,월요일,전라북도 전주시 완산구 평화동3가,경상사고,0,0,1,0,차대차 - 추돌,안전운전불이행,건조,맑음,단일로 - 기타,승용,남,63세,상해없음,화물,남,40세,경상
2023112000100487,2023년 11월 20일 17시,월요일,전라북도 전주시 덕진구 산정동,경상사고,0,0,1,0,차대차 - 측면충돌,안전운전불이행,건조,맑음,교차로 - 교차로부근,승용,남,75세,상해없음,승용,남,61세,경상
2023112000100488,2023년 11월 20일 17시,월요일,전라북도 김제시 서암동,경상사고,0,0,2,0,차대차 - 측면충돌,직진우회전진행방해,건조,맑음,교차로 - 교차로안,승용,남,55세,상해없음,화물,여,38세,경상
2023112000100534,2023년 11월 20일 18시,월요일,전라북도 군산시 산북동,경상사고,0,0,1,0,차대사람 - 차도통행중,안전운전불이행,건조,맑음,단일로 - 기타,승용,여,35세,기타불명,보행자,남,59세,경상
2023112000100535,2023년 11월 20일 18시,월요일,전라북도 완주군 용진읍,중상사고,0,2,0,0,차대차 - 측면충돌,중앙선침범,건조,맑음,단일로 - 기타,승용,남,80세,상해없음,승용,여,67세,중상
2023112000100611,2023년 11월 20일 20시,월요일,전라북도 군산시 소룡동,경상사고,0,0,1,0,차대차 - 측면충돌,안전운전불이행,젖음/습기,흐림,단일로 - 기타,승용,여,33세,상해없음,승용,여,59세,경상
2023112000100634,2023년 11월 20일 21시,월요일,전라북도 정읍시 수성동,경상사고,0,0,1,0,차대차 - 측면충돌,안전운전불이행,건조,맑음,교차로 - 교차로안,승용,남,23세,경상,승용,여,22세,상해없음
2023112000100658,2023년 11월 20일 22시,월요일,전라북도 전주시 덕진구 인후동1가,중상사고,0,1,0,0,차대사람 - 기타,안전운전불이행,건조,맑음,교차로 - 교차로횡단보도내,승용,여,40세,상해없음,보행자,남,75세,중상
2023112000100659,2023년 11월 20일 22시,월요일,전라북도 김제시 검산동,중상사고,0,1,1,0,차대차 - 측면충돌,안전운전불이행,건조,맑음,교차로 - 교차로안,승용,남,23세,상해없음,승용,여,33세,중상
2023112000100673,2023년 11월 20일 23시,월요일,전라북도 전주시 완산구 서노송동,경상사고,0,0,1,0,차대사람 - 횡단중,안전운전불이행,건조,맑음,단일로 - 기타,승용,여,44세,상해없음,보행자,남,27세,경상
2023112100100005,2023년 11월 21일 00시,화요일,전라북도 김제시 죽산면,사망사고,1,0,1,0,차대차 - 추돌,안전운전불이행,건조,맑음,단일로 - 기타,승용,남,61세,사망,승용,남,75세,경상
2023112100100038,2023년 11월 21일 05시,화요일,전라북도 정읍시 농소동,중상사고,0,1,1,0,차대차 - 측면충돌,신호위반,건조,맑음,교차로 - 교차로안,승용,여,60세,경상,승용,여,59세,중상
2023112100100054,2023년 11월 21일 06시,화요일,전라북도 군산시 수송동,경상사고,0,0,1,0,차대사람 - 기타,안전운전불이행,건조,맑음,주차장 - 주차장,이륜,남,58세,상해없음,보행자,여,80세,경상
2023112100100073,2023년 11월 21일 07시,화요일,전라북도 군산시 오식도동,경상사고,0,0,1,0,차대차 - 측면충돌,안전운전불이행,건조,맑음,교차로 - 교차로안,승용,남,22세,상해없음,승용,남,63세,경상
2023112100100115,2023년 11월 21일 08시,화요일,전라북도 군산시 미룡동,경상사고,0,0,3,0,차대차 - 기타,안전운전불이행,건조,맑음,교차로 - 교차로안,승용,남,35세,경상,승용,남,73세,경상
2023112100100116,2023년 11월 21일 08시,화요일,전라북도 군산시 대야면,경상사고,0,0,1,0,차대차 - 기타,신호위반,건조,맑음,교차로 - 교차로안,승용,여,58세,상해없음,승합,남,42세,경상
2023112100100117,2023년 11월 21일 08시,화요일,전라북도 정읍시 상동,중상사고,0,1,0,0,차대차 - 측면충돌,신호위반,건조,맑음,교차로 - 교차로안,승용,남,62세,상해없음,이륜,남,75세,중상
2023112100100171,2023년 11월 21일 09시,화요일,전북특별자치도 부안군 동진면,경상사고,0,0,2,0,차대차 - 측면충돌,안전운전불이행,건조,맑음,단일로 - 기타,화물,남,45세,상해없음,화물,남,37세,경상
2023112100100242,2023년 11월 21일 11시,화요일,전라북도 익산시 모현동1가,중상사고,0,1,0,0,차대차 - 측면충돌,안전운전불이행,건조,맑음,교차로 - 교차로부근,자전거,남,68세,중상,승용,남,82세,상해없음
2023112100100309,2023년 11월 21일 13시,화요일,전라북도 전주시 완산구 효자동1가,중상사고,0,1,1,0,차대사람 - 보도통행중,기타,건조,맑음,단일로 - 기타,승용,남,81세,상해없음,보행자,여,72세,경상
2023112100100310,2023년 11월 21일 13시,화요일,전라북도 전주시 완산구 효자동2가,경상사고,0,0,1,0,차대사람 - 횡단중,보행자보호의무위반,건조,맑음,교차로 - 교차로횡단보도내,승용,남,63세,상해없음,보행자,남,9세,경상
2023112100100311,2023년 11월 21일 13시,화요일,전라북도 전주시 완산구 서노송동,중상사고,0,1,0,0,차량단독 - 기타,기타,건조,맑음,단일로 - 기타,승합,남,59세,상해없음,,,,
2023112100100312,2023년 11월 21일 13시,화요일,전라북도 완주군 봉동읍,경상사고,0,0,2,0,차대차 - 기타,안전운전불이행,건조,맑음,교차로 - 교차로안,특수,남,58세,상해없음,승용,남,61세,경상
2023112100100341,2023년 11월 21일 14시,화요일,전라북도 군산시 해망동,경상사고,0,0,1,0,차대차 - 기타,안전운전불이행,건조,맑음,단일로 - 기타,화물,남,61세,상해없음,승용,남,54세,경상
2023112100100433,2023년 11월 21일 16시,화요일,전라북도 익산시 남중동,경상사고,0,0,1,0,차대사람 - 길가장자리구역통행중,안전운전불이행,건조,맑음,단일로 - 기타,승용,남,61세,상해없음,보행자,여,54세,경상
2023112100100434,2023년 11월 21일 16시,화요일,전라북도 부안군 줄포면,경상사고,0,0,2,0,차대차 - 측면충돌,신호위반,건조,맑음,교차로 - 교차로안,승용,남,60세,상해없음,승용,남,74세,경상
2023112100100492,2023년 11월 21일 17시,화요일,전북특별자치도 전주시 완산구 중화산동2가,경상사고,0,0,1,0,차량단독 - 기타,기타,건조,맑음,교차로 - 교차로부근,승합,남,41세,상해없음,,,,
2023112100100493,2023년 11월 21일 17시,화요일,전라북도 전주시 덕진구 만성동,경상사고,0,0,1,0,차대차 - 추돌,안전운전불이행,건조,맑음,교차로 - 교차로부근,승용,여,63세,상해없음,승용,여,32세,경상
2023112100100494,2023년 11월 21일 17시,화요일,전라북도 군산시 지곡동,경상사고,0,0,2,0,차대차 - 기타,중앙선침범,건조,맑음,단일로 - 기타,승용,남,46세,상해없음,승용,남,25세,경상
2023112100100495,2023년 11월 21일 17시,화요일,전라북도 익산시 모현동1가,중상사고,0,1,0,0,차대사람 - 횡단중,보행자보호의무위반,건조,맑음,교차로 - 교차로안,승용,여,41세,상해없음,보행자,여,44세,중상
2023112100100496,2023년 11월 21일 17시,화요일,전라북도 익산시 남중동,경상사고,0,0,1,0,차대차 - 추돌,안전운전불이행,건조,맑음,교차로 - 교차로부근,기타불명,기타불명,미분류,기타불명,승용,남,42세,경상
2023112100100548,2023년 11월 21일 18시,화요일,전라북도 전주시 덕진구 덕진동1가,경상사고,0,0,1,0,차대차 - 측면충돌,신호위반,건조,맑음,교차로 - 교차로안,승용,여,33세,상해없음,승용,남,35세,경상
2023112100100549,2023년 11월 21일 18시,화요일,전라북도 익산시 부송동,경상사고,0,0,1,0,차대차 - 추돌,안전운전불이행,건조,맑음,단일로 - 기타,승용,여,52세,상해없음,이륜,남,40세,경상
2023112100100599,2023년 11월 21일 19시,화요일,전라북도 군산시 해망동,경상사고,0,0,2,0,차대차 - 기타,신호위반,건조,맑음,교차로 - 교차로안,이륜,남,47세,상해없음,승용,남,32세,경상
2023112100100600,2023년 11월 21일 19시,화요일,전라북도 익산시 신동,경상사고,0,0,1,0,차대사람 - 보도통행중,기타,건조,맑음,단일로 - 기타,개인형이동수단(PM),남,23세,상해없음,보행자,남,39세,경상
2023112100100653,2023년 11월 21일 21시,화요일,전라북도 완주군 삼례읍,경상사고,0,0,1,0,차대차 - 측면충돌,신호위반,건조,맑음,교차로 - 교차로안,이륜,남,45세,상해없음,승용,남,40세,상해없음
2023112100100673,2023년 11월 21일 22시,화요일,전북특별자치도 전주시 덕진구 송천동2가,경상사고,0,0,1,0,차대차 - 후진중충돌,안전운전불이행,건조,맑음,단일로 - 기타,승용,남,35세,상해없음,승용,남,29세,경상
2023112200100022,2023년 11월 22일 03시,수요일,전라북도 군산시 오식도동,경상사고,0,0,2,0,차대차 - 기타,신호위반,건조,맑음,교차로 - 교차로안,승용,남,47세,경상,승용,남,49세,경상