사고번호,사고일시,요일,시군구,사고내용,사망자수,중상자수,경상자수,부상신고자수,사고유형,법규위반,노면상태,기상상태,도로형태,가해운전자 차종,가해운전자 성별,가해운전자 연령,가해운전자 상해정도,피해운전자 차종,피해운전자 성별,피해운전자 연령,피해운전자 상해정도
2023112200100037,2023년 11월 22일 05시,수요일,전라북도 전주시 완산구 서신동,중상사고,0,1,0,0,차대차 - 추돌,안전운전불이행,건조,맑음,교차로 - 교차로부근,화물,남,39세,상해없음,이륜,여,27세,중상
2023112200100118,2023년 11월 22일 08시,수요일,전라북도 정읍시 연지동,경상사고,0,0,1,0,차대사람 - 횡단중,신호위반,건조,맑음,교차로 - 교차로횡단보도내,승용,남,79세,상해없음,보행자,남,28세,경상
2023112200100119,2023년 11월 22일 08시,수요일,전라북도 완주군 삼례읍,경상사고,0,0,1,0,차대차 - 측면충돌,교차로운행방법위반,건조,맑음,교차로 - 교차로부근,승합,여,55세,상해없음,승용,남,44세,경상
2023112200100240,2023년 11월 22일 11시,수요일,전라북도 전주시 덕진구 송천동2가,중상사고,0,1,0,0,차대차 - 측면충돌,안전운전불이행,건조,맑음,교차로 - 교차로부근,승용,여,58세,상해없음,이륜,남,42세,중상
2023112200100331,2023년 11월 22일 14시,수요일,전라북도 전주시 덕진구 금암동,중상사고,0,1,0,0,차대차 - 측면충돌,신호위반,건조,맑음,교차로 - 교차로안,승용,남,30세,상해없음,승용,여,77세,중상
2023112200100332,2023년 11월 22일 14시,수요일,전라북도 익산시 성당면,경상사고,0,0,2,0,차대차 - 측면충돌,신호위반,건조,맑음,교차로 - 교차로안,승용,남,72세,상해없음,화물,남,58세,경상
2023112200100405,2023년 11월 22일 16시,수요일,전북특별자치도 전주시 덕진구 팔복동3가,경상사고,0,0,1,0,차대차 - 정면충돌,안전운전불이행,건조,맑음,단일로 - 기타,승용,남,23세,상해없음,승용,남,67세,경상
2023112200100495,2023년 11월 22일 18시,수요일,전라북도 전주시 완산구 중화산동2가,경상사고,0,0,3,0,차대차 - 정면충돌,안전운전불이행,건조,맑음,교차로 - 교차로부근,기타불명,기타불명,미분류,기타불명,승용,남,50세,경상
2023112200100497,2023년 11월 22일 18시,수요일,전라북도 군산시 옥산면,경상사고,0,0,1,0,차대차 - 추돌,안전거리미확보,건조,맑음,단일로 - 지하차도(도로)내,승용,남,77세,상해없음,승용,남,57세,경상
2023112200100498,2023년 11월 22일 18시,수요일,전라북도 진안군 진안읍,중상사고,0,1,0,0,차대사람 - 횡단중,안전운전불이행,건조,맑음,단일로 - 기타,승용,여,53세,상해없음,보행자,남,64세,중상
2023112200100499,2023년 11월 22일 18시,수요일,전라북도 완주군 이서면,경상사고,0,0,1,0,차대차 - 기타,안전운전불이행,건조,맑음,단일로 - 기타,승용,여,54세,상해없음,승용,여,27세,경상
2023112200100549,2023년 11월 22일 19시,수요일,전라북도 전주시 완산구 중화산동2가,경상사고,0,0,1,0,차대사람 - 보도통행중,안전운전불이행,건조,맑음,단일로 - 기타,개인형이동수단(PM),여,14세,상해없음,보행자,여,21세,경상
2023112200100550,2023년 11월 22일 19시,수요일,전라북도 전주시 완산구 효자동2가,경상사고,0,0,1,0,차대차 - 측면충돌,안전거리미확보,건조,맑음,교차로 - 교차로안,승용,남,59세,상해없음,승용,남,57세,경상
2023112300100015,2023년 11월 23일 01시,목요일,전라북도 전주시 완산구 삼천동1가,경상사고,0,0,1,0,차량단독 - 기타,안전운전불이행,건조,맑음,교차로 - 교차로부근,승용,남,56세,상해없음,,,,
2023112300100047,2023년 11월 23일 06시,목요일,전라북도 익산시 신용동,중상사고,0,1,1,0,차대차 - 측면충돌,안전운전불이행,건조,맑음,교차로 - 교차로안,승용,남,21세,경상,승용,남,58세,중상
2023112300100108,2023년 11월 23일 08시,목요일,전라북도 군산시 임피면,중상사고,0,1,0,0,차대차 - 측면충돌,안전운전불이행,건조,맑음,단일로 - 기타,건설기계,남,60세,상해없음,승용,남,69세,중상
2023112300100147,2023년 11월 23일 09시,목요일,전라북도 익산시 함열읍,중상사고,0,1,0,0,차대차 - 측면충돌,안전운전불이행,건조,맑음,교차로 - 교차로안,화물,남,65세,상해없음,승용,남,69세,중상
2023112300100173,2023년 11월 23일 10시,목요일,전라북도 부안군 부안읍,중상사고,0,1,0,0,차대사람 - 횡단중,안전운전불이행,건조,맑음,교차로 - 교차로부근,승용,여,70세,상해없음,보행자,여,67세,중상
2023112300100318,2023년 11월 23일 15시,목요일,전라북도 전주시 완산구 중화산동2가,경상사고,0,0,2,0,차대차 - 측면충돌,안전운전불이행,건조,맑음,단일로 - 기타,승용,남,66세,상해없음,승용,남,76세,경상
2023112300100399,2023년 11월 23일 17시,목요일,전라북도 전주시 덕진구 여의동,경상사고,0,0,1,0,차대차 - 측면충돌,안전운전불이행,건조,맑음,단일로 - 기타,화물,남,38세,상해없음,승용,남,73세,경상
2023112300100400,2023년 11월 23일 17시,목요일,전라북도 군산시 조촌동,경상사고,0,0,2,0,차대차 - 측면충돌,안전운전불이행,건조,맑음,단일로 - 기타,승용,남,26세,상해없음,승용,여,33세,경상
2023112300100401,2023년 11월 23일 17시,목요일,전라북도 정읍시 연지동,경상사고,0,0,1,0,차대차 - 기타,안전운전불이행,건조,맑음,교차로 - 교차로부근,승용,남,43세,상해없음,이륜,남,49세,경상
2023112300100453,2023년 11월 23일 18시,목요일,전라북도 남원시 용정동,경상사고,0,0,1,0,차대차 - 정면충돌,중앙선침범,건조,맑음,단일로 - 기타,승용,여,46세,상해없음,승용,여,36세,경상
2023112300100454,2023년 11월 23일 18시,목요일,전라북도 완주군 삼례읍,중상사고,0,1,0,0,차대차 - 측면충돌,안전운전불이행,건조,맑음,교차로 - 교차로안,승용,남,68세,상해없음,이륜,남,29세,중상
2023112300100501,2023년 11월 23일 19시,목요일,전라북도 정읍시 북면,경상사고,0,0,1,0,차대차 - 기타,안전운전불이행,건조,맑음,교차로 - 교차로안,승용,남,70세,상해없음,승용,여,54세,경상
2023112300100616,2023년 11월 23일 23시,목요일,전라북도 완주군 이서면,경상사고,0,0,1,0,차대차 - 정면충돌,안전운전불이행,건조,맑음,단일로 - 기타,승용,남,18세,상해없음,승용,남,55세,상해없음
2023112400100052,2023년 11월 24일 06시,금요일,전라북도 완주군 용진읍,사망사고,1,0,0,0,차대사람 - 횡단중,안전운전불이행,건조,맑음,단일로 - 기타,화물,남,54세,상해없음,보행자,여,90세,사망
2023112400100076,2023년 11월 24일 07시,금요일,전라북도 군산시 산북동,경상사고,0,0,1,0,차대차 - 추돌,안전운전불이행,건조,흐림,교차로 - 교차로부근,승용,남,20세,상해없음,승용,남,41세,경상
2023112400100106,2023년 11월 24일 08시,금요일,전라북도 전주시 완산구 평화동2가,경상사고,0,0,1,0,차대차 - 측면충돌,안전운전불이행,건조,맑음,교차로 - 교차로안,승용,여,52세,기타불명,승용,여,37세,경상
2023112400100107,2023년 11월 24일 08시,금요일,전라북도 전주시 완산구 중화산동2가,경상사고,0,0,1,0,차대차 - 측면충돌,신호위반,건조,맑음,교차로 - 교차로안,이륜,남,33세,상해없음,승용,여,44세,경상
2023112400100108,2023년 11월 24일 08시,금요일,전라북도 군산시 금동,중상사고,0,1,0,0,차대차 - 추돌,안전운전불이행,건조,맑음,단일로 - 기타,승용,여,30세,상해없음,자전거,남,62세,중상
2023112400100109,2023년 11월 24일 08시,금요일,전라북도 익산시 영등동,중상사고,0,1,0,0,차대사람 - 기타,보행자보호의무위반,건조,맑음,교차로 - 교차로횡단보도내,승합,여,61세,상해없음,보행자,여,38세,중상
2023112400100183,2023년 11월 24일 10시,금요일,전라북도 전주시 덕진구 진북동,중상사고,0,1,0,0,차대차 - 측면충돌,안전운전불이행,건조,맑음,교차로 - 교차로안,승용,여,67세,상해없음,원동기,여,66세,중상
2023112400100253,2023년 11월 24일 12시,금요일,전라북도 장수군 계남면,중상사고,0,1,0,0,차대차 - 측면충돌,안전운전불이행,건조,맑음,단일로 - 기타,승용,여,72세,상해없음,화물,남,61세,중상
2023112400100297,2023년 11월 24일 13시,금요일,전라북도 전주시 완산구 효자동1가,경상사고,0,0,1,0,차대차 - 측면충돌,안전운전불이행,건조,맑음,교차로 - 교차로안,이륜,남,53세,상해없음,승합,남,52세,경상
2023112400100298,2023년 11월 24일 13시,금요일,전라북도 전주시 완산구 평화동1가,경상사고,0,0,1,0,차대사람 - 보도통행중,기타,건조,맑음,기타 - 기타,승용,여,72세,상해없음,보행자,여,73세,경상
2023112400100337,2023년 11월 24일 14시,금요일,전라북도 전주시 완산구 태평동,경상사고,0,0,3,0,차대차 - 측면충돌,신호위반,건조,맑음,교차로 - 교차로안,승용,남,71세,경상,화물,남,66세,경상
2023112400100338,2023년 11월 24일 14시,금요일,전라북도 부안군 부안읍,중상사고,0,1,0,0,차대차 - 측면충돌,안전운전불이행,건조,맑음,단일로 - 기타,승용,여,58세,상해없음,이륜,남,60세,중상
2023112400100375,2023년 11월 24일 15시,금요일,전라북도 전주시 덕진구 송천동2가,경상사고,0,0,1,0,차대차 - 측면충돌,차로위반,건조,맑음,교차로 - 교차로부근,화물,남,86세,상해없음,승용,남,31세,경상
2023112400100376,2023년 11월 24일 15시,금요일,전라북도 정읍시 수성동,경상사고,0,0,1,0,차대차 - 측면충돌,안전운전불이행,건조,맑음,교차로 - 교차로안,승용,남,65세,상해없음,승용,남,60세,경상
2023112400100377,2023년 11월 24일 15시,금요일,전라북도 고창군 심원면,경상사고,0,0,1,0,차량단독 - 전도전복 - 전도,안전운전불이행,건조,맑음,단일로 - 기타,승용,여,62세,경상,,,,
2023112400100463,2023년 11월 24일 17시,금요일,전라북도 군산시 나운동,경상사고,0,0,1,0,차대사람 - 차도통행중,안전운전불이행,건조,맑음,단일로 - 기타,화물,남,56세,상해없음,보행자,남,78세,경상
2023112400100464,2023년 11월 24일 17시,금요일,전라북도 군산시 오식도동,중상사고,0,1,3,0,차대차 - 추돌,안전거리미확보,건조,맑음,교차로 - 교차로부근,승용,남,43세,중상,승용,남,50세,경상
2023112400100465,2023년 11월 24일 17시,금요일,전라북도 군산시 미장동,중상사고,0,1,0,0,차대차 - 추돌,안전운전불이행,건조,맑음,교차로 - 교차로안,승용,남,65세,상해없음,승용,여,44세,중상
2023112400100517,2023년 11월 24일 18시,금요일,전라북도 군산시 나운동,경상사고,0,0,2,0,차대차 - 추돌,안전거리미확보,건조,맑음,교차로 - 교차로안,승용,여,30세,상해없음,승용,여,50세,경상
2023112400100518,2023년 11월 24일 18시,금요일,전라북도 김제시 순동,중상사고,0,1,0,0,차대사람 - 횡단중,안전운전불이행,건조,흐림,단일로 - 지하차도(도로)내,승용,남,43세,상해없음,보행자,남,54세,중상
2023112400100519,2023년 11월 24일 18시,금요일,전라북도 완주군 소양면,중상사고,0,1,0,0,차대사람 - 차도통행중,안전운전불이행,건조,맑음,단일로 - 기타,승용,남,76세,상해없음,보행자,남,50세,중상
2023112400100631,2023년 11월 24일 20시,금요일,전라북도 전주시 완산구 서신동,경상사고,0,0,1,0,차대차 - 측면충돌,신호위반,건조,맑음,교차로 - 교차로안,이륜,남,23세,상해없음,승용,남,56세,경상
2023112400100632,2023년 11월 24일 20시,금요일,전라북도 익산시 남중동,중상사고,0,1,0,0,차대사람 - 횡단중,보행자보호의무위반,건조,맑음,교차로 - 교차로안,화물,남,74세,상해없음,보행자,여,57세,중상
2023112500100125,2023년 11월 25일 09시,토요일,전라북도 정읍시 연지동,중상사고,0,1,0,0,차대차 - 측면충돌,중앙선침범,건조,맑음,교차로 - 교차로안,승용,여,47세,상해없음,승용,남,56세,중상
2023112500100191,2023년 11월 25일 11시,토요일,전라북도 전주시 완산구 원당동,경상사고,0,0,1,0,차대차 - 기타,안전거리미확보,건조,맑음,단일로 - 기타,화물,남,43세,상해없음,승용,남,40세,경상
2023112500100192,2023년 11월 25일 11시,토요일,전라북도 전주시 덕진구 반월동,경상사고,0,0,1,0,차대차 - 추돌,안전운전불이행,건조,맑음,기타 - 기타,화물,남,31세,상해없음,승용,여,60세,경상
2023112500100319,2023년 11월 25일 14시,토요일,전라북도 전주시 완산구 석구동,사망사고,1,0,0,0,차대차 - 측면충돌,안전운전불이행,건조,맑음,단일로 - 지하차도(도로)내,자전거,남,62세,상해없음,자전거,남,81세,사망
2023112500100320,2023년 11월 25일 14시,토요일,전라북도 전주시 완산구 서신동,경상사고,0,0,1,0,차대차 - 추돌,안전운전불이행,건조,맑음,단일로 - 기타,승용,남,23세,상해없음,승용,남,43세,경상
2023112500100321,2023년 11월 25일 14시,토요일,전라북도 전주시 덕진구 전미동1가,경상사고,0,0,1,0,차대차 - 측면충돌,안전운전불이행,건조,맑음,기타 - 기타,승용,여,48세,상해없음,승용,여,45세,경상
2023112500100322,2023년 11월 25일 14시,토요일,전라북도 군산시 미장동,경상사고,0,0,6,0,차대차 - 측면충돌,안전거리미확보,건조,맑음,단일로 - 기타,승용,남,28세,상해없음,승용,여,53세,경상
2023112500100323,2023년 11월 25일 14시,토요일,전라북도 진안군 성수면,중상사고,0,1,1,0,차대차 - 기타,중앙선침범,건조,맑음,단일로 - 기타,승용,남,65세,상해없음,승용,남,74세,중상
2023112500100363,2023년 11월 25일 15시,토요일,전라북도 전주시 덕진구 송천동1가,경상사고,0,0,1,0,차대차 - 측면충돌,안전거리미확보,건조,맑음,단일로 - 기타,승용,남,41세,상해없음,승합,남,43세,상해없음
2023112500100406,2023년 11월 25일 16시,토요일,전라북도 남원시 송동면,중상사고,0,1,4,0,차대차 - 추돌,안전운전불이행,건조,맑음,단일로 - 기타,승용,남,37세,상해없음,승용,남,33세,경상
2023112500100448,2023년 11월 25일 17시,토요일,전라북도 군산시 수송동,중상사고,0,1,5,0,차대차 - 측면충돌,안전운전불이행,건조,흐림,단일로 - 기타,승용,여,45세,상해없음,승용,남,31세,경상
2023112500100522,2023년 11월 25일 19시,토요일,전라북도 전주시 완산구 효자동3가,중상사고,0,1,0,0,차대차 - 기타,안전운전불이행,건조,맑음,단일로 - 기타,승용,여,54세,상해없음,이륜,남,38세,중상
2023112500100523,2023년 11월 25일 19시,토요일,전라북도 군산시 지곡동,경상사고,0,0,3,0,차대차 - 추돌,신호위반,건조,흐림,교차로 - 교차로안,승용,여,42세,상해없음,승용,남,67세,경상
2023112500100597,2023년 11월 25일 22시,토요일,전라북도 남원시 쌍교동,중상사고,0,1,0,0,차대차 - 정면충돌,신호위반,건조,맑음,교차로 - 교차로안,이륜,남,26세,중상,승용,남,51세,상해없음
2023112500100598,2023년 11월 25일 22시,토요일,전라북도 부안군 변산면,사망사고,1,1,0,0,차대차 - 정면충돌,중앙선침범,건조,맑음,단일로 - 지하차도(도로)내,승용,남,52세,사망,승용,여,57세,중상
2023112600100092,2023년 11월 26일 10시,일요일,전라북도 전주시 덕진구 우아동3가,중상사고,0,2,0,0,차대차 - 기타,안전운전불이행,건조,맑음,교차로 - 교차로안,승용,남,63세,상해없음,승용,남,64세,중상
2023112600100093,2023년 11월 26일 10시,일요일,전라북도 익산시 영등동,경상사고,0,0,1,0,차대사람 - 차도통행중,안전운전불이행,건조,맑음,단일로 - 기타,승용,남,59세,상해없음,보행자,남,71세,경상
2023112600100094,2023년 11월 26일 10시,일요일,전라북도 정읍시 산외면,중상사고,0,1,0,0,차대차 - 측면충돌,신호위반,건조,맑음,교차로 - 교차로안,승용,남,30세,상해없음,이륜,남,71세,중상
2023112600100095,2023년 11월 26일 10시,일요일,전라북도 김제시 순동,중상사고,0,1,0,0,차대차 - 추돌,안전운전불이행,건조,맑음,단일로 - 기타,화물,남,53세,상해없음,승용,여,59세,중상
2023112600100139,2023년 11월 26일 12시,일요일,전라북도 익산시 동산동,경상사고,0,0,1,0,차대차 - 측면충돌,안전운전불이행,건조,맑음,교차로 - 교차로부근,승용,남,61세,상해없음,자전거,남,71세,경상
2023112600100140,2023년 11월 26일 12시,일요일,전라북도 김제시 백산면,경상사고,0,0,3,0,차대차 - 추돌,안전운전불이행,건조,맑음,교차로 - 교차로부근,승용,남,27세,상해없음,승용,여,41세,경상
2023112600100187,2023년 11월 26일 14시,일요일,전라북도 전주시 덕진구 덕진동1가,경상사고,0,0,4,0,차대차 - 추돌,안전운전불이행,건조,맑음,단일로 - 기타,승합,남,71세,상해없음,승용,남,38세,상해없음
2023112600100188,2023년 11월 26일 14시,일요일,전라북도 남원시 사매면,경상사고,0,0,2,0,차대차 - 측면충돌,신호위반,건조,맑음,교차로 - 교차로안,승용,남,74세,상해없음,승용,남,67세,경상
2023112600100189,2023년 11월 26일 14시,일요일,전라북도 전주시 덕진구 용정동,중상사고,0,1,4,1,차대차 - 추돌,안전거리미확보,건조,맑음,기타 - 기타,승용,남,47세,중상,승용,남,27세,상해없음
2023112600100305,2023년 11월 26일 18시,일요일,전라북도 군산시 조촌동,중상사고,0,1,0,0,차대차 - 측면충돌,직진우회전진행방해,건조,맑음,교차로 - 교차로안,승용,남,27세,상해없음,이륜,남,17세,중상
2023112600100353,2023년 11월 26일 20시,일요일,전라북도 군산시 경장동,경상사고,0,0,1,0,차대차 - 측면충돌,안전운전불이행,젖음/습기,비,교차로 - 교차로부근,승용,남,32세,상해없음,원동기,남,25세,경상
2023112600100396,2023년 11월 26일 23시,일요일,전라북도 전주시 완산구 효자동1가,경상사고,0,0,3,0,차대차 - 추돌,안전운전불이행,젖음/습기,비,단일로 - 기타,승용,여,42세,기타불명,승용,남,75세,경상
2023112600100397,2023년 11월 26일 23시,일요일,전라북도 전주시 완산구 서신동,경상사고,0,0,2,0,차대차 - 측면충돌,안전운전불이행,젖음/습기,비,단일로 - 기타,승용,남,34세,경상,승용,남,32세,경상
2023112700100059,2023년 11월 27일 06시,월요일,전라북도 완주군 상관면,사망사고,1,0,0,0,차대사람 - 횡단중,안전운전불이행,젖음/습기,비,교차로 - 교차로안,승용,남,70세,상해없음,보행자,여,79세,사망
2023112700100160,2023년 11월 27일 09시,월요일,전라북도 전주시 완산구 평화동1가,경상사고,0,0,1,0,차대차 - 추돌,안전운전불이행,건조,맑음,교차로 - 교차로부근,승용,남,83세,상해없음,승용,남,34세,경상
2023112700100161,2023년 11월 27일 09시,월요일,전라북도 남원시 송동면,경상사고,0,0,1,0,차대차 - 측면충돌,교차로운행방법위반,젖음/습기,비,교차로 - 교차로안,승용,여,60세,상해없음,화물,남,26세,상해없음
2023112700100189,2023년 11월 27일 10시,월요일,전라북도 완주군 봉동읍,경상사고,0,0,1,0,차대차 - 기타,안전운전불이행,젖음/습기,맑음,기타 - 기타,승용,여,52세,상해없음,승용,남,32세,경상
2023112700100222,2023년 11월 27일 11시,월요일,전라북도 전주시 덕진구 팔복동1가,경상사고,0,0,1,0,차대차 - 측면충돌,안전운전불이행,건조,맑음,단일로 - 기타,화물,남,72세,상해없음,승합,남,54세,상해없음
2023112700100223,2023년 11월 27일 11시,월요일,전라북도 순창군 순창읍,중상사고,0,2,0,1,차대차 - 측면충돌,신호위반,젖음/습기,흐림,교차로 - 교차로안,승용,남,64세,부상신고,화물,남,83세,중상
2023112700100289,2023년 11월 27일 13시,월요일,전라북도 전주시 덕진구 덕진동2가,경상사고,0,0,2,0,차대차 - 측면충돌,안전운전불이행,건조,맑음,교차로 - 교차로부근,승용,남,82세,상해없음,승용,남,75세,경상
2023112700100329,2023년 11월 27일 14시,월요일,전라북도 전주시 완산구 중노송동,경상사고,0,0,1,0,차량단독 - 기타,안전운전불이행,건조,맑음,단일로 - 기타,승합,남,62세,상해없음,,,,
2023112700100330,2023년 11월 27일 14시,월요일,전라북도 군산시 사정동,경상사고,0,0,2,0,차대차 - 추돌,안전운전불이행,건조,맑음,교차로 - 교차로부근,승용,남,56세,상해없음,승용,여,60세,경상
2023112700100360,2023년 11월 27일 15시,월요일,전라북도 전주시 완산구 서신동,경상사고,0,0,2,0,차대차 - 정면충돌,중앙선침범,건조,맑음,단일로 - 기타,승용,여,39세,경상,승용,여,55세,경상
2023112700100506,2023년 11월 27일 18시,월요일,전라북도 군산시 소룡동,중상사고,0,1,0,0,차대사람 - 보도통행중,신호위반,건조,맑음,교차로 - 교차로횡단보도내,화물,남,48세,상해없음,보행자,남,17세,중상
2023112700100507,2023년 11월 27일 18시,월요일,전라북도 임실군 강진면,중상사고,0,1,3,0,차대차 - 추돌,안전운전불이행,젖음/습기,흐림,단일로 - 기타,승용,남,45세,경상,승용,남,73세,중상
2023112700100508,2023년 11월 27일 18시,월요일,전라북도 임실군 강진면,경상사고,0,0,2,0,차대차 - 정면충돌,중앙선침범,젖음/습기,흐림,단일로 - 기타,승용,남,73세,상해없음,승용,여,32세,경상
2023112700100509,2023년 11월 27일 18시,월요일,전라북도 진안군 부귀면,경상사고,0,0,1,0,차대차 - 추돌,안전거리미확보,건조,흐림,단일로 - 기타,승용,여,43세,상해없음,승용,여,60세,경상
2023112700100510,2023년 11월 27일 18시,월요일,전라북도 진안군 부귀면,경상사고,0,0,1,0,차대차 - 추돌,안전거리미확보,젖음/습기,흐림,단일로 - 기타,승용,남,66세,상해없음,승용,여,49세,경상
2023112700100561,2023년 11월 27일 19시,월요일,전라북도 전주시 덕진구 금암동,경상사고,0,0,1,0,차대사람 - 횡단중,보행자보호의무위반,건조,맑음,교차로 - 교차로안,승용,남,47세,기타불명,보행자,여,9세,경상
2023112800100067,2023년 11월 28일 07시,화요일,전라북도 전주시 완산구 효자동3가,경상사고,0,0,1,0,차대차 - 측면충돌,신호위반,건조,맑음,교차로 - 교차로안,화물,남,41세,상해없음,승합,남,57세,경상
2023112800100068,2023년 11월 28일 07시,화요일,전라북도 전주시 완산구 삼천동3가,중상사고,0,2,0,0,차대차 - 추돌,안전운전불이행,건조,맑음,단일로 - 기타,승용,여,26세,상해없음,승용,남,55세,중상
2023112800100069,2023년 11월 28일 07시,화요일,전라북도 순창군 순창읍,부상신고사고,0,0,0,1,차대차 - 측면충돌,교차로운행방법위반,건조,맑음,교차로 - 교차로안,자전거,남,47세,부상신고,승용,남,35세,상해없음
2023112800100107,2023년 11월 28일 08시,화요일,전라북도 전주시 완산구 중화산동2가,경상사고,0,0,2,0,차대차 - 추돌,안전운전불이행,건조,맑음,교차로 - 교차로부근,승용,남,22세,상해없음,승용,남,64세,경상
2023112800100147,2023년 11월 28일 09시,화요일,전라북도 전주시 덕진구 금암동,경상사고,0,0,2,0,차대차 - 측면충돌,안전운전불이행,건조,맑음,교차로 - 교차로안,화물,남,51세,상해없음,승용,여,41세,경상
2023112800100148,2023년 11월 28일 09시,화요일,전라북도 김제시 요촌동,중상사고,0,1,0,0,차대차 - 측면충돌,교차로운행방법위반,건조,맑음,교차로 - 교차로안,이륜,남,31세,상해없음,이륜,남,85세,중상
2023112800100149,2023년 11월 28일 09시,화요일,전라북도 무주군 설천면,경상사고,0,0,1,0,차대차 - 추돌,안전운전불이행,건조,맑음,단일로 - 지하차도(도로)내,승용,여,26세,상해없음,승용,남,76세,경상
2023112800100180,2023년 11월 28일 10시,화요일,전라북도 전주시 완산구 태평동,사망사고,1,0,0,0,차량단독 - 공작물충돌,안전운전불이행,건조,맑음,교차로 - 교차로부근,승용,여,69세,사망,,,,
2023112800100232,2023년 11월 28일 12시,화요일,전라북도 전주시 완산구 효자동3가,경상사고,0,0,2,0,차대차 - 기타,안전운전불이행,건조,맑음,교차로 - 교차로안,승용,남,58세,상해없음,승합,남,51세,경상
2023112800100233,2023년 11월 28일 12시,화요일,전라북도 전주시 덕진구 호성동2가,경상사고,0,0,1,0,차대차 - 기타,안전운전불이행,건조,맑음,교차로 - 교차로부근,승용,남,83세,기타불명,승용,남,26세,경상
2023112800100314,2023년 11월 28일 15시,화요일,전라북도 고창군 무장면,경상사고,0,0,1,0,차대차 - 측면충돌,중앙선침범,건조,맑음,단일로 - 기타,승용,남,67세,상해없음,화물,남,20세,경상
2023112800100359,2023년 11월 28일 16시,화요일,전라북도 익산시 영등동,경상사고,0,0,1,0,차대사람 - 기타,안전운전불이행,건조,맑음,단일로 - 기타,승합,남,57세,상해없음,보행자,남,79세,경상
2023112800100401,2023년 11월 28일 17시,화요일,전라북도 전주시 덕진구 송천동2가,경상사고,0,0,1,0,차대차 - 측면충돌,안전운전불이행,건조,맑음,단일로 - 지하차도(도로)내,승용,남,45세,상해없음,승용,여,59세,경상
2023112800100402,2023년 11월 28일 17시,화요일,전라북도 군산시 산북동,경상사고,0,0,3,0,차대차 - 후진중충돌,안전운전불이행,건조,맑음,주차장 - 주차장,승용,남,81세,상해없음,승용,남,62세,경상
2023112800100403,2023년 11월 28일 17시,화요일,전라북도 완주군 봉동읍,경상사고,0,0,1,0,차대사람 - 기타,신호위반,건조,맑음,교차로 - 교차로안,이륜,남,49세,상해없음,보행자,남,12세,경상
2023112800100467,2023년 11월 28일 18시,화요일,전라북도 전주시 덕진구 진북동,중상사고,0,1,0,0,차대사람 - 횡단중,안전운전불이행,건조,맑음,교차로 - 교차로부근,승용,남,31세,상해없음,보행자,남,66세,중상
2023112800100468,2023년 11월 28일 18시,화요일,전라북도 익산시 영등동,경상사고,0,0,2,0,차대차 - 추돌,안전거리미확보,건조,맑음,단일로 - 기타,승용,남,33세,상해없음,승용,남,23세,경상
2023112800100469,2023년 11월 28일 18시,화요일,전라북도 정읍시 상동,경상사고,0,0,3,0,차대차 - 측면충돌,안전운전불이행,건조,맑음,교차로 - 교차로안,승용,남,45세,상해없음,승용,남,38세,경상
2023112900100016,2023년 11월 29일 03시,수요일,전라북도 전주시 덕진구 덕진동2가,경상사고,0,0,1,0,차대차 - 추돌,기타,건조,맑음,교차로 - 교차로안,승용,남,31세,상해없음,승용,남,19세,경상
2023112900100039,2023년 11월 29일 06시,수요일,전라북도 진안군 진안읍,경상사고,0,0,1,0,차대차 - 정면충돌,신호위반,건조,맑음,교차로 - 교차로안,승용,남,64세,경상,승용,남,81세,상해없음
2023112900100088,2023년 11월 29일 08시,수요일,전북특별자치도 전주시 덕진구 만성동,경상사고,0,0,1,0,차대차 - 추돌,안전운전불이행,건조,맑음,교차로 - 교차로안,승용,여,63세,상해없음,승용,남,23세,경상
2023112900100089,2023년 11월 29일 08시,수요일,전라북도 진안군 정천면,사망사고,1,0,0,0,차대사람 - 길가장자리구역통행중,안전운전불이행,건조,맑음,기타 - 기타,건설기계,남,50세,상해없음,보행자,남,85세,사망
2023112900100124,2023년 11월 29일 09시,수요일,전라북도 전주시 완산구 전동,중상사고,0,1,1,0,차대차 - 측면충돌,교차로운행방법위반,건조,맑음,단일로 - 기타,화물,남,78세,상해없음,승합,남,61세,상해없음
2023112900100125,2023년 11월 29일 09시,수요일,전북특별자치도 남원시 인월면,경상사고,0,0,3,0,차대차 - 정면충돌,중앙선침범,건조,맑음,단일로 - 기타,화물,여,48세,상해없음,화물,남,59세,경상
2023112900100185,2023년 11월 29일 11시,수요일,전라북도 전주시 덕진구 금암동,중상사고,0,1,0,0,차대차 - 추돌,신호위반,건조,맑음,교차로 - 교차로안,승용,남,69세,상해없음,이륜,남,42세,중상
2023112900100206,2023년 11월 29일 12시,수요일,전라북도 군산시 내초동,경상사고,0,0,1,0,차대차 - 기타,안전운전불이행,건조,맑음,단일로 - 기타,특수,남,49세,상해없음,승용,남,39세,경상
2023112900100241,2023년 11월 29일 13시,수요일,전라북도 부안군 부안읍,중상사고,0,1,0,0,차대차 - 정면충돌,안전운전불이행,건조,맑음,교차로 - 교차로부근,화물,남,44세,상해없음,자전거,남,69세,중상
2023112900100262,2023년 11월 29일 14시,수요일,전라북도 전주시 덕진구 만성동,중상사고,0,1,0,0,차대사람 - 횡단중,보행자보호의무위반,건조,맑음,교차로 - 교차로횡단보도내,승용,남,25세,상해없음,보행자,남,66세,중상