사고번호,사고일시,요일,시군구,사고내용,사망자수,중상자수,경상자수,부상신고자수,사고유형,법규위반,노면상태,기상상태,도로형태,가해운전자 차종,가해운전자 성별,가해운전자 연령,가해운전자 상해정도,피해운전자 차종,피해운전자 성별,피해운전자 연령,피해운전자 상해정도
2023120600100134,2023년 12월 6일 09시,수요일,전라북도 군산시 금동,경상사고,0,0,1,0,차량단독 - 도로외이탈 - 추락,안전운전불이행,건조,맑음,단일로 - 기타,승용,여,60세,경상,,,,
2023120600100135,2023년 12월 6일 09시,수요일,전라북도 익산시 영등동,중상사고,0,1,0,0,차대사람 - 횡단중,신호위반,건조,맑음,교차로 - 교차로횡단보도내,승용,남,64세,상해없음,보행자,여,76세,중상
2023120600100195,2023년 12월 6일 11시,수요일,전라북도 익산시 함라면,중상사고,0,1,1,0,차대차 - 측면충돌,중앙선침범,건조,맑음,교차로 - 교차로부근,승용,남,79세,상해없음,화물,남,68세,경상
2023120600100196,2023년 12월 6일 11시,수요일,전라북도 완주군 봉동읍,경상사고,0,0,1,0,차대차 - 기타,안전운전불이행,건조,맑음,주차장 - 주차장,승용,남,36세,상해없음,화물,남,52세,경상
2023120600100238,2023년 12월 6일 13시,수요일,전라북도 익산시 모현동1가,경상사고,0,0,2,0,차대차 - 측면충돌,안전운전불이행,건조,맑음,교차로 - 교차로안,화물,남,42세,상해없음,승용,남,34세,경상
2023120600100261,2023년 12월 6일 14시,수요일,전라북도 전주시 완산구 효자동2가,경상사고,0,0,3,0,차대차 - 추돌,안전운전불이행,건조,맑음,교차로 - 교차로부근,승용,남,22세,상해없음,승용,여,37세,경상
2023120600100286,2023년 12월 6일 15시,수요일,전라북도 군산시 조촌동,경상사고,0,0,1,0,차대차 - 기타,교차로운행방법위반,건조,맑음,교차로 - 교차로안,승용,남,51세,상해없음,자전거,남,48세,경상
2023120600100319,2023년 12월 6일 16시,수요일,전라북도 전주시 덕진구 고랑동,중상사고,0,1,0,0,차대차 - 정면충돌,안전운전불이행,젖음/습기,비,단일로 - 지하차도(도로)내,승용,여,24세,상해없음,이륜,남,71세,중상
2023120600100370,2023년 12월 6일 17시,수요일,전라북도 전주시 완산구 효자동1가,중상사고,0,1,0,0,차대사람 - 횡단중,보행자보호의무위반,건조,맑음,교차로 - 교차로안,승용,남,74세,상해없음,보행자,남,60세,중상
2023120600100371,2023년 12월 6일 17시,수요일,전라북도 전주시 완산구 삼천동1가,경상사고,0,0,1,0,차량단독 - 기타,기타,건조,맑음,단일로 - 기타,승합,남,51세,상해없음,,,,
2023120600100372,2023년 12월 6일 17시,수요일,전라북도 남원시 월락동,경상사고,0,0,2,0,차대차 - 기타,안전운전불이행,건조,맑음,단일로 - 기타,화물,남,67세,상해없음,승용,여,56세,경상
2023120600100373,2023년 12월 6일 17시,수요일,전라북도 진안군 부귀면,중상사고,0,1,2,1,차량단독 - 도로외이탈 - 추락,안전운전불이행,젖음/습기,비,단일로 - 기타,승합,남,57세,상해없음,,,,
2023120600100374,2023년 12월 6일 17시,수요일,전라북도 완주군 이서면,경상사고,0,0,2,0,차대차 - 기타,안전거리미확보,젖음/습기,비,단일로 - 기타,승용,여,51세,상해없음,승용,남,44세,경상
2023120600100456,2023년 12월 6일 18시,수요일,전라북도 군산시 나운동,경상사고,0,0,1,0,차대사람 - 횡단중,안전운전불이행,건조,맑음,교차로 - 교차로안,승용,남,21세,상해없음,보행자,남,83세,경상
2023120600100457,2023년 12월 6일 18시,수요일,전라북도 완주군 삼례읍,경상사고,0,0,2,0,차대차 - 측면충돌,신호위반,건조,맑음,교차로 - 교차로안,승용,남,63세,상해없음,승용,남,61세,경상
2023120600100544,2023년 12월 6일 20시,수요일,전라북도 군산시 미룡동,경상사고,0,0,1,0,차대차 - 측면충돌,안전운전불이행,건조,맑음,단일로 - 기타,승용,남,44세,상해없음,승용,남,29세,경상
2023120600100595,2023년 12월 6일 23시,수요일,전라북도 전주시 완산구 중화산동2가,중상사고,0,1,0,0,차대사람 - 기타,안전운전불이행,건조,맑음,단일로 - 기타,승용,남,68세,상해없음,보행자,여,5세,중상
2023120700100061,2023년 12월 7일 07시,목요일,전라북도 진안군 마령면,경상사고,0,0,2,0,차대차 - 정면충돌,안전운전불이행,건조,맑음,단일로 - 기타,화물,남,66세,상해없음,화물,남,68세,경상
2023120700100103,2023년 12월 7일 08시,목요일,전라북도 진안군 진안읍,경상사고,0,0,1,0,차대차 - 기타,안전운전불이행,건조,맑음,교차로 - 교차로안,화물,남,64세,상해없음,승용,여,24세,경상
2023120700100130,2023년 12월 7일 09시,목요일,전라북도 군산시 오식도동,경상사고,0,0,2,0,차대차 - 기타,신호위반,건조,맑음,교차로 - 교차로안,승용,남,27세,경상,건설기계,남,57세,경상
2023120700100160,2023년 12월 7일 10시,목요일,전라북도 익산시 영등동,경상사고,0,0,1,0,차대차 - 측면충돌,신호위반,건조,맑음,교차로 - 교차로안,승용,남,32세,상해없음,화물,남,56세,경상
2023120700100192,2023년 12월 7일 11시,목요일,전라북도 진안군 진안읍,경상사고,0,0,1,0,차대사람 - 기타,안전운전불이행,건조,맑음,교차로 - 교차로부근,승용,남,62세,상해없음,보행자,여,56세,경상
2023120700100215,2023년 12월 7일 12시,목요일,전라북도 전주시 완산구 서노송동,경상사고,0,0,1,0,차대사람 - 길가장자리구역통행중,안전운전불이행,건조,맑음,단일로 - 기타,이륜,남,58세,상해없음,보행자,남,43세,경상
2023120700100255,2023년 12월 7일 13시,목요일,전라북도 전주시 완산구 경원동1가,경상사고,0,0,1,0,차대차 - 추돌,안전운전불이행,건조,맑음,교차로 - 교차로부근,승합,남,53세,상해없음,승용,여,67세,경상
2023120700100282,2023년 12월 7일 14시,목요일,전라북도 전주시 완산구 다가동2가,경상사고,0,0,1,0,차대사람 - 횡단중,안전운전불이행,건조,맑음,교차로 - 교차로안,승용,남,58세,상해없음,보행자,여,68세,경상
2023120700100283,2023년 12월 7일 14시,목요일,전라북도 군산시 중앙로3가,경상사고,0,0,1,0,차대차 - 기타,기타,건조,맑음,교차로 - 교차로안,원동기,남,41세,상해없음,승용,여,54세,경상
2023120700100348,2023년 12월 7일 16시,목요일,전라북도 전주시 덕진구 진북동,경상사고,0,0,1,0,차대차 - 추돌,안전운전불이행,건조,맑음,교차로 - 교차로안,승용,여,67세,상해없음,승용,남,58세,경상
2023120700100349,2023년 12월 7일 16시,목요일,전라북도 군산시 내흥동,경상사고,0,0,2,0,차대차 - 기타,신호위반,건조,맑음,교차로 - 교차로부근,승용,남,81세,상해없음,승용,남,58세,경상
2023120700100394,2023년 12월 7일 17시,목요일,전라북도 전주시 덕진구 여의동2가,경상사고,0,0,1,0,차대차 - 추돌,불법유턴,건조,맑음,교차로 - 교차로부근,화물,남,44세,상해없음,승용,남,42세,경상
2023120700100395,2023년 12월 7일 17시,목요일,전라북도 전주시 덕진구 여의동2가,중상사고,0,1,0,0,차대차 - 추돌,안전운전불이행,건조,맑음,단일로 - 기타,승용,남,47세,상해없음,승용,남,34세,중상
2023120700100396,2023년 12월 7일 17시,목요일,전라북도 익산시 어양동,중상사고,0,1,0,0,차대사람 - 기타,안전운전불이행,건조,맑음,기타 - 기타,승용,남,67세,상해없음,보행자,여,86세,중상
2023120700100452,2023년 12월 7일 18시,목요일,전라북도 전주시 덕진구 금암동,중상사고,0,1,0,0,차대차 - 측면충돌,신호위반,건조,맑음,단일로 - 지하차도(도로)내,승용,여,24세,상해없음,이륜,남,17세,중상
2023120700100453,2023년 12월 7일 18시,목요일,전라북도 군산시 나운동,경상사고,0,0,1,0,차대차 - 기타,안전운전불이행,건조,맑음,단일로 - 기타,승용,여,43세,상해없음,승용,남,33세,경상
2023120700100454,2023년 12월 7일 18시,목요일,전라북도 군산시 수송동,경상사고,0,0,1,0,차대차 - 기타,안전거리미확보,건조,맑음,단일로 - 기타,승용,여,60세,상해없음,승용,여,58세,경상
2023120700100455,2023년 12월 7일 18시,목요일,전라북도 남원시 향교동,중상사고,0,1,0,0,차대차 - 기타,안전운전불이행,건조,맑음,교차로 - 교차로안,승용,남,62세,상해없음,자전거,남,54세,중상
2023120700100507,2023년 12월 7일 19시,목요일,전라북도 익산시 금마면,경상사고,0,0,1,0,차대차 - 추돌,안전운전불이행,건조,맑음,교차로 - 교차로부근,승용,남,66세,상해없음,화물,남,57세,경상
2023120700100556,2023년 12월 7일 21시,목요일,전라북도 전주시 완산구 효자동2가,경상사고,0,0,4,0,차대차 - 정면충돌,신호위반,건조,맑음,교차로 - 교차로안,이륜,남,29세,상해없음,승용,남,71세,경상
2023120700100576,2023년 12월 7일 22시,목요일,전라북도 군산시 내초동,경상사고,0,0,1,0,차대차 - 기타,신호위반,건조,맑음,교차로 - 교차로안,승용,남,50세,상해없음,승용,남,33세,경상
2023120800100064,2023년 12월 8일 07시,금요일,전라북도 전주시 완산구 효자동2가,사망사고,1,1,1,0,차대차 - 측면충돌,안전운전불이행,건조,맑음,교차로 - 교차로안,승용,여,34세,경상,원동기,남,18세,사망
2023120800100065,2023년 12월 8일 07시,금요일,전라북도 정읍시 상동,경상사고,0,0,2,0,차대차 - 측면충돌,신호위반,건조,맑음,교차로 - 교차로안,승용,여,25세,상해없음,승용,남,53세,경상
2023120800100093,2023년 12월 8일 08시,금요일,전라북도 전주시 덕진구 성덕동,경상사고,0,0,3,0,차대차 - 측면충돌,차로위반,건조,맑음,단일로 - 기타,승용,여,24세,상해없음,승용,여,59세,경상
2023120800100127,2023년 12월 8일 09시,금요일,전라북도 군산시 개정면,경상사고,0,0,3,0,차대차 - 측면충돌,차로위반,건조,맑음,단일로 - 지하차도(도로)내,특수,남,61세,상해없음,승용,여,54세,경상
2023120800100159,2023년 12월 8일 10시,금요일,전라북도 군산시 경장동,중상사고,0,1,0,0,차대차 - 정면충돌,중앙선침범,건조,맑음,단일로 - 기타,화물,남,58세,상해없음,이륜,남,53세,중상
2023120800100160,2023년 12월 8일 10시,금요일,전라북도 부안군 부안읍,경상사고,0,0,1,0,차대차 - 측면충돌,안전운전불이행,건조,맑음,교차로 - 교차로안,승용,남,24세,상해없음,자전거,남,80세,경상
2023120800100189,2023년 12월 8일 11시,금요일,전라북도 군산시 수송동,부상신고사고,0,0,0,1,차대사람 - 횡단중,안전운전불이행,건조,맑음,단일로 - 지하차도(도로)내,승용,여,49세,상해없음,보행자,남,48세,부상신고
2023120800100350,2023년 12월 8일 15시,금요일,전라북도 김제시 요촌동,중상사고,0,1,0,0,차대사람 - 차도통행중,안전운전불이행,건조,맑음,단일로 - 기타,승용,남,81세,상해없음,보행자,남,76세,중상
2023120800100351,2023년 12월 8일 15시,금요일,전라북도 김제시 부량면,중상사고,0,2,1,0,차대사람 - 기타,안전운전불이행,건조,맑음,단일로 - 기타,화물,남,40세,상해없음,보행자,남,33세,중상
2023120800100421,2023년 12월 8일 17시,금요일,전라북도 전주시 덕진구 우아동3가,경상사고,0,0,1,0,차대차 - 측면충돌,신호위반,건조,맑음,교차로 - 교차로부근,승용,남,64세,상해없음,승용,남,46세,경상
2023120800100479,2023년 12월 8일 18시,금요일,전라북도 정읍시 연지동,경상사고,0,0,1,0,차대차 - 추돌,안전운전불이행,건조,맑음,단일로 - 기타,승용,여,51세,상해없음,승용,여,29세,경상
2023120800100480,2023년 12월 8일 18시,금요일,전라북도 장수군 계남면,중상사고,0,2,0,0,차대차 - 정면충돌,중앙선침범,건조,맑음,단일로 - 기타,화물,남,54세,중상,승용,남,57세,중상
2023120800100549,2023년 12월 8일 19시,금요일,전라북도 익산시 인화동1가,경상사고,0,0,1,0,차대차 - 측면충돌,신호위반,건조,맑음,교차로 - 교차로부근,승용,여,58세,상해없음,승용,남,31세,경상
2023120800100598,2023년 12월 8일 21시,금요일,전라북도 군산시 오식도동,중상사고,0,1,0,0,차대차 - 측면충돌,안전운전불이행,건조,맑음,교차로 - 교차로안,승용,남,55세,상해없음,승용,남,31세,중상
2023120900100014,2023년 12월 9일 00시,토요일,전라북도 군산시 소룡동,중상사고,0,1,1,0,차대차 - 정면충돌,안전운전불이행,건조,맑음,교차로 - 교차로안,승용,여,55세,상해없음,승용,남,19세,중상
2023120900100049,2023년 12월 9일 04시,토요일,전라북도 군산시 지곡동,경상사고,0,0,1,0,차대차 - 측면충돌,안전운전불이행,건조,맑음,단일로 - 지하차도(도로)내,승용,남,21세,상해없음,승용,남,22세,경상
2023120900100102,2023년 12월 9일 08시,토요일,전라북도 남원시 아영면,중상사고,0,1,0,0,차대사람 - 길가장자리구역통행중,교차로운행방법위반,건조,맑음,교차로 - 교차로부근,승용,여,64세,상해없음,보행자,여,77세,중상
2023120900100116,2023년 12월 9일 09시,토요일,전라북도 부안군 부안읍,중상사고,0,1,0,0,차대사람 - 횡단중,안전운전불이행,건조,맑음,단일로 - 기타,승용,남,52세,상해없음,보행자,여,88세,중상
2023120900100148,2023년 12월 9일 10시,토요일,전라북도 익산시 어양동,경상사고,0,0,1,0,차대차 - 측면충돌,안전거리미확보,건조,맑음,단일로 - 기타,승용,남,56세,상해없음,승용,여,66세,경상
2023120900100178,2023년 12월 9일 11시,토요일,전라북도 남원시 도통동,중상사고,0,1,0,0,차대사람 - 횡단중,안전운전불이행,건조,맑음,단일로 - 기타,이륜,남,25세,상해없음,보행자,여,67세,중상
2023120900100179,2023년 12월 9일 11시,토요일,전라북도 부안군 부안읍,중상사고,0,1,0,0,차대차 - 추돌,안전운전불이행,건조,맑음,교차로 - 교차로안,승용,남,58세,상해없음,자전거,남,84세,중상
2023120900100213,2023년 12월 9일 12시,토요일,전라북도 정읍시 상동,경상사고,0,0,2,0,차대차 - 기타,안전운전불이행,건조,맑음,교차로 - 교차로안,승용,여,43세,상해없음,승용,여,44세,경상
2023120900100214,2023년 12월 9일 12시,토요일,전라북도 정읍시 시기동,중상사고,0,1,1,0,차대차 - 측면충돌,안전운전불이행,건조,맑음,기타 - 기타,승용,남,60세,상해없음,승용,남,63세,중상
2023120900100251,2023년 12월 9일 13시,토요일,전라북도 군산시 중앙로3가,경상사고,0,0,1,0,차대사람 - 횡단중,보행자보호의무위반,건조,맑음,교차로 - 교차로횡단보도내,승용,여,25세,상해없음,보행자,남,64세,경상
2023120900100252,2023년 12월 9일 13시,토요일,전라북도 완주군 이서면,경상사고,0,0,2,0,차대차 - 측면충돌,안전거리미확보,건조,맑음,교차로 - 교차로안,승용,남,38세,상해없음,승용,남,28세,경상
2023120900100287,2023년 12월 9일 14시,토요일,전라북도 군산시 나운동,중상사고,0,1,2,0,차대차 - 측면충돌,신호위반,건조,맑음,교차로 - 교차로안,화물,남,75세,상해없음,이륜,남,29세,중상
2023120900100288,2023년 12월 9일 14시,토요일,전라북도 임실군 지사면,경상사고,0,0,2,0,차대차 - 추돌,중앙선침범,건조,맑음,단일로 - 기타,화물,남,56세,상해없음,승용,남,55세,경상
2023120900100324,2023년 12월 9일 15시,토요일,전라북도 군산시 오식도동,경상사고,0,0,1,0,차대차 - 추돌,안전운전불이행,건조,맑음,교차로 - 교차로부근,승용,여,74세,상해없음,화물,남,65세,경상
2023120900100356,2023년 12월 9일 16시,토요일,전라북도 전주시 완산구 평화동3가,중상사고,0,1,1,0,차대차 - 정면충돌,기타,건조,맑음,기타 - 기타,승용,남,24세,상해없음,승용,남,65세,중상
2023120900100357,2023년 12월 9일 16시,토요일,전라북도 남원시 향교동,경상사고,0,0,1,0,차대차 - 측면충돌,안전운전불이행,건조,맑음,교차로 - 교차로부근,화물,남,56세,상해없음,개인형이동수단(PM),남,77세,경상
2023120900100493,2023년 12월 9일 20시,토요일,전라북도 전주시 덕진구 인후동2가,경상사고,0,0,3,2,차대차 - 측면충돌,안전운전불이행,건조,맑음,단일로 - 기타,승용,여,31세,상해없음,승합,남,62세,경상
2023120900100519,2023년 12월 9일 21시,토요일,전라북도 군산시 조촌동,경상사고,0,0,1,0,차대차 - 측면충돌,안전운전불이행,건조,맑음,교차로 - 교차로부근,승용,여,52세,상해없음,승용,여,55세,경상
2023121000100012,2023년 12월 10일 00시,일요일,전라북도 군산시 내초동,경상사고,0,0,2,0,차대차 - 추돌,안전운전불이행,건조,맑음,단일로 - 기타,승용,여,57세,상해없음,승용,남,57세,경상
2023121000100013,2023년 12월 10일 00시,일요일,전라북도 완주군 고산면,사망사고,1,0,0,0,차대사람 - 기타,안전운전불이행,건조,맑음,단일로 - 기타,승용,남,25세,상해없음,보행자,남,71세,사망
2023121000100047,2023년 12월 10일 03시,일요일,전라북도 군산시 수송동,부상신고사고,0,0,0,1,차대사람 - 기타,안전운전불이행,건조,맑음,단일로 - 기타,기타불명,기타불명,미분류,기타불명,보행자,남,36세,부상신고
2023121000100122,2023년 12월 10일 11시,일요일,전북특별자치도 익산시 오산면,중상사고,0,1,0,0,차대차 - 측면충돌,안전운전불이행,건조,맑음,교차로 - 교차로부근,승용,여,48세,상해없음,자전거,남,83세,중상
2023121000100123,2023년 12월 10일 11시,일요일,전라북도 임실군 운암면,경상사고,0,0,1,0,차대차 - 측면충돌,중앙선침범,건조,맑음,단일로 - 기타,화물,남,52세,상해없음,자전거,남,53세,경상
2023121000100152,2023년 12월 10일 12시,일요일,전라북도 전주시 덕진구 금암동,경상사고,0,0,1,0,차대차 - 추돌,안전운전불이행,건조,맑음,단일로 - 기타,승용,남,32세,상해없음,승용,남,56세,경상
2023121000100170,2023년 12월 10일 13시,일요일,전라북도 전주시 덕진구 송천동2가,경상사고,0,0,1,0,차대차 - 추돌,안전운전불이행,건조,맑음,단일로 - 기타,승용,여,38세,상해없음,승용,여,26세,경상
2023121000100228,2023년 12월 10일 15시,일요일,전라북도 전주시 완산구 경원동3가,경상사고,0,0,1,0,차대차 - 측면충돌,안전운전불이행,건조,맑음,기타 - 기타,기타불명,기타불명,미분류,기타불명,승용,여,48세,경상
2023121000100259,2023년 12월 10일 16시,일요일,전라북도 전주시 완산구 용복동,중상사고,0,4,1,0,차량단독 - 기타,안전운전불이행,건조,맑음,단일로 - 기타,승합,남,68세,상해없음,,,,
2023121000100290,2023년 12월 10일 17시,일요일,전북특별자치도 전주시 덕진구 진북동,중상사고,0,1,0,0,차대차 - 추돌,안전거리미확보,건조,맑음,단일로 - 기타,승용,남,65세,상해없음,승용,남,22세,상해없음
2023121000100432,2023년 12월 10일 23시,일요일,전라북도 전주시 완산구 서노송동,사망사고,1,0,0,0,차대차 - 기타,안전운전불이행,건조,흐림,교차로 - 교차로안,자전거,남,73세,사망,승용,남,68세,상해없음
2023121100100121,2023년 12월 11일 08시,월요일,전라북도 부안군 상서면,경상사고,0,0,1,0,차대차 - 측면충돌,중앙선침범,젖음/습기,비,단일로 - 지하차도(도로)내,승용,여,54세,상해없음,승용,여,27세,경상
2023121100100158,2023년 12월 11일 09시,월요일,전라북도 장수군 장계면,중상사고,0,1,0,0,차대사람 - 차도통행중,안전운전불이행,젖음/습기,비,교차로 - 교차로안,화물,남,69세,상해없음,보행자,여,82세,중상
2023121100100183,2023년 12월 11일 10시,월요일,전라북도 군산시 나운동,경상사고,0,0,1,0,차대차 - 측면충돌,안전거리미확보,젖음/습기,비,단일로 - 기타,승용,남,57세,상해없음,원동기,남,37세,경상
2023121100100210,2023년 12월 11일 11시,월요일,전라북도 전주시 덕진구 덕진동1가,경상사고,0,0,1,0,차대차 - 정면충돌,신호위반,젖음/습기,비,기타 - 기타,승용,남,60세,상해없음,승용,남,78세,경상
2023121100100211,2023년 12월 11일 11시,월요일,전북특별자치도 전주시 덕진구 금암동,중상사고,0,1,0,0,차대사람 - 보도통행중,안전운전불이행,젖음/습기,비,기타 - 기타,개인형이동수단(PM),여,21세,상해없음,보행자,남,36세,중상
2023121100100244,2023년 12월 11일 12시,월요일,전라북도 전주시 완산구 서신동,경상사고,0,0,1,0,차대차 - 기타,안전거리미확보,젖음/습기,비,단일로 - 기타,이륜,남,50세,상해없음,이륜,남,42세,경상
2023121100100245,2023년 12월 11일 12시,월요일,전라북도 진안군 진안읍,경상사고,0,0,1,0,차대차 - 추돌,안전거리미확보,젖음/습기,비,교차로 - 교차로안,승용,남,45세,상해없음,승용,남,37세,경상
2023121100100271,2023년 12월 11일 13시,월요일,전라북도 군산시 지곡동,경상사고,0,0,1,0,차대사람 - 횡단중,보행자보호의무위반,젖음/습기,비,교차로 - 교차로횡단보도내,승용,여,61세,상해없음,보행자,여,8세,경상
2023121100100300,2023년 12월 11일 14시,월요일,전라북도 완주군 삼례읍,경상사고,0,0,1,0,차대차 - 추돌,안전운전불이행,젖음/습기,비,교차로 - 교차로부근,화물,남,56세,상해없음,승용,남,54세,경상
2023121100100333,2023년 12월 11일 15시,월요일,전라북도 전주시 완산구 서신동,경상사고,0,0,1,0,차대차 - 추돌,안전운전불이행,젖음/습기,비,단일로 - 기타,승용,남,56세,상해없음,승용,여,53세,경상
2023121100100334,2023년 12월 11일 15시,월요일,전라북도 군산시 미원동,경상사고,0,0,2,0,차대차 - 추돌,안전운전불이행,젖음/습기,비,단일로 - 기타,승용,남,42세,상해없음,승용,여,47세,경상
2023121100100358,2023년 12월 11일 16시,월요일,전라북도 전주시 완산구 서신동,중상사고,0,1,0,0,차대사람 - 횡단중,보행자보호의무위반,젖음/습기,비,교차로 - 교차로부근,승용,남,60세,상해없음,보행자,남,81세,중상
2023121100100414,2023년 12월 11일 17시,월요일,전라북도 익산시 영등동,경상사고,0,0,1,0,차대차 - 추돌,안전운전불이행,젖음/습기,비,단일로 - 기타,화물,남,69세,상해없음,승용,남,56세,경상
2023121100100415,2023년 12월 11일 17시,월요일,전라북도 남원시 향교동,경상사고,0,0,1,0,차대사람 - 횡단중,보행자보호의무위반,젖음/습기,비,교차로 - 교차로횡단보도내,이륜,여,49세,기타불명,보행자,남,18세,경상
2023121100100416,2023년 12월 11일 17시,월요일,전라북도 장수군 장수읍,경상사고,0,0,1,0,차대사람 - 길가장자리구역통행중,안전운전불이행,젖음/습기,비,단일로 - 기타,승용,여,58세,상해없음,보행자,여,41세,경상
2023121100100519,2023년 12월 11일 18시,월요일,전라북도 전주시 완산구 서신동,경상사고,0,0,1,0,차대차 - 추돌,안전운전불이행,젖음/습기,비,단일로 - 기타,승용,남,54세,상해없음,승용,여,64세,경상
2023121100100520,2023년 12월 11일 18시,월요일,전라북도 전주시 완산구 평화동2가,경상사고,0,0,1,0,차대차 - 정면충돌,교차로운행방법위반,건조,맑음,단일로 - 기타,화물,남,62세,상해없음,승용,여,54세,경상
2023121100100521,2023년 12월 11일 18시,월요일,전라북도 임실군 임실읍,중상사고,0,1,0,0,차대차 - 측면충돌,신호위반,젖음/습기,비,교차로 - 교차로안,승용,남,64세,상해없음,승용,여,62세,중상
2023121100100601,2023년 12월 11일 19시,월요일,전라북도 군산시 수송동,중상사고,0,1,0,0,차대차 - 기타,안전거리미확보,젖음/습기,비,교차로 - 교차로부근,승용,남,21세,상해없음,원동기,남,26세,중상
2023121100100642,2023년 12월 11일 20시,월요일,전라북도 임실군 임실읍,경상사고,0,0,1,0,차대사람 - 횡단중,보행자보호의무위반,젖음/습기,비,교차로 - 교차로횡단보도내,승용,남,31세,상해없음,보행자,남,20세,경상
2023121200100033,2023년 12월 12일 05시,화요일,전라북도 익산시 인화동1가,중상사고,0,1,0,0,차대차 - 측면충돌,안전운전불이행,젖음/습기,흐림,단일로 - 기타,이륜,남,57세,상해없음,이륜,남,61세,중상
2023121200100186,2023년 12월 12일 10시,화요일,전라북도 순창군 순창읍,경상사고,0,0,1,0,차대차 - 후진중충돌,안전운전불이행,건조,맑음,단일로 - 기타,승용,남,65세,상해없음,승용,남,25세,경상
2023121200100214,2023년 12월 12일 11시,화요일,전라북도 전주시 덕진구 만성동,경상사고,0,0,1,0,차대사람 - 횡단중,보행자보호의무위반,건조,맑음,교차로 - 교차로안,승용,남,61세,상해없음,보행자,여,33세,경상
2023121200100267,2023년 12월 12일 13시,화요일,전라북도 익산시 영등동,경상사고,0,0,1,0,차대차 - 측면충돌,안전운전불이행,건조,맑음,교차로 - 교차로부근,승용,남,76세,상해없음,이륜,남,24세,경상
2023121200100299,2023년 12월 12일 14시,화요일,전라북도 전주시 덕진구 진북동,경상사고,0,0,1,0,차대차 - 기타,신호위반,젖음/습기,비,교차로 - 교차로안,화물,남,63세,상해없음,이륜,남,52세,경상
2023121200100300,2023년 12월 12일 14시,화요일,전라북도 전주시 덕진구 송천동2가,중상사고,0,1,0,0,차대사람 - 횡단중,보행자보호의무위반,건조,맑음,교차로 - 교차로횡단보도내,승용,여,76세,상해없음,보행자,여,52세,중상
2023121200100348,2023년 12월 12일 15시,화요일,전라북도 완주군 삼례읍,중상사고,0,1,0,0,차대차 - 후진중충돌,안전운전불이행,건조,맑음,단일로 - 기타,화물,남,72세,상해없음,자전거,남,72세,중상
2023121200100380,2023년 12월 12일 16시,화요일,전라북도 전주시 덕진구 송천동1가,경상사고,0,0,2,0,차대사람 - 기타,보행자보호의무위반,젖음/습기,비,교차로 - 교차로안,승용,남,62세,상해없음,보행자,여,2세,경상
2023121200100433,2023년 12월 12일 17시,화요일,전라북도 순창군 적성면,경상사고,0,0,3,1,차대차 - 추돌,안전운전불이행,건조,맑음,교차로 - 교차로부근,화물,남,69세,부상신고,승용,남,66세,경상
2023121200100495,2023년 12월 12일 18시,화요일,전라북도 전주시 완산구 동서학동,중상사고,0,1,0,0,차대사람 - 횡단중,안전운전불이행,젖음/습기,비,교차로 - 교차로안,승용,남,52세,상해없음,보행자,남,14세,중상
2023121200100496,2023년 12월 12일 18시,화요일,전라북도 진안군 진안읍,경상사고,0,0,4,0,차대차 - 기타,안전운전불이행,건조,맑음,교차로 - 교차로부근,화물,남,60세,상해없음,승용,여,37세,경상
2023121200100540,2023년 12월 12일 19시,화요일,전라북도 군산시 나운동,경상사고,0,0,1,0,차대차 - 추돌,안전운전불이행,건조,맑음,단일로 - 지하차도(도로)내,승용,여,45세,상해없음,승용,남,62세,경상
2023121200100624,2023년 12월 12일 23시,화요일,전라북도 고창군 고수면,사망사고,1,0,1,0,차대차 - 추돌,안전운전불이행,건조,맑음,단일로 - 기타,화물,남,69세,사망,승용,남,65세,경상
2023121300100028,2023년 12월 13일 04시,수요일,전라북도 남원시 도통동,사망사고,1,0,0,0,차대사람 - 기타,안전운전불이행,건조,맑음,단일로 - 지하차도(도로)내,승용,남,53세,상해없음,보행자,남,37세,사망
2023121300100045,2023년 12월 13일 06시,수요일,전라북도 전주시 완산구 평화동2가,중상사고,0,1,0,0,차대사람 - 횡단중,보행자보호의무위반,기타,안개,교차로 - 교차로횡단보도내,승용,남,28세,상해없음,보행자,남,55세,중상
2023121300100211,2023년 12월 13일 12시,수요일,전라북도 군산시 나운동,경상사고,0,0,1,0,차대차 - 기타,신호위반,건조,맑음,교차로 - 교차로안,승용,여,66세,상해없음,승용,남,66세,상해없음
2023121300100251,2023년 12월 13일 13시,수요일,전라북도 군산시 성산면,부상신고사고,0,0,0,2,차대차 - 추돌,안전거리미확보,건조,맑음,단일로 - 기타,승용,남,65세,상해없음,승용,여,55세,부상신고
2023121300100281,2023년 12월 13일 14시,수요일,전라북도 익산시 신동,중상사고,0,1,0,0,차대차 - 기타,차로위반,건조,맑음,단일로 - 기타,승용,여,44세,상해없음,이륜,남,54세,중상
2023121300100282,2023년 12월 13일 14시,수요일,전라북도 남원시 대산면,경상사고,0,0,2,0,차대차 - 추돌,안전운전불이행,건조,맑음,단일로 - 기타,화물,남,37세,상해없음,화물,남,56세,경상
2023121300100340,2023년 12월 13일 16시,수요일,전라북도 군산시 수송동,경상사고,0,0,2,0,차대차 - 추돌,안전운전불이행,건조,맑음,교차로 - 교차로부근,승용,남,72세,상해없음,승용,여,43세,경상