사고번호,사고일시,요일,시군구,사고내용,사망자수,중상자수,경상자수,부상신고자수,사고유형,법규위반,노면상태,기상상태,도로형태,가해운전자 차종,가해운전자 성별,가해운전자 연령,가해운전자 상해정도,피해운전자 차종,피해운전자 성별,피해운전자 연령,피해운전자 상해정도
2023121300100341,2023년 12월 13일 16시,수요일,전라북도 익산시 신동,경상사고,0,0,1,0,차대사람 - 차도통행중,안전운전불이행,건조,맑음,단일로 - 기타,승용,여,61세,상해없음,보행자,여,19세,경상
2023121300100394,2023년 12월 13일 17시,수요일,전라북도 진안군 마령면,경상사고,0,0,1,0,차대차 - 기타,기타,건조,맑음,교차로 - 교차로횡단보도내,승합,남,42세,상해없음,화물,남,50세,경상
2023121300100457,2023년 12월 13일 18시,수요일,전라북도 전주시 완산구 중화산동2가,중상사고,0,1,0,0,차대사람 - 횡단중,신호위반,건조,맑음,교차로 - 교차로횡단보도내,승용,여,64세,상해없음,보행자,남,71세,중상
2023121300100458,2023년 12월 13일 18시,수요일,전라북도 군산시 조촌동,경상사고,0,0,1,0,차대차 - 측면충돌,안전운전불이행,건조,맑음,교차로 - 교차로안,승합,남,60세,상해없음,이륜,남,22세,경상
2023121300100459,2023년 12월 13일 18시,수요일,전라북도 장수군 계남면,사망사고,1,2,1,0,차대차 - 측면충돌,교차로운행방법위반,건조,맑음,교차로 - 교차로안,승용,남,83세,상해없음,승용,여,41세,경상
2023121300100539,2023년 12월 13일 20시,수요일,전라북도 익산시 평화동,경상사고,0,0,1,0,차대사람 - 차도통행중,보행자보호의무위반,건조,맑음,교차로 - 교차로횡단보도내,승용,남,59세,상해없음,보행자,여,20세,경상
2023121400100032,2023년 12월 14일 05시,목요일,전라북도 전주시 덕진구 우아동3가,중상사고,0,1,0,0,차대사람 - 보도통행중,보행자보호의무위반,건조,맑음,교차로 - 교차로횡단보도내,승용,여,66세,상해없음,보행자,남,54세,중상
2023121400100046,2023년 12월 14일 06시,목요일,전라북도 익산시 함열읍,경상사고,0,0,2,0,차대차 - 측면충돌,신호위반,건조,맑음,교차로 - 교차로안,화물,여,64세,상해없음,화물,남,58세,경상
2023121400100154,2023년 12월 14일 10시,목요일,전라북도 군산시 소룡동,경상사고,0,0,1,0,차대차 - 측면충돌,안전운전불이행,건조,흐림,교차로 - 교차로부근,화물,남,66세,상해없음,자전거,여,63세,경상
2023121400100155,2023년 12월 14일 10시,목요일,전라북도 군산시 나운동,경상사고,0,0,2,0,차대차 - 측면충돌,불법유턴,젖음/습기,비,교차로 - 교차로부근,승용,남,63세,상해없음,승용,남,74세,경상
2023121400100156,2023년 12월 14일 10시,목요일,전라북도 무주군 안성면,중상사고,0,1,0,0,차대차 - 측면충돌,안전운전불이행,젖음/습기,비,단일로 - 지하차도(도로)내,건설기계,남,46세,상해없음,자전거,남,68세,중상
2023121400100287,2023년 12월 14일 15시,목요일,전라북도 익산시 평화동,중상사고,0,1,0,0,차대차 - 추돌,안전운전불이행,젖음/습기,비,교차로 - 교차로부근,승용,남,63세,상해없음,화물,남,66세,상해없음
2023121400100371,2023년 12월 14일 17시,목요일,전라북도 전주시 완산구 중화산동2가,경상사고,0,0,1,0,차대사람 - 횡단중,보행자보호의무위반,젖음/습기,비,교차로 - 교차로횡단보도내,승용,여,67세,상해없음,보행자,남,27세,경상
2023121400100372,2023년 12월 14일 17시,목요일,전라북도 익산시 영등동,경상사고,0,0,1,0,차대차 - 측면충돌,신호위반,젖음/습기,비,교차로 - 교차로부근,승용,남,46세,상해없음,승용,여,76세,경상
2023121400100465,2023년 12월 14일 18시,목요일,전라북도 전주시 덕진구 인후동1가,경상사고,0,0,1,0,차대차 - 측면충돌,안전운전불이행,젖음/습기,비,교차로 - 교차로안,승용,여,55세,상해없음,승용,여,71세,경상
2023121400100591,2023년 12월 14일 20시,목요일,전라북도 군산시 나운동,경상사고,0,0,3,0,차대차 - 측면충돌,직진우회전진행방해,젖음/습기,비,교차로 - 교차로안,승용,남,66세,상해없음,승용,남,40세,경상
2023121400100691,2023년 12월 14일 23시,목요일,전라북도 전주시 덕진구 인후동1가,중상사고,0,2,0,0,차대차 - 추돌,안전운전불이행,젖음/습기,비,교차로 - 교차로부근,승용,남,31세,상해없음,승용,여,39세,중상
2023121500100029,2023년 12월 15일 01시,금요일,전라북도 전주시 덕진구 팔복동2가,경상사고,0,0,2,0,차대차 - 정면충돌,중앙선침범,젖음/습기,비,단일로 - 기타,승용,남,27세,상해없음,승용,남,39세,경상
2023121500100076,2023년 12월 15일 06시,금요일,전라북도 군산시 수송동,경상사고,0,0,1,0,차대차 - 측면충돌,안전운전불이행,젖음/습기,비,교차로 - 교차로부근,기타불명,기타불명,미분류,기타불명,승용,여,50세,경상
2023121500100167,2023년 12월 15일 08시,금요일,전라북도 전주시 완산구 삼천동2가,경상사고,0,0,1,0,차대사람 - 횡단중,안전운전불이행,젖음/습기,비,교차로 - 교차로안,승용,남,58세,상해없음,보행자,여,19세,경상
2023121500100270,2023년 12월 15일 11시,금요일,전라북도 전주시 덕진구 인후동1가,경상사고,0,0,1,0,차대차 - 기타,신호위반,젖음/습기,비,교차로 - 교차로안,승용,여,55세,상해없음,승용,남,52세,경상
2023121500100305,2023년 12월 15일 12시,금요일,전라북도 전주시 완산구 서신동,경상사고,0,0,2,0,차대차 - 정면충돌,신호위반,젖음/습기,비,교차로 - 교차로안,승용,남,73세,상해없음,승용,남,63세,경상
2023121500100361,2023년 12월 15일 14시,금요일,전라북도 전주시 덕진구 덕진동1가,경상사고,0,0,1,0,차대차 - 추돌,차로위반,젖음/습기,비,단일로 - 기타,승용,남,19세,상해없음,승용,남,53세,경상
2023121500100362,2023년 12월 15일 14시,금요일,전라북도 군산시 미장동,경상사고,0,0,2,0,차대차 - 기타,신호위반,젖음/습기,비,교차로 - 교차로안,승용,남,73세,상해없음,승용,남,63세,경상
2023121500100392,2023년 12월 15일 15시,금요일,전라북도 전주시 완산구 삼천동1가,경상사고,0,0,1,0,차대차 - 추돌,안전운전불이행,젖음/습기,흐림,단일로 - 기타,화물,남,74세,상해없음,승용,여,39세,경상
2023121500100426,2023년 12월 15일 16시,금요일,전라북도 익산시 남중동,경상사고,0,0,1,0,차대차 - 측면충돌,안전운전불이행,건조,맑음,기타 - 기타,승용,여,45세,기타불명,승용,여,40세,경상
2023121500100427,2023년 12월 15일 16시,금요일,전라북도 임실군 관촌면,중상사고,0,1,0,0,차대사람 - 횡단중,안전운전불이행,건조,맑음,교차로 - 교차로부근,화물,남,39세,상해없음,보행자,여,77세,중상
2023121500100472,2023년 12월 15일 17시,금요일,전라북도 전주시 완산구 중화산동2가,경상사고,0,0,2,0,차대차 - 측면충돌,신호위반,젖음/습기,흐림,교차로 - 교차로안,승용,남,76세,상해없음,승용,남,68세,경상
2023121500100473,2023년 12월 15일 17시,금요일,전라북도 군산시 경암동,경상사고,0,0,1,0,차대차 - 기타,안전운전불이행,건조,흐림,기타 - 기타,승용,여,56세,상해없음,자전거,남,17세,경상
2023121500100474,2023년 12월 15일 17시,금요일,전라북도 완주군 이서면,경상사고,0,0,2,0,차대차 - 기타,안전거리미확보,건조,맑음,단일로 - 기타,승용,여,30세,경상,승용,남,60세,경상
2023121500100531,2023년 12월 15일 18시,금요일,전라북도 전주시 덕진구 고랑동,경상사고,0,0,4,0,차대차 - 추돌,기타,건조,맑음,단일로 - 지하차도(도로)내,화물,남,59세,상해없음,화물,남,24세,경상
2023121500100532,2023년 12월 15일 18시,금요일,전라북도 군산시 수송동,경상사고,0,0,1,0,차대차 - 기타,안전운전불이행,젖음/습기,비,단일로 - 기타,승용,여,54세,상해없음,이륜,남,38세,경상
2023121500100533,2023년 12월 15일 18시,금요일,전라북도 익산시 왕궁면,경상사고,0,0,3,0,차대차 - 측면충돌,직진우회전진행방해,건조,맑음,교차로 - 교차로안,승합,남,65세,상해없음,승용,여,36세,경상
2023121500100534,2023년 12월 15일 18시,금요일,전라북도 익산시 어양동,경상사고,0,0,1,0,차대사람 - 차도통행중,안전운전불이행,건조,맑음,교차로 - 교차로안,승용,여,39세,상해없음,보행자,여,50세,경상
2023121500100535,2023년 12월 15일 18시,금요일,전라북도 부안군 부안읍,중상사고,0,1,0,0,차대사람 - 횡단중,보행자보호의무위반,젖음/습기,비,교차로 - 교차로부근,원동기,남,22세,상해없음,보행자,여,70세,중상
2023121500100536,2023년 12월 15일 18시,금요일,전라북도 완주군 삼례읍,경상사고,0,0,1,0,차대차 - 정면충돌,안전운전불이행,건조,맑음,교차로 - 교차로안,승합,남,33세,기타불명,승용,남,29세,경상
2023121500100594,2023년 12월 15일 19시,금요일,전라북도 군산시 나운동,중상사고,0,1,1,0,차대차 - 기타,안전운전불이행,건조,맑음,교차로 - 교차로부근,이륜,남,48세,중상,승용,남,59세,경상
2023121500100595,2023년 12월 15일 19시,금요일,전라북도 익산시 남중동,경상사고,0,0,1,0,차대사람 - 차도통행중,안전운전불이행,건조,맑음,단일로 - 기타,화물,남,64세,상해없음,보행자,여,77세,경상
2023121500100596,2023년 12월 15일 19시,금요일,전북특별자치도 익산시 모현동1가,경상사고,0,0,1,0,차대사람 - 차도통행중,안전운전불이행,건조,맑음,단일로 - 기타,승용,남,64세,상해없음,보행자,남,41세,경상
2023121500100630,2023년 12월 15일 20시,금요일,전라북도 군산시 나운동,경상사고,0,0,1,0,차대사람 - 기타,신호위반,젖음/습기,비,교차로 - 교차로안,이륜,남,62세,상해없음,보행자,여,64세,경상
2023121500100697,2023년 12월 15일 22시,금요일,전라북도 전주시 덕진구 인후동2가,중상사고,0,1,0,0,차대사람 - 횡단중,신호위반,젖음/습기,비,교차로 - 교차로횡단보도내,승용,남,73세,상해없음,보행자,남,21세,중상
2023121600100052,2023년 12월 16일 03시,토요일,전라북도 전주시 완산구 중화산동2가,경상사고,0,0,2,0,차대차 - 추돌,안전운전불이행,젖음/습기,비,기타 - 기타,승용,여,29세,기타불명,승용,남,24세,경상
2023121600100064,2023년 12월 16일 04시,토요일,전라북도 군산시 수송동,경상사고,0,0,2,0,차대차 - 추돌,안전운전불이행,젖음/습기,비,단일로 - 기타,승용,여,41세,경상,특수,남,41세,경상
2023121600100087,2023년 12월 16일 06시,토요일,전라북도 군산시 미장동,경상사고,0,0,3,0,차대차 - 기타,신호위반,젖음/습기,비,교차로 - 교차로부근,승용,남,70세,상해없음,승용,남,69세,경상
2023121600100148,2023년 12월 16일 10시,토요일,전라북도 군산시 경장동,경상사고,0,0,1,0,차대차 - 추돌,안전운전불이행,건조,맑음,교차로 - 교차로횡단보도내,승용,여,33세,상해없음,승용,여,57세,경상
2023121600100149,2023년 12월 16일 10시,토요일,전라북도 정읍시 상동,경상사고,0,0,1,0,차대차 - 측면충돌,안전운전불이행,젖음/습기,눈,교차로 - 교차로안,이륜,남,20세,경상,승용,남,61세,상해없음
2023121600100316,2023년 12월 16일 15시,토요일,전라북도 전주시 완산구 중화산동2가,경상사고,0,0,1,0,차대차 - 기타,신호위반,건조,맑음,교차로 - 교차로안,승용,여,61세,상해없음,승용,남,43세,경상
2023121600100317,2023년 12월 16일 15시,토요일,전라북도 남원시 송동면,중상사고,0,1,0,0,차대차 - 추돌,기타,젖음/습기,눈,단일로 - 기타,승용,남,49세,상해없음,승용,여,75세,중상
2023121600100356,2023년 12월 16일 16시,토요일,전라북도 군산시 경장동,중상사고,0,2,3,0,차대차 - 측면충돌,신호위반,젖음/습기,맑음,교차로 - 교차로안,승용,여,44세,상해없음,승용,여,69세,중상
2023121600100394,2023년 12월 16일 17시,토요일,전라북도 군산시 소룡동,경상사고,0,0,1,0,차대차 - 추돌,안전운전불이행,젖음/습기,흐림,교차로 - 교차로안,승용,남,42세,상해없음,승용,남,71세,경상
2023121600100560,2023년 12월 16일 21시,토요일,전라북도 익산시 영등동,경상사고,0,0,2,0,차대차 - 추돌,안전운전불이행,적설,맑음,교차로 - 교차로부근,승용,남,20세,상해없음,승용,남,23세,경상
2023121600100580,2023년 12월 16일 22시,토요일,전라북도 전주시 덕진구 우아동2가,경상사고,0,0,8,0,차대차 - 추돌,안전운전불이행,서리/결빙,눈,단일로 - 기타,승용,남,42세,상해없음,승합,남,49세,경상
2023121600100581,2023년 12월 16일 22시,토요일,전라북도 정읍시 신정동,부상신고사고,0,0,0,6,차대차 - 측면충돌,안전운전불이행,서리/결빙,눈,교차로 - 교차로안,승용,남,39세,상해없음,특수,남,21세,부상신고
2023121600100582,2023년 12월 16일 22시,토요일,전라북도 익산시 왕궁면,중상사고,0,1,0,0,차대차 - 측면충돌,안전운전불이행,적설,눈,단일로 - 기타,기타불명,기타불명,미분류,기타불명,승용,남,43세,중상
2023121700100023,2023년 12월 17일 01시,일요일,전라북도 전주시 완산구 중화산동2가,부상신고사고,0,0,0,1,차대차 - 추돌,안전운전불이행,서리/결빙,눈,교차로 - 교차로부근,승용,여,27세,상해없음,특수,남,43세,부상신고
2023121700100073,2023년 12월 17일 06시,일요일,전라북도 군산시 오식도동,경상사고,0,0,1,0,차대차 - 기타,안전운전불이행,건조,맑음,교차로 - 교차로부근,승용,남,38세,경상,화물,남,47세,기타불명
2023121700100090,2023년 12월 17일 08시,일요일,전라북도 군산시 오식도동,경상사고,0,0,1,0,차대차 - 측면충돌,안전운전불이행,서리/결빙,눈,교차로 - 교차로부근,특수,남,30세,상해없음,승용,남,52세,경상
2023121700100096,2023년 12월 17일 09시,일요일,전라북도 익산시 목천동,경상사고,0,0,2,0,차대차 - 추돌,안전운전불이행,적설,눈,교차로 - 교차로부근,승용,남,66세,상해없음,승용,남,46세,경상
2023121700100154,2023년 12월 17일 12시,일요일,전라북도 군산시 옥도면,경상사고,0,0,3,0,차대차 - 측면충돌,안전운전불이행,적설,눈,단일로 - 기타,승용,남,64세,상해없음,승용,남,59세,경상
2023121700100209,2023년 12월 17일 14시,일요일,전라북도 전주시 덕진구 인후동1가,경상사고,0,0,1,0,차대사람 - 차도통행중,안전운전불이행,건조,맑음,교차로 - 교차로부근,승용,남,68세,상해없음,보행자,여,29세,경상
2023121700100292,2023년 12월 17일 17시,일요일,전라북도 군산시 옥서면,경상사고,0,0,2,0,차대차 - 측면충돌,신호위반,젖음/습기,맑음,교차로 - 교차로안,승용,남,32세,상해없음,승용,남,43세,경상
2023121800100004,2023년 12월 18일 00시,월요일,전라북도 전주시 완산구 효자동3가,경상사고,0,0,6,0,차대차 - 측면충돌,신호위반,건조,맑음,교차로 - 교차로안,승용,남,30세,경상,승용,남,52세,경상
2023121800100005,2023년 12월 18일 00시,월요일,전라북도 군산시 문화동,경상사고,0,0,1,0,차대사람 - 차도통행중,안전운전불이행,건조,흐림,교차로 - 교차로안,승용,여,64세,상해없음,보행자,여,52세,경상
2023121800100019,2023년 12월 18일 03시,월요일,전라북도 군산시 나운동,경상사고,0,0,1,0,차대차 - 후진중충돌,안전운전불이행,건조,맑음,교차로 - 교차로부근,승용,남,78세,상해없음,승합,남,45세,경상
2023121800100070,2023년 12월 18일 07시,월요일,전라북도 전주시 덕진구 덕진동2가,경상사고,0,0,1,0,차대차 - 측면충돌,안전운전불이행,건조,맑음,교차로 - 교차로안,승용,남,63세,상해없음,승용,남,64세,경상
2023121800100071,2023년 12월 18일 07시,월요일,전라북도 전주시 덕진구 우아동3가,경상사고,0,0,1,0,차대차 - 추돌,안전운전불이행,건조,맑음,교차로 - 교차로부근,화물,남,28세,상해없음,승용,남,55세,경상
2023121800100103,2023년 12월 18일 08시,월요일,전라북도 전주시 덕진구 진북동,중상사고,0,1,0,0,차대사람 - 횡단중,안전운전불이행,건조,맑음,교차로 - 교차로안,승용,여,36세,상해없음,보행자,남,85세,중상
2023121800100104,2023년 12월 18일 08시,월요일,전라북도 익산시 영등동,경상사고,0,0,1,0,차대차 - 추돌,안전운전불이행,서리/결빙,맑음,단일로 - 기타,승용,여,50세,상해없음,승용,남,28세,경상
2023121800100144,2023년 12월 18일 09시,월요일,전라북도 군산시 개사동,경상사고,0,0,2,0,차대차 - 측면충돌,안전운전불이행,건조,맑음,교차로 - 교차로안,승용,남,60세,상해없음,승용,여,25세,경상
2023121800100229,2023년 12월 18일 12시,월요일,전라북도 전주시 완산구 서노송동,경상사고,0,0,1,0,차대사람 - 기타,안전운전불이행,건조,맑음,단일로 - 기타,승합,남,64세,상해없음,보행자,여,67세,경상
2023121800100230,2023년 12월 18일 12시,월요일,전라북도 익산시 동산동,중상사고,0,1,0,0,차대차 - 측면충돌,안전운전불이행,건조,맑음,단일로 - 기타,승용,남,47세,상해없음,자전거,남,79세,중상
2023121800100263,2023년 12월 18일 13시,월요일,전라북도 익산시 신동,중상사고,0,1,0,0,차대사람 - 횡단중,신호위반,건조,맑음,교차로 - 교차로횡단보도내,승용,여,64세,상해없음,보행자,남,79세,중상
2023121800100296,2023년 12월 18일 14시,월요일,전라북도 익산시 주현동,경상사고,0,0,1,0,차대차 - 측면충돌,안전운전불이행,건조,맑음,단일로 - 기타,승용,여,46세,상해없음,화물,남,33세,경상
2023121800100323,2023년 12월 18일 15시,월요일,전라북도 익산시 신동,중상사고,0,1,0,0,차대사람 - 횡단중,안전운전불이행,건조,맑음,교차로 - 교차로안,승용,여,41세,상해없음,보행자,여,57세,중상
2023121800100324,2023년 12월 18일 15시,월요일,전라북도 정읍시 용계동,중상사고,0,1,0,0,차대사람 - 차도통행중,안전운전불이행,건조,맑음,단일로 - 기타,화물,남,71세,상해없음,보행자,여,80세,중상
2023121800100325,2023년 12월 18일 15시,월요일,전라북도 정읍시 연지동,경상사고,0,0,3,0,차대차 - 측면충돌,안전운전불이행,건조,맑음,교차로 - 교차로부근,화물,남,74세,상해없음,승용,남,28세,경상
2023121800100361,2023년 12월 18일 16시,월요일,전라북도 정읍시 농소동,경상사고,0,0,1,0,차대차 - 측면충돌,차로위반,건조,맑음,단일로 - 기타,승용,남,55세,상해없음,승용,여,25세,경상
2023121800100454,2023년 12월 18일 18시,월요일,전라북도 전주시 덕진구 금암동,경상사고,0,0,2,0,차대차 - 추돌,안전운전불이행,건조,맑음,교차로 - 교차로부근,승용,남,73세,상해없음,승용,남,35세,경상
2023121800100456,2023년 12월 18일 18시,월요일,전라북도 김제시 요촌동,중상사고,0,1,0,0,차대사람 - 횡단중,안전운전불이행,건조,흐림,교차로 - 교차로부근,승용,남,65세,상해없음,보행자,남,76세,중상
2023121900100009,2023년 12월 19일 00시,화요일,전라북도 군산시 지곡동,경상사고,0,0,1,0,차대차 - 기타,안전운전불이행,건조,흐림,교차로 - 교차로안,승용,남,65세,상해없음,이륜,남,25세,경상
2023121900100066,2023년 12월 19일 07시,화요일,전라북도 전주시 완산구 중노송동,경상사고,0,0,1,0,차대차 - 측면충돌,안전거리미확보,건조,맑음,교차로 - 교차로안,승용,남,62세,상해없음,화물,남,29세,경상
2023121900100067,2023년 12월 19일 07시,화요일,전라북도 익산시 금마면,경상사고,0,0,1,0,차대차 - 측면충돌,신호위반,건조,맑음,교차로 - 교차로안,화물,남,27세,상해없음,승용,남,67세,경상
2023121900100090,2023년 12월 19일 08시,화요일,전북특별자치도 정읍시 농소동,경상사고,0,0,1,0,차대차 - 측면충돌,안전거리미확보,건조,맑음,교차로 - 교차로안,화물,남,47세,상해없음,승용,남,31세,경상
2023121900100197,2023년 12월 19일 12시,화요일,전라북도 전주시 완산구 중화산동2가,경상사고,0,0,4,0,차대차 - 기타,안전운전불이행,건조,맑음,단일로 - 기타,승용,여,29세,경상,승용,여,65세,경상
2023121900100251,2023년 12월 19일 14시,화요일,전라북도 군산시 미장동,경상사고,0,0,1,0,차대차 - 정면충돌,안전거리미확보,건조,맑음,단일로 - 기타,승용,남,53세,상해없음,승용,남,38세,경상
2023121900100281,2023년 12월 19일 15시,화요일,전라북도 정읍시 연지동,중상사고,0,1,0,0,차대차 - 측면충돌,교차로운행방법위반,건조,맑음,교차로 - 교차로안,승용,남,74세,상해없음,이륜,남,56세,중상
2023121900100419,2023년 12월 19일 18시,화요일,전북특별자치도 전주시 덕진구 호성동2가,중상사고,0,1,0,0,차대사람 - 횡단중,신호위반,건조,맑음,교차로 - 교차로횡단보도내,승용,여,25세,상해없음,보행자,남,29세,중상
2023121900100420,2023년 12월 19일 18시,화요일,전라북도 군산시 나운동,경상사고,0,0,1,0,차대차 - 측면충돌,교차로운행방법위반,젖음/습기,흐림,교차로 - 교차로안,승용,남,46세,상해없음,이륜,남,55세,경상
2023121900100455,2023년 12월 19일 19시,화요일,전북특별자치도 전주시 완산구 효자동3가,중상사고,0,1,0,0,차대차 - 기타,중앙선침범,건조,맑음,단일로 - 기타,승합,남,62세,상해없음,이륜,남,25세,중상
2023121900100456,2023년 12월 19일 19시,화요일,전라북도 익산시 동산동,경상사고,0,0,1,0,차대차 - 측면충돌,안전운전불이행,건조,맑음,단일로 - 기타,승용,남,56세,상해없음,승용,남,51세,경상
2023121900100483,2023년 12월 19일 20시,화요일,전라북도 전주시 덕진구 인후동2가,경상사고,0,0,1,0,차대차 - 추돌,안전운전불이행,건조,맑음,교차로 - 교차로부근,승용,남,18세,상해없음,승용,여,62세,경상
2023122000100067,2023년 12월 20일 07시,수요일,전라북도 익산시 오산면,경상사고,0,0,1,0,차대차 - 측면충돌,신호위반,적설,눈,교차로 - 교차로안,승용,여,70세,상해없음,승용,여,65세,경상
2023122000100068,2023년 12월 20일 07시,수요일,전라북도 익산시 왕궁면,경상사고,0,0,2,0,차대차 - 기타,신호위반,서리/결빙,눈,단일로 - 고가도로위,승용,여,41세,상해없음,승용,남,24세,경상
2023122000100095,2023년 12월 20일 08시,수요일,전라북도 군산시 옥산면,경상사고,0,0,1,0,차대차 - 측면충돌,신호위반,서리/결빙,눈,교차로 - 교차로안,승용,남,39세,상해없음,화물,남,54세,경상
2023122000100096,2023년 12월 20일 08시,수요일,전라북도 정읍시 감곡면,중상사고,0,1,0,0,차대사람 - 보도통행중,안전운전불이행,적설,눈,단일로 - 기타,승용,여,57세,상해없음,보행자,여,73세,중상
2023122000100117,2023년 12월 20일 09시,수요일,전라북도 정읍시 수성동,경상사고,0,0,1,0,차대차 - 측면충돌,신호위반,적설,눈,교차로 - 교차로안,승용,여,63세,상해없음,승용,여,37세,경상
2023122000100154,2023년 12월 20일 11시,수요일,전라북도 전주시 덕진구 진북동,경상사고,0,0,1,0,차대차 - 측면충돌,안전거리미확보,건조,맑음,단일로 - 기타,승용,여,40세,상해없음,승용,여,30세,경상
2023122000100228,2023년 12월 20일 14시,수요일,전라북도 정읍시 입암면,사망사고,1,0,3,0,차대차 - 기타,안전운전불이행,서리/결빙,눈,기타 - 기타,승합,남,54세,상해없음,화물,남,50세,상해없음
2023122000100343,2023년 12월 20일 17시,수요일,전라북도 남원시 금동,중상사고,0,1,0,0,차대사람 - 차도통행중,안전운전불이행,젖음/습기,눈,교차로 - 교차로안,승용,여,58세,상해없음,보행자,여,82세,중상
2023122000100344,2023년 12월 20일 17시,수요일,전라북도 장수군 계북면,사망사고,1,0,0,0,차대차 - 추돌,안전운전불이행,건조,흐림,단일로 - 기타,승용,남,37세,사망,화물,남,47세,상해없음
2023122000100390,2023년 12월 20일 18시,수요일,전라북도 정읍시 북면,중상사고,0,1,2,0,차대차 - 정면충돌,중앙선침범,서리/결빙,눈,단일로 - 기타,승용,남,64세,경상,승용,여,38세,경상
2023122000100505,2023년 12월 20일 21시,수요일,전라북도 진안군 부귀면,경상사고,0,0,1,0,차대차 - 추돌,안전운전불이행,건조,맑음,교차로 - 교차로안,화물,남,66세,상해없음,승용,여,61세,경상
2023122000100549,2023년 12월 20일 23시,수요일,전라북도 전주시 완산구 효자동1가,경상사고,0,0,1,0,차대차 - 추돌,안전운전불이행,서리/결빙,맑음,단일로 - 기타,승용,남,25세,상해없음,승용,남,43세,경상
2023122100100106,2023년 12월 21일 08시,목요일,전라북도 남원시 이백면,경상사고,0,0,1,0,차대차 - 추돌,안전거리미확보,젖음/습기,눈,단일로 - 지하차도(도로)내,승용,남,51세,상해없음,승용,여,61세,경상
2023122100100181,2023년 12월 21일 10시,목요일,전라북도 군산시 수송동,경상사고,0,0,1,0,차대사람 - 횡단중,안전운전불이행,적설,눈,교차로 - 교차로횡단보도내,승용,여,30세,상해없음,보행자,남,79세,경상
2023122100100272,2023년 12월 21일 13시,목요일,전라북도 군산시 경장동,경상사고,0,0,1,0,차대차 - 추돌,안전운전불이행,적설,눈,교차로 - 교차로부근,승합,남,55세,상해없음,승용,남,60세,경상
2023122100100310,2023년 12월 21일 14시,목요일,전라북도 익산시 신흥동,경상사고,0,0,1,0,차대차 - 측면충돌,차로위반,건조,맑음,단일로 - 기타,화물,남,56세,상해없음,승용,여,49세,경상
2023122100100352,2023년 12월 21일 15시,목요일,전라북도 익산시 영등동,경상사고,0,0,1,0,차대차 - 측면충돌,신호위반,건조,맑음,교차로 - 교차로안,화물,남,76세,상해없음,승용,남,61세,경상
2023122100100441,2023년 12월 21일 17시,목요일,전라북도 전주시 덕진구 우아동1가,중상사고,0,1,0,0,차대사람 - 차도통행중,안전운전불이행,건조,맑음,단일로 - 기타,승용,여,50세,상해없음,보행자,남,56세,중상
2023122100100489,2023년 12월 21일 18시,목요일,전라북도 남원시 월락동,중상사고,0,1,0,0,차대사람 - 횡단중,안전운전불이행,건조,맑음,교차로 - 교차로안,화물,남,53세,상해없음,보행자,여,41세,중상
2023122100100543,2023년 12월 21일 19시,목요일,전라북도 전주시 덕진구 호성동1가,중상사고,0,1,0,0,차대사람 - 기타,안전운전불이행,건조,맑음,교차로 - 교차로안,승용,남,47세,상해없음,보행자,여,63세,중상
2023122100100617,2023년 12월 21일 21시,목요일,전라북도 익산시 마동,경상사고,0,0,2,0,차대차 - 측면충돌,직진우회전진행방해,서리/결빙,흐림,교차로 - 교차로안,승용,남,26세,상해없음,승합,남,53세,경상
2023122200100008,2023년 12월 22일 00시,금요일,전라북도 전주시 완산구 효자동3가,중상사고,0,1,0,0,차대사람 - 기타,보행자보호의무위반,건조,맑음,교차로 - 교차로횡단보도내,승용,남,25세,상해없음,보행자,남,53세,중상
2023122200100107,2023년 12월 22일 08시,금요일,전라북도 전주시 완산구 평화동1가,경상사고,0,0,1,0,차대차 - 측면충돌,안전운전불이행,건조,맑음,교차로 - 교차로부근,승용,남,64세,경상,승용,남,29세,상해없음
2023122200100108,2023년 12월 22일 08시,금요일,전라북도 전주시 완산구 효자동3가,경상사고,0,0,1,0,차대차 - 측면충돌,안전운전불이행,건조,맑음,교차로 - 교차로부근,화물,남,40세,상해없음,승용,남,24세,경상
2023122200100109,2023년 12월 22일 08시,금요일,전라북도 완주군 삼례읍,경상사고,0,0,2,0,차대차 - 측면충돌,신호위반,건조,맑음,교차로 - 교차로안,승용,남,54세,상해없음,승용,남,28세,경상
2023122200100175,2023년 12월 22일 10시,금요일,전북특별자치도 정읍시 구룡동,경상사고,0,0,3,0,차대차 - 측면충돌,교차로운행방법위반,적설,눈,교차로 - 교차로안,승용,남,68세,경상,승용,남,35세,경상
2023122200100256,2023년 12월 22일 12시,금요일,전라북도 익산시 낭산면,경상사고,0,0,3,0,차대차 - 측면충돌,안전운전불이행,건조,맑음,단일로 - 기타,승용,남,55세,상해없음,승용,남,64세,경상
2023122200100346,2023년 12월 22일 14시,금요일,전라북도 전주시 덕진구 우아동2가,경상사고,0,0,1,0,차대차 - 측면충돌,안전운전불이행,건조,맑음,교차로 - 교차로안,승용,남,37세,상해없음,승용,여,52세,경상
2023122200100347,2023년 12월 22일 14시,금요일,전라북도 익산시 창인동1가,중상사고,0,1,0,0,차대차 - 측면충돌,안전운전불이행,건조,맑음,교차로 - 교차로안,승용,남,74세,상해없음,화물,남,47세,중상