사고번호,사고일시,요일,시군구,사고내용,사망자수,중상자수,경상자수,부상신고자수,사고유형,법규위반,노면상태,기상상태,도로형태,가해운전자 차종,가해운전자 성별,가해운전자 연령,가해운전자 상해정도,피해운전자 차종,피해운전자 성별,피해운전자 연령,피해운전자 상해정도
2023122200100398,2023년 12월 22일 15시,금요일,전북특별자치도 전주시 덕진구 호성동1가,경상사고,0,0,1,0,차대차 - 측면충돌,안전운전불이행,건조,맑음,교차로 - 교차로안,승용,남,62세,상해없음,승용,남,61세,경상
2023122200100494,2023년 12월 22일 17시,금요일,전라북도 전주시 완산구 효자동1가,경상사고,0,0,1,0,차대차 - 측면충돌,안전운전불이행,건조,맑음,교차로 - 교차로부근,승용,남,68세,상해없음,승용,남,22세,경상
2023122200100574,2023년 12월 22일 18시,금요일,전라북도 전주시 완산구 태평동,경상사고,0,0,1,0,차대차 - 측면충돌,안전운전불이행,건조,맑음,교차로 - 교차로안,승용,남,41세,상해없음,승용,남,28세,경상
2023122200100575,2023년 12월 22일 18시,금요일,전라북도 정읍시 상동,경상사고,0,0,1,0,차대차 - 추돌,안전거리미확보,적설,맑음,단일로 - 기타,승용,남,40세,상해없음,승용,남,38세,경상
2023122200100638,2023년 12월 22일 19시,금요일,전라북도 전주시 완산구 평화동2가,중상사고,0,1,0,0,차대사람 - 기타,안전운전불이행,건조,맑음,기타 - 기타,개인형이동수단(PM),남,17세,상해없음,보행자,여,67세,중상
2023122200100639,2023년 12월 22일 19시,금요일,전라북도 전주시 덕진구 송천동1가,경상사고,0,0,1,0,차대사람 - 횡단중,안전운전불이행,건조,맑음,단일로 - 기타,이륜,남,42세,상해없음,보행자,남,49세,경상
2023122200100640,2023년 12월 22일 19시,금요일,전라북도 익산시 석암동,경상사고,0,0,1,0,차대차 - 측면충돌,중앙선침범,젖음/습기,흐림,단일로 - 기타,승용,여,63세,상해없음,승용,남,53세,경상
2023122200100685,2023년 12월 22일 20시,금요일,전라북도 군산시 중앙로2가,경상사고,0,0,3,0,차대차 - 추돌,안전거리미확보,서리/결빙,눈,교차로 - 교차로부근,승용,남,27세,상해없음,승용,남,31세,경상
2023122200100789,2023년 12월 22일 23시,금요일,전라북도 군산시 미원동,경상사고,0,0,3,0,차대차 - 추돌,안전거리미확보,적설,맑음,단일로 - 기타,승용,남,55세,상해없음,승용,여,50세,경상
2023122300100039,2023년 12월 23일 01시,토요일,전라북도 남원시 도통동,중상사고,0,1,0,0,차대차 - 추돌,안전운전불이행,건조,맑음,단일로 - 기타,승용,남,41세,상해없음,원동기,남,69세,중상
2023122300100097,2023년 12월 23일 07시,토요일,전라북도 전주시 덕진구 진북동,경상사고,0,0,1,0,차대차 - 정면충돌,중앙선침범,건조,맑음,교차로 - 교차로부근,승용,남,28세,상해없음,승용,여,62세,경상
2023122300100168,2023년 12월 23일 10시,토요일,전라북도 익산시 함열읍,경상사고,0,0,1,0,차대차 - 측면충돌,안전운전불이행,건조,맑음,교차로 - 교차로안,승용,여,63세,상해없음,승용,남,29세,경상
2023122300100169,2023년 12월 23일 10시,토요일,전라북도 김제시 금구면,경상사고,0,0,2,0,차대차 - 추돌,안전운전불이행,건조,맑음,교차로 - 교차로부근,승용,여,30세,상해없음,승용,남,83세,경상
2023122300100243,2023년 12월 23일 12시,토요일,전라북도 익산시 모현동1가,경상사고,0,0,2,0,차대차 - 추돌,차로위반,건조,맑음,교차로 - 교차로부근,승용,여,60세,상해없음,화물,남,51세,경상
2023122300100284,2023년 12월 23일 13시,토요일,전라북도 군산시 나운동,경상사고,0,0,1,0,차대차 - 측면충돌,안전거리미확보,건조,맑음,단일로 - 기타,승용,남,77세,상해없음,승용,남,27세,경상
2023122300100285,2023년 12월 23일 13시,토요일,전라북도 군산시 수송동,경상사고,0,0,4,0,차대차 - 추돌,안전운전불이행,젖음/습기,맑음,단일로 - 기타,승용,남,55세,상해없음,승용,남,29세,경상
2023122300100320,2023년 12월 23일 14시,토요일,전라북도 진안군 진안읍,중상사고,0,2,2,0,차대차 - 추돌,안전거리미확보,건조,맑음,단일로 - 기타,승용,남,34세,경상,화물,남,78세,중상
2023122300100358,2023년 12월 23일 15시,토요일,전라북도 전주시 완산구 효자동3가,중상사고,0,1,0,0,차대사람 - 횡단중,신호위반,건조,맑음,교차로 - 교차로안,이륜,남,32세,상해없음,보행자,여,46세,중상
2023122300100440,2023년 12월 23일 17시,토요일,전라북도 익산시 영등동,경상사고,0,0,1,0,차대사람 - 차도통행중,안전운전불이행,건조,맑음,단일로 - 기타,승용,여,60세,상해없음,보행자,남,37세,경상
2023122300100486,2023년 12월 23일 18시,토요일,전라북도 고창군 고창읍,중상사고,0,1,0,0,차대차 - 측면충돌,안전운전불이행,젖음/습기,흐림,교차로 - 교차로안,사륜오토바이(ATV),남,81세,중상,승용,여,44세,상해없음
2023122300100522,2023년 12월 23일 19시,토요일,전라북도 익산시 신동,경상사고,0,0,1,0,차대차 - 측면충돌,안전운전불이행,건조,맑음,교차로 - 교차로부근,승용,남,42세,상해없음,이륜,남,39세,경상
2023122300100523,2023년 12월 23일 19시,토요일,전북특별자치도 완주군 상관면,사망사고,1,0,0,0,차대사람 - 차도통행중,안전운전불이행,건조,맑음,단일로 - 기타,승용,남,29세,상해없음,보행자,남,83세,사망
2023122300100622,2023년 12월 23일 23시,토요일,전라북도 군산시 장미동,경상사고,0,0,2,0,차량단독 - 공작물충돌,안전운전불이행,서리/결빙,눈,교차로 - 교차로부근,승용,남,26세,경상,,,,
2023122400100009,2023년 12월 24일 00시,일요일,전라북도 군산시 수송동,경상사고,0,0,1,0,차대차 - 추돌,안전운전불이행,서리/결빙,흐림,교차로 - 교차로부근,승용,남,31세,상해없음,승용,남,35세,경상
2023122400100031,2023년 12월 24일 03시,일요일,전라북도 군산시 수송동,경상사고,0,0,4,0,차대차 - 추돌,안전운전불이행,서리/결빙,눈,교차로 - 교차로부근,승용,남,44세,상해없음,승용,남,52세,경상
2023122400100052,2023년 12월 24일 07시,일요일,전라북도 김제시 진봉면,경상사고,0,0,1,0,차량단독 - 공작물충돌,안전운전불이행,적설,눈,단일로 - 지하차도(도로)내,승용,남,78세,상해없음,,,,
2023122400100108,2023년 12월 24일 11시,일요일,전라북도 군산시 수송동,경상사고,0,0,1,0,차대차 - 추돌,안전거리미확보,적설,맑음,교차로 - 교차로부근,승용,남,28세,상해없음,승용,여,52세,경상
2023122400100109,2023년 12월 24일 11시,일요일,전라북도 임실군 관촌면,경상사고,0,0,2,0,차대차 - 추돌,안전거리미확보,젖음/습기,흐림,교차로 - 교차로안,건설기계,남,65세,상해없음,승용,남,70세,경상
2023122400100169,2023년 12월 24일 14시,일요일,전라북도 익산시 어양동,경상사고,0,0,1,0,차대차 - 추돌,기타,건조,맑음,단일로 - 기타,승용,남,50세,상해없음,승용,남,26세,경상
2023122400100170,2023년 12월 24일 14시,일요일,전라북도 진안군 진안읍,경상사고,0,0,2,0,차대차 - 측면충돌,신호위반,건조,맑음,교차로 - 교차로안,승용,남,62세,상해없음,승용,여,44세,경상
2023122400100239,2023년 12월 24일 17시,일요일,전라북도 남원시 월락동,경상사고,0,0,3,0,차대차 - 추돌,안전운전불이행,건조,맑음,단일로 - 기타,승합,남,64세,상해없음,승용,남,39세,경상
2023122400100269,2023년 12월 24일 18시,일요일,전라북도 전주시 완산구 평화동1가,중상사고,0,1,0,0,차대차 - 정면충돌,신호위반,건조,흐림,교차로 - 교차로안,이륜,남,66세,상해없음,개인형이동수단(PM),남,36세,중상
2023122400100311,2023년 12월 24일 20시,일요일,전라북도 완주군 삼례읍,경상사고,0,0,1,0,차대차 - 측면충돌,신호위반,건조,맑음,교차로 - 교차로부근,승용,여,59세,상해없음,승용,여,63세,경상
2023122500100059,2023년 12월 25일 08시,월요일,전라북도 군산시 수송동,경상사고,0,0,1,0,차대차 - 정면충돌,중앙선침범,건조,맑음,교차로 - 교차로안,승용,여,30세,상해없음,승용,남,69세,경상
2023122500100103,2023년 12월 25일 11시,월요일,전라북도 군산시 명산동,경상사고,0,0,1,0,차대차 - 측면충돌,안전운전불이행,건조,맑음,교차로 - 교차로안,화물,남,52세,상해없음,자전거,남,86세,경상
2023122500100126,2023년 12월 25일 12시,월요일,전라북도 익산시 마동,중상사고,0,1,0,0,차대차 - 측면충돌,중앙선침범,건조,맑음,단일로 - 기타,승용,남,54세,상해없음,이륜,남,41세,중상
2023122500100313,2023년 12월 25일 20시,월요일,전라북도 군산시 수송동,중상사고,0,1,0,0,차대차 - 측면충돌,안전운전불이행,건조,맑음,교차로 - 교차로안,승용,여,29세,상해없음,이륜,남,30세,중상
2023122500100355,2023년 12월 25일 23시,월요일,전라북도 익산시 마동,중상사고,0,1,0,0,차대사람 - 횡단중,보행자보호의무위반,건조,맑음,단일로 - 기타,화물,남,41세,상해없음,보행자,여,4세,중상
2023122600100093,2023년 12월 26일 08시,화요일,전라북도 전주시 완산구 중노송동,경상사고,0,0,5,0,차대차 - 기타,안전거리미확보,건조,맑음,단일로 - 기타,승용,여,62세,상해없음,승합,남,63세,경상
2023122600100094,2023년 12월 26일 08시,화요일,전라북도 익산시 영등동,경상사고,0,0,1,0,차대차 - 측면충돌,신호위반,건조,맑음,교차로 - 교차로안,승용,남,75세,상해없음,자전거,남,88세,경상
2023122600100095,2023년 12월 26일 08시,화요일,전라북도 익산시 덕기동,경상사고,0,0,1,0,차대차 - 측면충돌,안전운전불이행,건조,맑음,단일로 - 기타,화물,남,47세,상해없음,승용,남,39세,경상
2023122600100132,2023년 12월 26일 09시,화요일,전라북도 전주시 완산구 효자동3가,경상사고,0,0,1,0,차대사람 - 기타,보행자보호의무위반,건조,맑음,단일로 - 기타,승용,남,36세,상해없음,보행자,여,26세,경상
2023122600100163,2023년 12월 26일 10시,화요일,전북특별자치도 전주시 덕진구 인후동1가,경상사고,0,0,1,0,차대차 - 측면충돌,직진우회전진행방해,건조,맑음,교차로 - 교차로안,승용,여,54세,상해없음,이륜,남,31세,경상
2023122600100217,2023년 12월 26일 12시,화요일,전라북도 전주시 덕진구 용정동,중상사고,0,1,1,0,차대차 - 추돌,안전운전불이행,건조,맑음,단일로 - 기타,특수,남,67세,중상,화물,남,36세,경상
2023122600100324,2023년 12월 26일 15시,화요일,전라북도 전주시 완산구 삼천동1가,경상사고,0,0,1,0,차대차 - 기타,안전거리미확보,건조,맑음,단일로 - 기타,승용,남,86세,상해없음,화물,남,53세,경상
2023122600100416,2023년 12월 26일 17시,화요일,전라북도 군산시 나운동,부상신고사고,0,0,0,1,차대사람 - 횡단중,안전운전불이행,건조,맑음,교차로 - 교차로안,승용,여,35세,상해없음,보행자,여,14세,부상신고
2023122600100481,2023년 12월 26일 18시,화요일,전라북도 전주시 덕진구 금암동,경상사고,0,0,1,0,차대차 - 측면충돌,안전운전불이행,건조,맑음,교차로 - 교차로안,승용,여,50세,상해없음,승합,남,62세,경상
2023122600100482,2023년 12월 26일 18시,화요일,전라북도 완주군 삼례읍,경상사고,0,0,2,0,차대차 - 추돌,안전거리미확보,건조,맑음,단일로 - 기타,승용,남,45세,상해없음,승용,남,31세,경상
2023122600100483,2023년 12월 26일 18시,화요일,전라북도 완주군 삼례읍,경상사고,0,0,1,0,차대사람 - 횡단중,보행자보호의무위반,건조,맑음,교차로 - 교차로부근,승용,여,65세,상해없음,보행자,남,43세,경상
2023122600100560,2023년 12월 26일 20시,화요일,전라북도 부안군 부안읍,경상사고,0,0,1,0,차대사람 - 차도통행중,안전운전불이행,젖음/습기,흐림,교차로 - 교차로부근,승용,남,77세,상해없음,보행자,남,40세,경상
2023122700100062,2023년 12월 27일 07시,수요일,전라북도 남원시 노암동,사망사고,1,0,0,0,차대사람 - 횡단중,기타,건조,흐림,교차로 - 교차로부근,승용,여,26세,상해없음,보행자,남,76세,사망
2023122700100063,2023년 12월 27일 07시,수요일,전라북도 무주군 무주읍,경상사고,0,0,1,0,차대차 - 추돌,안전운전불이행,서리/결빙,흐림,단일로 - 지하차도(도로)내,이륜,남,64세,경상,화물,남,60세,상해없음
2023122700100141,2023년 12월 27일 09시,수요일,전라북도 군산시 옥산면,경상사고,0,0,1,0,차대차 - 측면충돌,안전거리미확보,건조,맑음,단일로 - 기타,특수,남,59세,상해없음,승용,여,46세,경상
2023122700100142,2023년 12월 27일 09시,수요일,전라북도 익산시 부송동,경상사고,0,0,1,0,차대사람 - 횡단중,보행자보호의무위반,건조,맑음,교차로 - 교차로횡단보도내,화물,남,55세,상해없음,보행자,여,76세,경상
2023122700100187,2023년 12월 27일 10시,수요일,전라북도 익산시 금마면,경상사고,0,0,3,0,차대차 - 측면충돌,중앙선침범,건조,맑음,단일로 - 기타,승용,남,61세,상해없음,승용,남,44세,경상
2023122700100188,2023년 12월 27일 10시,수요일,전북특별자치도 정읍시 신태인읍,경상사고,0,0,1,0,차대차 - 기타,중앙선침범,젖음/습기,맑음,단일로 - 기타,화물,남,74세,상해없음,화물,남,44세,경상
2023122700100225,2023년 12월 27일 11시,수요일,전라북도 임실군 임실읍,중상사고,0,1,1,1,차대차 - 추돌,안전운전불이행,건조,맑음,단일로 - 기타,화물,남,65세,경상,승용,남,55세,중상
2023122700100318,2023년 12월 27일 14시,수요일,전라북도 완주군 봉동읍,경상사고,0,0,1,0,차대차 - 측면충돌,신호위반,건조,맑음,교차로 - 교차로안,화물,남,65세,상해없음,승용,남,64세,경상
2023122700100348,2023년 12월 27일 15시,수요일,전라북도 익산시 모현동1가,중상사고,0,1,0,0,차대사람 - 횡단중,보행자보호의무위반,건조,맑음,교차로 - 교차로횡단보도내,승용,남,70세,상해없음,보행자,남,9세,중상
2023122700100385,2023년 12월 27일 16시,수요일,전라북도 군산시 소룡동,경상사고,0,0,1,0,차량단독 - 기타,안전운전불이행,건조,맑음,교차로 - 교차로안,승합,남,52세,상해없음,,,,
2023122700100498,2023년 12월 27일 18시,수요일,전북특별자치도 전주시 덕진구 중동,경상사고,0,0,1,0,차대차 - 후진중충돌,안전운전불이행,건조,맑음,교차로 - 교차로부근,화물,남,64세,상해없음,승용,남,29세,경상
2023122700100499,2023년 12월 27일 18시,수요일,전라북도 군산시 조촌동,경상사고,0,0,1,0,차대차 - 측면충돌,직진우회전진행방해,건조,흐림,교차로 - 교차로안,승용,여,59세,상해없음,화물,남,67세,경상
2023122700100500,2023년 12월 27일 18시,수요일,전라북도 김제시 서암동,경상사고,0,0,1,0,차대차 - 측면충돌,신호위반,건조,맑음,교차로 - 교차로안,이륜,남,79세,경상,화물,남,64세,상해없음
2023122700100501,2023년 12월 27일 18시,수요일,전라북도 고창군 성내면,경상사고,0,0,1,0,차대차 - 측면충돌,중앙선침범,건조,맑음,단일로 - 기타,승용,남,60세,상해없음,승용,여,25세,경상
2023122700100583,2023년 12월 27일 20시,수요일,전라북도 군산시 나운동,경상사고,0,0,1,0,차대차 - 후진중충돌,안전운전불이행,건조,흐림,단일로 - 기타,승용,여,59세,상해없음,승용,여,54세,경상
2023122800100004,2023년 12월 28일 00시,목요일,전라북도 부안군 행안면,중상사고,0,1,0,0,차대차 - 추돌,안전운전불이행,건조,기타,단일로 - 기타,화물,남,20세,상해없음,화물,여,53세,상해없음
2023122800100026,2023년 12월 28일 05시,목요일,전라북도 전주시 덕진구 진북동,경상사고,0,0,1,0,차대차 - 기타,안전거리미확보,건조,맑음,단일로 - 기타,승용,남,41세,상해없음,승용,남,64세,경상
2023122800100055,2023년 12월 28일 07시,목요일,전라북도 군산시 미룡동,경상사고,0,0,1,0,차대차 - 추돌,안전거리미확보,건조,흐림,단일로 - 기타,건설기계,남,55세,상해없음,화물,남,65세,경상
2023122800100152,2023년 12월 28일 10시,목요일,전라북도 순창군 쌍치면,경상사고,0,0,1,1,차대차 - 측면충돌,중앙선침범,건조,맑음,교차로 - 교차로안,승용,여,57세,부상신고,승용,여,73세,경상
2023122800100234,2023년 12월 28일 13시,목요일,전라북도 완주군 용진읍,중상사고,0,1,1,0,차대차 - 측면충돌,중앙선침범,건조,맑음,단일로 - 기타,승용,남,36세,상해없음,승용,남,32세,경상
2023122800100266,2023년 12월 28일 14시,목요일,전라북도 군산시 나운동,중상사고,0,1,1,0,차대차 - 측면충돌,안전운전불이행,건조,맑음,교차로 - 교차로안,승용,남,75세,상해없음,승용,남,35세,경상
2023122800100267,2023년 12월 28일 14시,목요일,전라북도 고창군 고창읍,중상사고,0,1,1,0,차대차 - 측면충돌,교차로운행방법위반,건조,맑음,교차로 - 교차로안,승용,남,44세,상해없음,화물,남,75세,중상
2023122800100294,2023년 12월 28일 15시,목요일,전라북도 익산시 동산동,경상사고,0,0,1,0,차대차 - 측면충돌,안전운전불이행,건조,맑음,단일로 - 기타,승용,남,45세,상해없음,승용,여,60세,경상
2023122800100330,2023년 12월 28일 16시,목요일,전라북도 전주시 덕진구 중동,경상사고,0,0,1,0,차대차 - 기타,신호위반,건조,맑음,교차로 - 교차로횡단보도내,승용,남,49세,상해없음,자전거,남,15세,경상
2023122800100377,2023년 12월 28일 17시,목요일,전라북도 무주군 설천면,경상사고,0,0,1,1,차대차 - 기타,직진우회전진행방해,건조,맑음,교차로 - 교차로안,승용,남,61세,상해없음,이륜,남,62세,경상
2023122800100427,2023년 12월 28일 18시,목요일,전라북도 군산시 구암동,경상사고,0,0,1,0,차대차 - 추돌,안전거리미확보,건조,맑음,단일로 - 지하차도(도로)내,승용,남,70세,상해없음,승용,남,24세,경상
2023122800100574,2023년 12월 28일 23시,목요일,전라북도 전주시 완산구 서신동,경상사고,0,0,1,0,차대차 - 추돌,안전운전불이행,건조,맑음,교차로 - 교차로부근,승용,남,57세,상해없음,이륜,남,57세,경상
2023122800100575,2023년 12월 28일 23시,목요일,전라북도 김제시 용지면,경상사고,0,0,1,0,차대차 - 추돌,안전운전불이행,건조,맑음,교차로 - 교차로부근,승용,남,59세,상해없음,승용,남,47세,경상
2023122900100005,2023년 12월 29일 00시,금요일,전라북도 익산시 영등동,경상사고,0,0,2,0,차대차 - 측면충돌,신호위반,건조,맑음,교차로 - 교차로안,승용,남,27세,상해없음,승용,남,23세,경상
2023122900100030,2023년 12월 29일 02시,금요일,전라북도 익산시 영등동,경상사고,0,0,1,0,차대차 - 측면충돌,안전운전불이행,건조,맑음,단일로 - 기타,승용,남,21세,상해없음,이륜,남,45세,경상
2023122900100050,2023년 12월 29일 05시,금요일,전라북도 군산시 수송동,중상사고,0,1,0,0,차대사람 - 횡단중,안전운전불이행,건조,맑음,단일로 - 지하차도(도로)내,승용,남,41세,상해없음,보행자,남,68세,중상
2023122900100071,2023년 12월 29일 07시,금요일,전라북도 전주시 덕진구 덕진동2가,경상사고,0,0,1,0,차대사람 - 기타,안전운전불이행,건조,맑음,기타 - 기타,화물,여,39세,상해없음,보행자,여,79세,경상
2023122900100199,2023년 12월 29일 11시,금요일,전라북도 익산시 용안면,경상사고,0,0,1,0,차대사람 - 기타,안전운전불이행,건조,맑음,단일로 - 기타,화물,남,67세,상해없음,보행자,여,82세,경상
2023122900100316,2023년 12월 29일 14시,금요일,전라북도 익산시 신동,중상사고,0,1,0,0,차대사람 - 길가장자리구역통행중,보행자보호의무위반,건조,맑음,단일로 - 기타,승용,여,46세,상해없음,보행자,여,14세,중상
2023122900100317,2023년 12월 29일 14시,금요일,전라북도 완주군 용진읍,경상사고,0,0,1,0,차대차 - 측면충돌,신호위반,건조,맑음,교차로 - 교차로안,승용,여,48세,상해없음,승합,남,56세,경상
2023122900100358,2023년 12월 29일 15시,금요일,전라북도 군산시 수송동,중상사고,0,1,0,0,차대사람 - 기타,안전운전불이행,건조,맑음,단일로 - 기타,승용,여,68세,상해없음,보행자,여,49세,중상
2023122900100359,2023년 12월 29일 15시,금요일,전라북도 완주군 이서면,중상사고,0,1,0,0,차대사람 - 기타,안전운전불이행,건조,맑음,기타 - 기타,화물,남,41세,상해없음,보행자,남,78세,중상
2023122900100444,2023년 12월 29일 17시,금요일,전라북도 전주시 완산구 서신동,중상사고,0,1,0,0,차대차 - 기타,신호위반,건조,맑음,교차로 - 교차로안,승용,남,52세,상해없음,이륜,남,38세,중상
2023122900100445,2023년 12월 29일 17시,금요일,전라북도 전주시 덕진구 덕진동2가,중상사고,0,1,0,0,차대차 - 측면충돌,직진우회전진행방해,건조,맑음,교차로 - 교차로횡단보도내,자전거,남,60세,중상,승용,여,34세,상해없음
2023122900100446,2023년 12월 29일 17시,금요일,전라북도 군산시 나운동,경상사고,0,0,2,0,차대차 - 측면충돌,안전운전불이행,건조,맑음,교차로 - 교차로안,화물,남,72세,상해없음,승용,남,48세,경상
2023122900100510,2023년 12월 29일 18시,금요일,전라북도 군산시 조촌동,중상사고,0,1,1,0,차대사람 - 횡단중,보행자보호의무위반,건조,맑음,단일로 - 기타,이륜,남,48세,경상,보행자,여,77세,중상
2023122900100511,2023년 12월 29일 18시,금요일,전라북도 익산시 동산동,경상사고,0,0,3,0,차대차 - 추돌,안전운전불이행,건조,맑음,교차로 - 교차로부근,화물,남,38세,상해없음,승용,여,32세,경상
2023122900100565,2023년 12월 29일 19시,금요일,전라북도 완주군 이서면,경상사고,0,0,2,0,차대차 - 기타,불법유턴,건조,흐림,단일로 - 기타,승용,남,30세,경상,승용,남,37세,경상
2023122900100609,2023년 12월 29일 20시,금요일,전라북도 익산시 오산면,경상사고,0,0,2,0,차대차 - 측면충돌,안전운전불이행,건조,맑음,단일로 - 기타,승용,남,62세,상해없음,승용,남,21세,경상
2023122900100610,2023년 12월 29일 20시,금요일,전라북도 익산시 부송동,중상사고,0,1,0,0,차대차 - 측면충돌,안전운전불이행,건조,맑음,교차로 - 교차로안,승용,남,51세,상해없음,원동기,여,36세,중상
2023123000100057,2023년 12월 30일 05시,토요일,전라북도 완주군 구이면,경상사고,0,0,3,0,차대차 - 기타,중앙선침범,건조,흐림,교차로 - 교차로안,승용,남,40세,상해없음,승용,여,23세,경상
2023123000100063,2023년 12월 30일 06시,토요일,전라북도 익산시 모현동2가,중상사고,0,1,0,0,차대사람 - 횡단중,안전운전불이행,건조,맑음,교차로 - 교차로횡단보도내,화물,남,30세,상해없음,보행자,남,77세,중상
2023123000100092,2023년 12월 30일 09시,토요일,전라북도 전주시 덕진구 덕진동2가,경상사고,0,0,1,0,차대차 - 측면충돌,안전운전불이행,건조,맑음,교차로 - 교차로부근,승용,남,63세,상해없음,승합,남,52세,경상
2023123000100093,2023년 12월 30일 09시,토요일,전라북도 정읍시 북면,경상사고,0,0,1,0,차대차 - 기타,안전운전불이행,건조,맑음,교차로 - 교차로안,이륜,남,65세,경상,승용,남,44세,상해없음
2023123000100094,2023년 12월 30일 09시,토요일,전라북도 무주군 설천면,경상사고,0,0,3,0,차대차 - 추돌,안전운전불이행,건조,맑음,단일로 - 기타,승용,남,42세,상해없음,승용,남,27세,경상
2023123000100117,2023년 12월 30일 10시,토요일,전라북도 전주시 완산구 서신동,중상사고,0,1,0,0,차대사람 - 횡단중,안전운전불이행,건조,맑음,교차로 - 교차로횡단보도내,승용,남,37세,상해없음,보행자,남,71세,중상
2023123000100118,2023년 12월 30일 10시,토요일,전라북도 정읍시 수성동,경상사고,0,0,2,0,차대차 - 측면충돌,직진우회전진행방해,건조,흐림,교차로 - 교차로안,승용,남,73세,경상,승용,여,33세,경상
2023123000100157,2023년 12월 30일 11시,토요일,전라북도 전주시 덕진구 팔복동1가,경상사고,0,0,1,0,차대차 - 측면충돌,신호위반,건조,맑음,교차로 - 교차로안,승용,여,32세,상해없음,화물,남,54세,경상
2023123000100305,2023년 12월 30일 15시,토요일,전라북도 군산시 소룡동,부상신고사고,0,0,0,1,차량단독 - 공작물충돌,안전운전불이행,젖음/습기,비,단일로 - 기타,승합,남,52세,부상신고,,,,
2023123000100331,2023년 12월 30일 16시,토요일,전라북도 군산시 사정동,경상사고,0,0,2,0,차대차 - 측면충돌,불법유턴,젖음/습기,비,교차로 - 교차로안,승용,남,43세,상해없음,승용,남,35세,경상
2023123000100412,2023년 12월 30일 19시,토요일,전라북도 전주시 덕진구 팔복동2가,경상사고,0,0,1,0,차대차 - 측면충돌,신호위반,젖음/습기,비,교차로 - 교차로안,화물,남,58세,상해없음,승용,남,34세,경상
2023123000100413,2023년 12월 30일 19시,토요일,전라북도 남원시 주천면,중상사고,0,2,2,0,차대차 - 측면충돌,안전운전불이행,건조,맑음,단일로 - 기타,승용,남,68세,상해없음,승합,남,53세,경상
2023123100100007,2023년 12월 31일 00시,일요일,전라북도 전주시 덕진구 전미동1가,경상사고,0,0,1,0,차대차 - 추돌,안전운전불이행,건조,맑음,단일로 - 기타,승용,남,31세,상해없음,개인형이동수단(PM),남,48세,경상
2023123100100011,2023년 12월 31일 01시,일요일,전라북도 전주시 완산구 상림동,경상사고,0,0,1,0,차대차 - 측면충돌,안전운전불이행,젖음/습기,비,교차로 - 교차로안,승용,남,24세,상해없음,승용,여,40세,경상
2023123100100027,2023년 12월 31일 04시,일요일,전라북도 익산시 춘포면,경상사고,0,0,1,0,차대차 - 추돌,안전운전불이행,젖음/습기,비,단일로 - 기타,승용,남,22세,상해없음,승용,남,65세,경상
2023123100100056,2023년 12월 31일 09시,일요일,전라북도 군산시 미장동,경상사고,0,0,1,0,차대차 - 기타,안전운전불이행,젖음/습기,흐림,단일로 - 기타,승용,여,45세,상해없음,승용,여,40세,경상
2023123100100079,2023년 12월 31일 11시,일요일,전라북도 전주시 완산구 중노송동,경상사고,0,0,1,0,차대차 - 측면충돌,안전운전불이행,젖음/습기,흐림,교차로 - 교차로횡단보도내,화물,남,48세,상해없음,승용,여,41세,경상
2023123100100080,2023년 12월 31일 11시,일요일,전라북도 전주시 완산구 삼천동1가,경상사고,0,0,1,0,차대차 - 정면충돌,신호위반,건조,맑음,교차로 - 교차로안,이륜,남,43세,상해없음,승용,여,51세,경상
2023123100100081,2023년 12월 31일 11시,일요일,전라북도 전주시 완산구 서노송동,중상사고,0,1,0,0,차량단독 - 기타,기타,건조,맑음,단일로 - 기타,승합,남,61세,상해없음,,,,
2023123100100157,2023년 12월 31일 14시,일요일,전라북도 순창군 적성면,경상사고,0,0,1,0,차대차 - 측면충돌,안전운전불이행,젖음/습기,맑음,교차로 - 교차로안,화물,남,60세,상해없음,화물,남,46세,경상
2023123100100216,2023년 12월 31일 17시,일요일,전라북도 정읍시 구룡동,중상사고,0,1,1,0,차대차 - 측면충돌,교차로운행방법위반,건조,맑음,교차로 - 교차로안,승용,여,45세,경상,승용,남,80세,중상
2023123100100243,2023년 12월 31일 18시,일요일,전라북도 군산시 미장동,경상사고,0,0,1,0,차대차 - 기타,신호위반,건조,맑음,교차로 - 교차로부근,승용,남,62세,상해없음,승용,여,54세,경상
2023123100100244,2023년 12월 31일 18시,일요일,전라북도 익산시 모현동1가,경상사고,0,0,4,0,차대차 - 측면충돌,중앙선침범,건조,맑음,단일로 - 기타,승용,남,62세,상해없음,승용,남,46세,경상
2023123100100262,2023년 12월 31일 19시,일요일,전라북도 전주시 완산구 효자동3가,경상사고,0,0,2,0,차대차 - 기타,안전운전불이행,건조,맑음,교차로 - 교차로안,승용,남,71세,상해없음,승용,여,34세,상해없음
2023123100100281,2023년 12월 31일 20시,일요일,전라북도 정읍시 수성동,경상사고,0,0,2,0,차대차 - 기타,중앙선침범,건조,맑음,교차로 - 교차로부근,승용,남,18세,상해없음,승용,남,23세,경상
2023123100100303,2023년 12월 31일 21시,일요일,전라북도 전주시 완산구 효자동1가,경상사고,0,0,1,0,차대사람 - 차도통행중,안전운전불이행,건조,맑음,교차로 - 교차로안,승용,남,52세,상해없음,보행자,여,74세,경상